8550	46498278	668529
8550	46498279	31
8550	46498280	2623
8550	46498281	22
8550	46498282	12039
8550	46498283	15
8550	46498284	82
8550	46498285	6
8550	46498286	3
8550	46498287	6724
8550	46498288	6
8550	46498289	4264
8550	46498290	231365
8550	46498291	1
8550	46498292	20
8550	46498293	3
8550	46498294	135817
8550	46498295	6
8550	46498296	979
8550	46498297	1645
8550	46498298	10242
8550	46498299	2
8550	46498300	53192
8550	46498301	33723
8550	46498302	2
8550	46498303	4086
8550	46498304	3707
8550	46498305	43925
8550	46498306	116
8550	46498307	21277
8550	46498308	3707
8550	46498309	72199
8550	46498310	6587
8550	46498311	6245
8550	46498312	12864
8550	46498313	265726
8550	46498314	5525
8550	46498315	456365
8550	46498316	47414
8550	46498317	72616
8550	46498318	468136
8550	46498319	47868
8550	46498320	3646
8550	46498321	20336
8550	46498322	162
8550	46498323	366637
8550	46498324	4741
8550	46498325	3678
8550	46498326	23354
8550	46498327	5241
8550	46498328	8411
8550	46498329	1
8550	46498330	10081
8550	46498331	1
8550	46498332	24575
8550	46498333	1
8550	46498334	2833
8550	46498335	1
8550	46498336	2164
8550	46498337	2
8550	46498338	2731
8550	46498339	88
8550	46498340	32
8550	46498341	3
8550	46498342	3008
8550	46498343	6
8550	46498344	5903
8550	46498345	1569811
8550	46498346	11
8550	46498347	344021
8550	46498348	1
8550	46498349	654
8550	46498350	3
8550	46498351	29304
8550	46498352	3216
8550	46498353	2
8550	46498354	2713
8550	46498355	60
8550	46498356	5585
8550	46498357	545
8550	46498358	2
8550	46498359	10925
8550	46498360	5498
8550	46498361	18922
8550	46498362	1318
8550	46498363	2731
8550	46498364	5596
8550	46498365	60
8550	46498366	7
8550	46498367	1508
8550	46498368	1136
8550	46498369	2
8550	46498370	6245
8550	46498371	2
8550	46498372	6245
8550	46498373	78
8550	46498374	3127
8550	46498375	79
8550	46498376	559
8550	46498377	711
8550	46498378	1
8550	46498379	147374
8550	46498380	2
8550	46498381	69737
8550	46498382	2
8550	46498383	99935
8550	46498384	78
8550	46498385	21249
8550	46498386	79
8550	46498387	493
8550	46498388	8
8550	46498389	446
8550	46498390	1
8550	46498391	23901
8550	46498392	1
8550	46498393	236
8550	46498394	1507
8550	46498395	47
8550	46498396	3
8550	46498397	35602
8550	46498398	80
8550	46498399	3903
8550	46498400	34
8550	46498401	2
8550	46498402	78
8550	46498403	69737
8550	46498404	1512
8550	46498405	1
8550	46498406	5309
8550	46498407	7
8550	46498408	465
8550	46498409	35872
8550	46498410	26
8550	46498411	12
8550	46498412	2501
8550	46498413	32
8550	46498414	3
8550	46498415	3330
8550	46498416	1
8550	46498417	283
8550	46498418	13561
8550	46498419	430
8550	46498420	2
8550	46498421	79
8550	46498422	926
8550	46498423	14532
8550	46498424	229
8550	46498425	1
8550	46498426	339
8550	46498427	19
8550	46498428	10480
8550	46498429	2
8550	46498430	6245
8550	46498431	2879
8550	46498432	2
8550	46498433	44805
8550	46498434	2
8550	46498435	99935
8550	46498436	78
8550	46498437	5227
8550	46498438	16
8550	46498439	35872
8550	46498440	239
8550	46498441	7
8550	46498442	760
8550	46498443	1
8550	46498444	5
8550	46498445	530
8550	46498446	16
8550	46498447	807
8550	46498448	108
8550	46498449	14
8550	46498450	79
8550	46498451	248
8550	46498452	1
8550	46498453	84
8550	46498454	1
8550	46498455	339
8550	46498456	1
8550	46498457	54
8550	46498458	153
8550	46498459	1173
8550	46498460	2517
8550	46498461	171
8550	46498462	62
8550	46498463	114
8550	46498464	2421
8550	46498465	9
8550	46498466	10078
8550	46498467	107799
8550	46498468	107799
8550	46498469	107799
8550	46498470	107799
8550	46498471	107799
8550	46498472	107799
8550	46498473	107799
8550	46498474	107799
8550	46498475	107799
8550	46498476	107799
8550	46498477	6245
8550	46498478	201
8550	46498479	22
8550	46498480	7
8550	46498481	1009
8550	46498482	3318
8550	46498483	23
8550	46498484	44805
8550	46498485	2
8550	46498486	133199
8550	46498487	71
8550	46498488	243
8550	46498489	191
8550	46498490	23
8550	46498491	10480
8550	46498492	2
8550	46498493	6245
8550	46498494	467223
8550	46498495	5
8550	46498496	13398
8550	46498497	2
8550	46498498	44805
8550	46498499	2
8550	46498500	99935
8550	46498501	21792
8550	46498502	2
8550	46498503	78
8550	46498504	8941
8550	46498505	1
8550	46498506	5
8550	46498507	414
8550	46498508	485
8550	46498509	79
8550	46498510	31
8550	46498511	1117
8550	46498512	6
8550	46498513	114
8550	46498514	47982
8550	46498515	80
8550	46498516	30
8550	46498517	1350
8550	46498518	3
8550	46498519	4636
8550	46498520	1
8550	46498521	339
8550	46498522	26
8550	46498523	5
8550	46498524	1
8550	46498525	104
8550	46498526	194
8550	46498527	8
8550	46498528	20751
8550	46498529	40
8550	46498530	43
8550	46498531	21008
8550	46498532	1
8550	46498533	8
8550	46498534	541
8550	46498535	9
8550	46498536	63
8550	46498537	14
8550	46498538	2044
8550	46498539	1145
8550	46498540	98
8550	46498541	1
8550	46498542	20
8550	46498543	3
8550	46498544	4642
8550	46498545	6
8550	46498546	64
8550	46498547	67884
8550	46498548	73
8550	46498549	3364
8550	46498550	9412
8550	46498551	92
8550	46498552	28952
8550	46498553	314
8550	46498554	1034
8550	46498555	2
8550	46498556	10480
8550	46498557	2
8550	46498558	6245
8550	46498559	67
8550	46498560	196
8550	46498561	80
8550	46498562	13
8550	46498563	1580
8550	46498564	114
8550	46498565	240
8550	46498566	3318
8550	46498567	1
8550	46498568	31048
8550	46498569	19
8550	46498570	44805
8550	46498571	2
8550	46498572	133199
8550	46498573	20470
8550	46498574	1
8550	46498575	339
8550	46498576	1
8550	46498577	16592
8550	46498578	131
8550	46498579	1580
8550	46498580	20
8550	46498581	578
8550	46498582	2
8550	46498583	8
8550	46498584	223
8550	46498585	952
8550	46498586	9395
8550	46498587	1
8550	46498588	25
8550	46498589	69
8550	46498590	9091
8550	46498591	1
8550	46498592	1173
8550	46498593	3516
8550	46498594	1
8550	46498595	354
8550	46498596	14384
8550	46498597	332
8550	46498598	7
8550	46498599	197
8550	46498600	1
8550	46498601	357
8550	46498602	18328
8550	46498603	49
8550	46498604	40
8550	46498605	445
8550	46498606	15
8550	46498607	445
8550	46498608	1
8550	46498609	4247
8550	46498610	1636
8550	46498611	32
8550	46498612	7
8550	46498613	568
8550	46498614	818
8550	46498615	6
8550	46498616	7
8550	46498617	1030
8550	46498618	1
8550	46498619	228
8550	46498620	69
8550	46498621	2087
8550	46498622	26297
8550	46498623	18
8550	46498624	3789
8550	46498625	13
8550	46498626	135
8550	46498627	299
8550	46498628	49
8550	46498629	2
8550	46498630	10480
8550	46498631	2
8550	46498632	6245
8550	46498633	75
8550	46498634	658
8550	46498635	8
8550	46498636	2734
8550	46498637	143
8550	46498638	9
8550	46498639	30
8550	46498640	128
8550	46498641	34327
8550	46498642	2
8550	46498643	44805
8550	46498644	2
8550	46498645	133199
8550	46498646	205
8550	46498647	1
8550	46498648	339
8550	46498649	26
8550	46498650	38
8550	46498651	228
8550	46498652	13
8550	46498653	2191
8550	46498654	86
8550	46498655	87
8550	46498656	11
8550	46498657	3366
8550	46498658	6006
8550	46498659	11
8550	46498660	3
8550	46498661	4550
8550	46498662	6
8550	46498663	7
8550	46498664	141
8550	46498665	18238
8550	46498666	19915
8550	46498667	6
8550	46498668	107799
8550	46498669	107799
8550	46498670	107799
8550	46498671	107799
8550	46498672	107799
8550	46498673	107799
8550	46498674	107799
8550	46498675	107799
8550	46498676	107799
8550	46498677	107799
8550	46498678	9
8550	46498679	200426
8550	46498680	15
8550	46498681	7
8550	46498682	6161
8550	46498683	52772
8550	46498684	2
8550	46498685	8
8550	46498686	223
8550	46498687	84
8550	46498688	1690
8550	46498689	730
8550	46498690	1
8550	46498691	196
8550	46498692	16
8550	46498693	5796
8550	46498694	2311
8550	46498695	69
8550	46498696	35065
8550	46498697	4090
8550	46498698	9
8550	46498699	933
8550	46498700	154
8550	46498701	17
8550	46498702	16
8550	46498703	2247
8550	46498704	85
8550	46498705	20
8550	46498706	51
8550	46498707	12
8550	46498708	76834
8550	46498709	66303
8550	46498710	69
8550	46498711	5881
8550	46498712	1
8550	46498713	5
8550	46498714	69
8550	46498715	3097
8550	46498716	1823
8550	46498717	1
8550	46498718	9
8550	46498719	30
8550	46498720	94995
8550	46498721	1182
8550	46498722	26
8550	46498723	20
8550	46498724	3
8550	46498725	4828
8550	46498726	6
8550	46498727	114
8550	46498728	2632
8550	46498729	1
8550	46498730	5
8550	46498731	3
8550	46498732	36226
8550	46498733	6
8550	46498734	3
8550	46498735	2200
8550	46498736	77869
8550	46498737	2
8550	46498738	10480
8550	46498739	2
8550	46498740	6245
8550	46498741	8140
8550	46498742	1
8550	46498743	363
8550	46498744	13759
8550	46498745	23
8550	46498746	15508
8550	46498747	8
8550	46498748	172
8550	46498749	6560
8550	46498750	502
8550	46498751	4147
8550	46498752	20
8550	46498753	3
8550	46498754	18473
8550	46498755	3479
8550	46498756	23
8550	46498757	44805
8550	46498758	2
8550	46498759	69737
8550	46498760	268
8550	46498761	1
8550	46498762	11
8550	46498763	35
8550	46498764	1430
8550	46498765	1
8550	46498766	339
8550	46498767	1
8550	46498768	104
8550	46498769	8
8550	46498770	14268
8550	46498771	1092
8550	46498772	1
8550	46498773	121
8550	46498774	10
8550	46498775	180905
8550	46498776	141
8550	46498777	3479
8550	46498778	11
8550	46498779	3
8550	46498780	585
8550	46498781	2
8550	46498782	8
8550	46498783	143
8550	46498784	139
8550	46498785	1
8550	46498786	148
8550	46498787	1
8550	46498788	32
8550	46498789	3
8550	46498790	204
8550	46498791	523
8550	46498792	8
8550	46498793	2761
8550	46498794	9
8550	46498795	9928
8550	46498796	62
8550	46498797	11
8550	46498798	7
8550	46498799	5517
8550	46498800	1
8550	46498801	93
8550	46498802	7
8550	46498803	4529
8550	46498804	6
8550	46498805	44721
8550	46498806	1
8550	46498807	83
8550	46498808	55
8550	46498809	2759
8550	46498810	93
8550	46498811	7
8550	46498812	3114
8550	46498813	6
8550	46498814	11270
8550	46498815	1
8550	46498816	83
8550	46498817	55
8550	46498818	172
8550	46498819	433
8550	46498820	93
8550	46498821	7
8550	46498822	23261
8550	46498823	6
8550	46498824	3747
8550	46498825	1
8550	46498826	83
8550	46498827	55
8550	46498828	1
8550	46498829	588
8550	46498830	1
8550	46498831	727
8550	46498832	6
8550	46498833	64
8550	46498834	944
8550	46498835	7
8550	46498836	83
8550	46498837	10480
8550	46498838	2
8550	46498839	6245
8550	46498840	8140
8550	46498841	1
8550	46498842	3
8550	46498843	1776
8550	46498844	570
8550	46498845	437
8550	46498846	163018
8550	46498847	2
8550	46498848	44805
8550	46498849	2
8550	46498850	69737
8550	46498851	341
8550	46498852	64
8550	46498853	35
8550	46498854	211
8550	46498855	1
8550	46498856	339
8550	46498857	26
8550	46498858	5
8550	46498859	3
8550	46498860	52772
8550	46498861	48
8550	46498862	447
8550	46498863	1
8550	46498864	104
8550	46498865	13
8550	46498866	70
8550	46498867	86
8550	46498868	6237
8550	46498869	107799
8550	46498870	107799
8550	46498871	107799
8550	46498872	107799
8550	46498873	107799
8550	46498874	107799
8550	46498875	107799
8550	46498876	107799
8550	46498877	107799
8550	46498878	107799
8550	46498879	62
8550	46498880	7
8550	46498881	9872
8550	46498882	6
8550	46498883	11486
8550	46498884	26
8550	46498885	5
8550	46498886	1
8550	46498887	11
8550	46498888	7
8550	46498889	230340
8550	46498890	1
8550	46498891	54
8550	46498892	59
8550	46498893	12245
8550	46498894	1
8550	46498895	5
8550	46498896	5102
8550	46498897	11
8550	46498898	7
8550	46498899	11014
8550	46498900	2
8550	46498901	16045
8550	46498902	54
8550	46498903	365
8550	46498904	1
8550	46498905	93
8550	46498906	7
8550	46498907	593
8550	46498908	7890
8550	46498909	1
8550	46498910	5
8550	46498911	59
8550	46498912	78258
8550	46498913	12760
8550	46498914	64
8550	46498915	174
8550	46498916	2
8550	46498917	3212
8550	46498918	51084
8550	46498919	1
8550	46498920	3
8550	46498921	11014
8550	46498922	415
8550	46498923	2501
8550	46498924	2
8550	46498925	109
8550	46498926	329
8550	46498927	19
8550	46498928	305
8550	46498929	69
8550	46498930	9091
8550	46498931	2
8550	46498932	60
8550	46498933	8
8550	46498934	15708
8550	46498935	72
8550	46498936	35
8550	46498937	161
8550	46498938	1
8550	46498939	15
8550	46498940	3
8550	46498941	7235
8550	46498942	6
8550	46498943	35
8550	46498944	919
8550	46498945	1
8550	46498946	5
8550	46498947	6560
8550	46498948	247
8550	46498949	1080
8550	46498950	1
8550	46498951	1080
8550	46498952	170
8550	46498953	797
8550	46498954	23
8550	46498955	83
8550	46498956	31
8550	46498957	7012
8550	46498958	59
8550	46498959	2750
8550	46498960	26
8550	46498961	3
8550	46498962	881
8550	46498963	59
8550	46498964	287
8550	46498965	1
8550	46498966	5
8550	46498967	191
8550	46498968	59
8550	46498969	3
8550	46498970	11486
8550	46498971	26
8550	46498972	5
8550	46498973	1073
8550	46498974	1844
8550	46498975	35
8550	46498976	1026
8550	46498977	5
8550	46498978	6685
8550	46498979	247
8550	46498980	10480
8550	46498981	2
8550	46498982	6245
8550	46498983	67
8550	46498984	7
8550	46498985	321
8550	46498986	11995
8550	46498987	863
8550	46498988	54
8550	46498989	9548
8550	46498990	2
8550	46498991	44805
8550	46498992	2
8550	46498993	69737
8550	46498994	118720
8550	46498995	15298
8550	46498996	2
8550	46498997	67
8550	46498998	1
8550	46498999	47
8550	46499000	13
8550	46499001	13353
8550	46499002	1
8550	46499003	339
8550	46499004	1
8550	46499005	14
8550	46499006	10
8550	46499007	12528
8550	46499008	13415
8550	46499009	9
8550	46499010	2487
8550	46499011	1
8550	46499012	561356
8550	46499013	1
8550	46499014	17
8550	46499015	7
8550	46499016	24831
8550	46499017	4415
8550	46499018	5
8550	46499019	12297
8550	46499020	1
8550	46499021	3
8550	46499022	403
8550	46499023	174
8550	46499024	1
8550	46499025	210
8550	46499026	1153
8550	46499027	55
8550	46499028	1391
8550	46499029	2
8550	46499030	52
8550	46499031	198
8550	46499032	1
8550	46499033	7516
8550	46499034	1
8550	46499035	30
8550	46499036	3071
8550	46499037	23304
8550	46499038	15
8550	46499039	13
8550	46499040	1
8550	46499041	9
8550	46499042	7691
8550	46499043	64
8550	46499044	138
8550	46499045	11
8550	46499046	7
8550	46499047	6388
8550	46499048	1
8550	46499049	210
8550	46499050	1362
8550	46499051	26
8550	46499052	5
8550	46499053	1
8550	46499054	636
8550	46499055	64
8550	46499056	1
8550	46499057	14
8550	46499058	131
8550	46499059	1729
8550	46499060	1939
8550	46499061	71328
8550	46499062	1
8550	46499063	11
8550	46499064	3
8550	46499065	372
8550	46499066	1
8550	46499067	9
8550	46499068	30
8550	46499069	23148
8550	46499070	107799
8550	46499071	107799
8550	46499072	107799
8550	46499073	107799
8550	46499074	107799
8550	46499075	107799
8550	46499076	107799
8550	46499077	107799
8550	46499078	107799
8550	46499079	107799
8550	46499080	63
8550	46499081	114
8550	46499082	10366
8550	46499083	12052
8550	46499084	1
8550	46499085	40
8550	46499086	990
8550	46499087	15
8550	46499088	990
8550	46499089	1
8550	46499090	45
8550	46499091	187
8550	46499092	18310
8550	46499093	1379
8550	46499094	1
8550	46499095	3
8550	46499096	50360
8550	46499097	2
8550	46499098	10480
8550	46499099	2
8550	46499100	6245
8550	46499101	1629
8550	46499102	957
8550	46499103	7
8550	46499104	6480
8550	46499105	4677
8550	46499106	1
8550	46499107	147374
8550	46499108	2
8550	46499109	44805
8550	46499110	2
8550	46499111	69737
8550	46499112	8
8550	46499113	709
8550	46499114	8
8550	46499115	157
8550	46499116	1
8550	46499117	339
8550	46499118	1
8550	46499119	81
8550	46499120	5
8550	46499121	84
8550	46499122	2
8550	46499123	8
8550	46499124	70
8550	46499125	35
8550	46499126	1035
8550	46499127	45219
8550	46499128	1
8550	46499129	93
8550	46499130	35
8550	46499131	32134
8550	46499132	2
8550	46499133	10480
8550	46499134	2
8550	46499135	6245
8550	46499136	75
8550	46499137	1
8550	46499138	31048
8550	46499139	1
8550	46499140	65
8550	46499141	12747
8550	46499142	20
8550	46499143	937
8550	46499144	91
8550	46499145	13
8550	46499146	63
8550	46499147	81
8550	46499148	19
8550	46499149	127
8550	46499150	59
8550	46499151	1246
8550	46499152	26
8550	46499153	5
8550	46499154	70
8550	46499155	3
8550	46499156	234
8550	46499157	2044
8550	46499158	427
8550	46499159	117
8550	46499160	2
8550	46499161	44805
8550	46499162	2
8550	46499163	69737
8550	46499164	331
8550	46499165	120
8550	46499166	1927
8550	46499167	1
8550	46499168	8
8550	46499169	31635
8550	46499170	1
8550	46499171	339
8550	46499172	2
8550	46499173	6932
8550	46499174	117
8550	46499175	23
8550	46499176	8
8550	46499177	135
8550	46499178	364
8550	46499179	9
8550	46499180	132
8550	46499181	11
8550	46499182	51
8550	46499183	969
8550	46499184	14
8550	46499185	3937
8550	46499186	26
8550	46499187	8
8550	46499188	95
8550	46499189	5816
8550	46499190	69
8550	46499191	9091
8550	46499192	9
8550	46499193	7011
8550	46499194	72
8550	46499195	7
8550	46499196	986
8550	46499197	15
8550	46499198	14
8550	46499199	2
8550	46499200	974
8550	46499201	1
8550	46499202	339
8550	46499203	1
8550	46499204	60
8550	46499205	33
8550	46499206	188
8550	46499207	249
8550	46499208	27652
8550	46499209	26
8550	46499210	203
8550	46499211	2935
8550	46499212	27652
8550	46499213	2
8550	46499214	201
8550	46499215	675
8550	46499216	1877
8550	46499217	3
8550	46499218	17419
8550	46499219	1
8550	46499220	339
8550	46499221	60
8550	46499222	284050
8550	46499223	32
8550	46499224	7
8550	46499225	197
8550	46499226	1
8550	46499227	5
8550	46499228	2431
8550	46499229	7
8550	46499230	66279
8550	46499231	60
8550	46499232	10480
8550	46499233	2
8550	46499234	6245
8550	46499235	5410
8550	46499236	1
8550	46499237	31048
8550	46499238	26
8550	46499239	6497
8550	46499240	24
8550	46499241	1
8550	46499242	17
8550	46499243	21587
8550	46499244	1283
8550	46499245	1
8550	46499246	50705
8550	46499247	6858
8550	46499248	239
8550	46499249	3
8550	46499250	1419
8550	46499251	1
8550	46499252	16373
8550	46499253	1
8550	46499254	1069
8550	46499255	1
8550	46499256	64917
8550	46499257	2272
8550	46499258	2
8550	46499259	44805
8550	46499260	2
8550	46499261	133199
8550	46499262	44123
8550	46499263	1
8550	46499264	339
8550	46499265	1
8550	46499266	69
8550	46499267	31423
8550	46499268	59
8550	46499269	17205
8550	46499270	93
8550	46499271	107799
8550	46499272	107799
8550	46499273	107799
8550	46499274	107799
8550	46499275	107799
8550	46499276	107799
8550	46499277	107799
8550	46499278	107799
8550	46499279	107799
8550	46499280	107799
8550	46499281	334
8550	46499282	85
8550	46499283	38
8550	46499284	229
8550	46499285	1
8550	46499286	151
8550	46499287	1
8550	46499288	42
8550	46499289	637
8550	46499290	38
8550	46499291	7
8550	46499292	1922
8550	46499293	14428
8550	46499294	2
8550	46499295	10480
8550	46499296	2
8550	46499297	6245
8550	46499298	8140
8550	46499299	197
8550	46499300	23
8550	46499301	14061
8550	46499302	6
8550	46499303	64
8550	46499304	35
8550	46499305	4179
8550	46499306	23
8550	46499307	44805
8550	46499308	2
8550	46499309	69737
8550	46499310	21440
8550	46499311	6
8550	46499312	64
8550	46499313	35
8550	46499314	23546
8550	46499315	23
8550	46499316	10480
8550	46499317	2
8550	46499318	6245
8550	46499319	2440
8550	46499320	633
8550	46499321	112
8550	46499322	198
8550	46499323	588
8550	46499324	20312
8550	46499325	83
8550	46499326	44805
8550	46499327	2
8550	46499328	69737
8550	46499329	67
8550	46499330	137
8550	46499331	588
8550	46499332	198
8550	46499333	437
8550	46499334	269
8550	46499335	5390
8550	46499336	83
8550	46499337	10480
8550	46499338	2
8550	46499339	6245
8550	46499340	75
8550	46499341	607
8550	46499342	2873
8550	46499343	3
8550	46499344	10023
8550	46499345	6
8550	46499346	437
8550	46499347	14226
8550	46499348	448
8550	46499349	23
8550	46499350	44805
8550	46499351	2
8550	46499352	69737
8550	46499353	699
8550	46499354	437
8550	46499355	226383
8550	46499356	1036
8550	46499357	2
8550	46499358	10480
8550	46499359	2
8550	46499360	6245
8550	46499361	8140
8550	46499362	197
8550	46499363	23
8550	46499364	15
8550	46499365	502
8550	46499366	8
8550	46499367	4364
8550	46499368	64
8550	46499369	35
8550	46499370	6302
8550	46499371	23
8550	46499372	44805
8550	46499373	2
8550	46499374	69737
8550	46499375	67
8550	46499376	8
8550	46499377	1700
8550	46499378	35
8550	46499379	459965
8550	46499380	23
8550	46499381	659
8550	46499382	13
8550	46499383	261
8550	46499384	1
8550	46499385	339
8550	46499386	19
8550	46499387	10480
8550	46499388	2
8550	46499389	6245
8550	46499390	160
8550	46499391	46
8550	46499392	585
8550	46499393	1
8550	46499394	65
8550	46499395	99
8550	46499396	69
8550	46499397	2480
8550	46499398	9
8550	46499399	2531
8550	46499400	19
8550	46499401	44805
8550	46499402	2
8550	46499403	69737
8550	46499404	201
8550	46499405	1
8550	46499406	339
8550	46499407	85
8550	46499408	46
8550	46499409	1
8550	46499410	17
8550	46499411	177
8550	46499412	309
8550	46499413	3689
8550	46499414	15
8550	46499415	187
8550	46499416	435
8550	46499417	29360
8550	46499418	6
8550	46499419	3164
8550	46499420	1
8550	46499421	8
8550	46499422	157
8550	46499423	4916
8550	46499424	9
8550	46499425	132
8550	46499426	288
8550	46499427	1
8550	46499428	122
8550	46499429	214
8550	46499430	497
8550	46499431	1
8550	46499432	13
8550	46499433	232657
8550	46499434	40
8550	46499435	125971
8550	46499436	1
8550	46499437	100
8550	46499438	69
8550	46499439	186
8550	46499440	5286
8550	46499441	20
8550	46499442	13
8550	46499443	42388
8550	46499444	9
8550	46499445	30
8550	46499446	8453
8550	46499447	15
8550	46499448	82
8550	46499449	6
8550	46499450	53
8550	46499451	2
8550	46499452	10480
8550	46499453	2
8550	46499454	6245
8550	46499455	71
8550	46499456	2701
8550	46499457	25
8550	46499458	12
8550	46499459	44
8550	46499460	27
8550	46499461	32209
8550	46499462	166
8550	46499463	9
8550	46499464	5825
8550	46499465	3
8550	46499466	558
8550	46499467	15
8550	46499468	34
8550	46499469	26
8550	46499470	21
8550	46499471	1221
8550	46499472	107799
8550	46499473	107799
8550	46499474	107799
8550	46499475	107799
8550	46499476	107799
8550	46499477	107799
8550	46499478	107799
8550	46499479	107799
8550	46499480	107799
8550	46499481	107799
8550	46499482	24
8550	46499483	15
8550	46499484	35
8550	46499485	1805
8550	46499486	2
8550	46499487	2114
8550	46499488	1
8550	46499489	3
8550	46499490	15687
8550	46499491	110
8550	46499492	773
8550	46499493	296
8550	46499494	34
8550	46499495	120
8550	46499496	4783
8550	46499497	1
8550	46499498	11
8550	46499499	16
8550	46499500	537
8550	46499501	1
8550	46499502	25
8550	46499503	12
8550	46499504	1131
8550	46499505	9
8550	46499506	34991
8550	46499507	35
8550	46499508	28231
8550	46499509	17
8550	46499510	7
8550	46499511	441
8550	46499512	36
8550	46499513	11794
8550	46499514	1
8550	46499515	518
8550	46499516	7
8550	46499517	3824
8550	46499518	20
8550	46499519	35
8550	46499520	5404
8550	46499521	1
8550	46499522	47
8550	46499523	12
8550	46499524	3023
8550	46499525	9
8550	46499526	37792
8550	46499527	35
8550	46499528	83786
8550	46499529	32
8550	46499530	125971
8550	46499531	2
8550	46499532	44805
8550	46499533	2
8550	46499534	99935
8550	46499535	1121208
8550	46499536	23
8550	46499537	6979
8550	46499538	2861
8550	46499539	23
8550	46499540	10480
8550	46499541	2
8550	46499542	6245
8550	46499543	75
8550	46499544	2
8550	46499545	158823
8550	46499546	85
8550	46499547	7781
8550	46499548	5
8550	46499549	7690
8550	46499550	10
8550	46499551	35
8550	46499552	12216
8550	46499553	26
8550	46499554	17
8550	46499555	43
8550	46499556	8
8550	46499557	202
8550	46499558	3
8550	46499559	1012
8550	46499560	26
8550	46499561	5
8550	46499562	11839
8550	46499563	335077
8550	46499564	3463
8550	46499565	41093
8550	46499566	20
8550	46499567	35
8550	46499568	5722
8550	46499569	60
8550	46499570	44805
8550	46499571	2
8550	46499572	69737
8550	46499573	699
8550	46499574	4680
8550	46499575	189
8550	46499576	779
8550	46499577	9
8550	46499578	994
8550	46499579	13
8550	46499580	247
8550	46499581	10480
8550	46499582	2
8550	46499583	6245
8550	46499584	8
8550	46499585	1368996
8550	46499586	730
8550	46499587	7
8550	46499588	1714
8550	46499589	115745
8550	46499590	60
8550	46499591	44805
8550	46499592	2
8550	46499593	69737
8550	46499594	67
8550	46499595	8
8550	46499596	69
8550	46499597	2638
8550	46499598	76
8550	46499599	7100
8550	46499600	10480
8550	46499601	2
8550	46499602	6245
8550	46499603	67
8550	46499604	65
8550	46499605	362
8550	46499606	6
8550	46499607	4939
8550	46499608	70
8550	46499609	54
8550	46499610	24
8550	46499611	24103
8550	46499612	1
8550	46499613	266
8550	46499614	1
8550	46499615	65
8550	46499616	5279
8550	46499617	70
8550	46499618	54
8550	46499619	24
8550	46499620	11070
8550	46499621	19
8550	46499622	44805
8550	46499623	2
8550	46499624	69737
8550	46499625	167
8550	46499626	48
8550	46499627	64
8550	46499628	120
8550	46499629	439
8550	46499630	1
8550	46499631	339
8550	46499632	26
8550	46499633	38
8550	46499634	1
8550	46499635	84
8550	46499636	1
8550	46499637	33
8550	46499638	3
8550	46499639	164
8550	46499640	136
8550	46499641	1
8550	46499642	11
8550	46499643	727
8550	46499644	6
8550	46499645	179
8550	46499646	5279
8550	46499647	1
8550	46499648	65
8550	46499649	99
8550	46499650	56
8550	46499651	35
8550	46499652	3177
8550	46499653	6
8550	46499654	3
8550	46499655	2272
8550	46499656	1
8550	46499657	38
8550	46499658	48371
8550	46499659	17619
8550	46499660	1
8550	46499661	365140
8550	46499662	907144
8550	46499663	1
8550	46499664	55
8550	46499665	93735
8550	46499666	197879
8550	46499667	19
8550	46499668	168
8550	46499669	1
8550	46499670	20
8550	46499671	2019
8550	46499672	11047
8550	46499673	107799
8550	46499674	107799
8550	46499675	107799
8550	46499676	107799
8550	46499677	107799
8550	46499678	107799
8550	46499679	107799
8550	46499680	107799
8550	46499681	107799
8550	46499682	107799
8550	46499683	65
8550	46499684	46506
8550	46499685	5
8550	46499686	78281
8550	46499687	40
8550	46499688	77
8550	46499689	5
8550	46499690	5284
8550	46499691	23
8550	46499692	65
8550	46499693	15538
8550	46499694	5
8550	46499695	1692
8550	46499696	2282
8550	46499697	11
8550	46499698	32165
8550	46499699	961
8550	46499700	5
8550	46499701	1029
8550	46499702	23
8550	46499703	3358
8550	46499704	1
8550	46499705	38
8550	46499706	1636
8550	46499707	1
8550	46499708	10
8550	46499709	27
8550	46499710	8
8550	46499711	7693
8550	46499712	21974
8550	46499713	11
8550	46499714	3
8550	46499715	666
8550	46499716	1687932
8550	46499717	1
8550	46499718	5
8550	46499719	454
8550	46499720	96
8550	46499721	22929
8550	46499722	29104
8550	46499723	45
8550	46499724	3
8550	46499725	23928
8550	46499726	335778
8550	46499727	19
8550	46499728	10480
8550	46499729	2
8550	46499730	6245
8550	46499731	75
8550	46499732	1
8550	46499733	11
8550	46499734	3
8550	46499735	1417
8550	46499736	1699
8550	46499737	1
8550	46499738	13
8550	46499739	139
8550	46499740	1
8550	46499741	8
8550	46499742	10
8550	46499743	69
8550	46499744	1351
8550	46499745	2
8550	46499746	44805
8550	46499747	2
8550	46499748	69737
8550	46499749	1577
8550	46499750	10
8550	46499751	120
8550	46499752	30950
8550	46499753	1
8550	46499754	339
8550	46499755	2
8550	46499756	75
8550	46499757	1
8550	46499758	45
8550	46499759	1033
8550	46499760	265726
8550	46499761	1
8550	46499762	73
8550	46499763	22
8550	46499764	35
8550	46499765	28075
8550	46499766	1
8550	46499767	5
8550	46499768	11651
8550	46499769	9
8550	46499770	21926
8550	46499771	1
8550	46499772	14
8550	46499773	44
8550	46499774	63
8550	46499775	56
8550	46499776	1
8550	46499777	170
8550	46499778	12365
8550	46499779	1
8550	46499780	38
8550	46499781	7
8550	46499782	33540
8550	46499783	192
8550	46499784	1
8550	46499785	104
8550	46499786	54
8550	46499787	18
8550	46499788	56
8550	46499789	1060
8550	46499790	7349
8550	46499791	15
8550	46499792	25119
8550	46499793	26
8550	46499794	25058
8550	46499795	47
8550	46499796	54
8550	46499797	59
8550	46499798	1
8550	46499799	447
8550	46499800	1
8550	46499801	40
8550	46499802	385
8550	46499803	3913
8550	46499804	86
8550	46499805	141
8550	46499806	417266
8550	46499807	58
8550	46499808	11525
8550	46499809	2
8550	46499810	10480
8550	46499811	2
8550	46499812	6245
8550	46499813	1201
8550	46499814	5591
8550	46499815	3227
8550	46499816	1
8550	46499817	147374
8550	46499818	2
8550	46499819	44805
8550	46499820	2
8550	46499821	69737
8550	46499822	391
8550	46499823	14
8550	46499824	24
8550	46499825	1
8550	46499826	339
8550	46499827	19
8550	46499828	5
8550	46499829	1
8550	46499830	357
8550	46499831	64
8550	46499832	1
8550	46499833	83
8550	46499834	25
8550	46499835	54
8550	46499836	153
8550	46499837	16574
8550	46499838	179
8550	46499839	628187
8550	46499840	5
8550	46499841	1252597
8550	46499842	1
8550	46499843	44
8550	46499844	27
8550	46499845	14
8550	46499846	30
8550	46499847	7
8550	46499848	9925
8550	46499849	2958
8550	46499850	88
8550	46499851	8
8550	46499852	107
8550	46499853	5757
8550	46499854	3
8550	46499855	1357676
8550	46499856	1
8550	46499857	339
8550	46499858	1
8550	46499859	60
8550	46499860	24
8550	46499861	25
8550	46499862	8
8550	46499863	243
8550	46499864	6
8550	46499865	165
8550	46499866	7
8550	46499867	192
8550	46499868	60
8550	46499869	10480
8550	46499870	2
8550	46499871	6245
8550	46499872	109
8550	46499873	192
8550	46499874	107799
8550	46499875	107799
8550	46499876	107799
8550	46499877	107799
8550	46499878	107799
8550	46499879	107799
8550	46499880	107799
8550	46499881	107799
8550	46499882	107799
8550	46499883	107799
8550	46499884	60
8550	46499885	16168
8550	46499886	88
8550	46499887	1002
8550	46499888	1
8550	46499889	339
8550	46499890	1
8550	46499891	3
8550	46499892	2237
8550	46499893	48
8550	46499894	72
8550	46499895	2
8550	46499896	10480
8550	46499897	2
8550	46499898	6245
8550	46499899	265726
8550	46499900	1
8550	46499901	8
8550	46499902	709
8550	46499903	13
8550	46499904	147
8550	46499905	520
8550	46499906	2
8550	46499907	44805
8550	46499908	2
8550	46499909	133199
8550	46499910	205
8550	46499911	1
8550	46499912	339
8550	46499913	26
8550	46499914	20
8550	46499915	1128
8550	46499916	3
8550	46499917	1982
8550	46499918	1
8550	46499919	13
8550	46499920	139
8550	46499921	1
8550	46499922	14
8550	46499923	44
8550	46499924	143
8550	46499925	30
8550	46499926	156
8550	46499927	130
8550	46499928	3
8550	46499929	417
8550	46499930	74
8550	46499931	3
8550	46499932	41599
8550	46499933	2
8550	46499934	10480
8550	46499935	2
8550	46499936	6245
8550	46499937	71
8550	46499938	59
8550	46499939	795
8550	46499940	520
8550	46499941	1
8550	46499942	265726
8550	46499943	85
8550	46499944	5
8550	46499945	4727
8550	46499946	1
8550	46499947	20
8550	46499948	437
8550	46499949	2229
8550	46499950	1
8550	46499951	121
8550	46499952	22
8550	46499953	82
8550	46499954	197
8550	46499955	11
8550	46499956	3
8550	46499957	234
8550	46499958	1
8550	46499959	73
8550	46499960	2
8550	46499961	8
8550	46499962	243
8550	46499963	1
8550	46499964	58
8550	46499965	3618
8550	46499966	437
8550	46499967	1026
8550	46499968	36
8550	46499969	4379
8550	46499970	2
8550	46499971	44805
8550	46499972	2
8550	46499973	69737
8550	46499974	391
8550	46499975	11110
8550	46499976	1
8550	46499977	588
8550	46499978	1
8550	46499979	339
8550	46499980	23
8550	46499981	5
8550	46499982	198
8550	46499983	8
8550	46499984	535
8550	46499985	65
8550	46499986	362
8550	46499987	6
8550	46499988	3
8550	46499989	6542
8550	46499990	7428
8550	46499991	21
8550	46499992	22244
8550	46499993	45
8550	46499994	28
8550	46499995	821
8550	46499996	19
8550	46499997	10480
8550	46499998	2
8550	46499999	6245
8550	46500000	52
8550	46500001	10
8550	46500002	654
8550	46500003	7
8550	46500004	10319
8550	46500005	11
8550	46500006	3
8550	46500007	7162
8550	46500008	6
8550	46500009	3
8550	46500010	118576
8550	46500011	32
8550	46500012	41075
8550	46500013	1
8550	46500014	25
8550	46500015	8
8550	46500016	3283
8550	46500017	1
8550	46500018	9542
8550	46500019	3
8550	46500020	1093
8550	46500021	1
8550	46500022	182
8550	46500023	385
8550	46500024	752
8550	46500025	47871
8550	46500026	49
8550	46500027	382
8550	46500028	3
8550	46500029	435
8550	46500030	85
8550	46500031	60
8550	46500032	3
8550	46500033	410
8550	46500034	13829
8550	46500035	73
8550	46500036	194
8550	46500037	24140
8550	46500038	34
8550	46500039	17
8550	46500040	7
8550	46500041	560
8550	46500042	1413
8550	46500043	2
8550	46500044	44805
8550	46500045	2
8550	46500046	69737
8550	46500047	356
8550	46500048	41075
8550	46500049	23
8550	46500050	248
8550	46500051	1
8550	46500052	718
8550	46500053	13
8550	46500054	1
8550	46500055	23901
8550	46500056	1
8550	46500057	196
8550	46500058	114
8550	46500059	20184
8550	46500060	14691
8550	46500061	23
8550	46500062	14
8550	46500063	10
8550	46500064	32
8550	46500065	41075
8550	46500066	25
8550	46500067	8
8550	46500068	152
8550	46500069	190
8550	46500070	35
8550	46500071	141
8550	46500072	20811
8550	46500073	26
8550	46500074	3
8550	46500075	107799
8550	46500076	107799
8550	46500077	107799
8550	46500078	107799
8550	46500079	107799
8550	46500080	107799
8550	46500081	107799
8550	46500082	107799
8550	46500083	107799
8550	46500084	107799
8550	46500085	161
8550	46500086	2
8550	46500087	350
8550	46500088	58
8550	46500089	13
8550	46500090	487
8550	46500091	3
8550	46500092	238
8550	46500093	1
8550	46500094	339
8550	46500095	19
8550	46500096	10480
8550	46500097	2
8550	46500098	6245
8550	46500099	350
8550	46500100	58
8550	46500101	8
8550	46500102	695
8550	46500103	11
8550	46500104	14
8550	46500105	1
8550	46500106	13
8550	46500107	7478
8550	46500108	19
8550	46500109	71
8550	46500110	139
8550	46500111	8
8550	46500112	10
8550	46500113	2558
8550	46500114	9
8550	46500115	5682
8550	46500116	14
8550	46500117	2240
8550	46500118	2
8550	46500119	44805
8550	46500120	2
8550	46500121	133199
8550	46500122	205
8550	46500123	1
8550	46500124	339
8550	46500125	26
8550	46500126	2203
8550	46500127	15
8550	46500128	82
8550	46500129	6
8550	46500130	69
8550	46500131	83786
8550	46500132	1
8550	46500133	47
8550	46500134	13
8550	46500135	1143
8550	46500136	53
8550	46500137	60
8550	46500138	137
8550	46500139	2240
8550	46500140	1
8550	46500141	25
8550	46500142	8
8550	46500143	18
8550	46500144	24
8550	46500145	166
8550	46500146	4255
8550	46500147	9
8550	46500148	200
8550	46500149	3828
8550	46500150	6
8550	46500151	35
8550	46500152	4218
8550	46500153	24396
8550	46500154	2
8550	46500155	10480
8550	46500156	2
8550	46500157	6245
8550	46500158	127
8550	46500159	41
8550	46500160	138735
8550	46500161	1
8550	46500162	147374
8550	46500163	26
8550	46500164	461
8550	46500165	8
8550	46500166	190
8550	46500167	35
8550	46500168	984
8550	46500169	2099
8550	46500170	34874
8550	46500171	433
8550	46500172	2
8550	46500173	67
8550	46500174	43
8550	46500175	10
8550	46500176	3
8550	46500177	1081
8550	46500178	61892
8550	46500179	1
8550	46500180	47
8550	46500181	1
8550	46500182	11
8550	46500183	114
8550	46500184	1820
8550	46500185	2675
8550	46500186	1
8550	46500187	3
8550	46500188	17756
8550	46500189	895
8550	46500190	15569
8550	46500191	34
8550	46500192	40
8550	46500193	1106
8550	46500194	49
8550	46500195	35
8550	46500196	560
8550	46500197	279
8550	46500198	1
8550	46500199	5
8550	46500200	11602
8550	46500201	1442
8550	46500202	2
8550	46500203	44805
8550	46500204	2
8550	46500205	133199
8550	46500206	71
8550	46500207	68
8550	46500208	27
8550	46500209	15731
8550	46500210	1
8550	46500211	84
8550	46500212	19
8550	46500213	10480
8550	46500214	2
8550	46500215	6245
8550	46500216	121051
8550	46500217	247
8550	46500218	17
8550	46500219	114
8550	46500220	112
8550	46500221	2
8550	46500222	44805
8550	46500223	2
8550	46500224	69737
8550	46500225	8
8550	46500226	139
8550	46500227	3
8550	46500228	1418
8550	46500229	6
8550	46500230	1103
8550	46500231	1147
8550	46500232	265
8550	46500233	33
8550	46500234	187
8550	46500235	4151
8550	46500236	26
8550	46500237	38
8550	46500238	1
8550	46500239	65
8550	46500240	68
8550	46500241	28
8550	46500242	112
8550	46500243	180
8550	46500244	1
8550	46500245	339
8550	46500246	19
8550	46500247	10480
8550	46500248	2
8550	46500249	6245
8550	46500250	137294
8550	46500251	42
8550	46500252	39
8550	46500253	7
8550	46500254	593
8550	46500255	16017
8550	46500256	209
8550	46500257	2
8550	46500258	8
8550	46500259	6186
8550	46500260	1
8550	46500261	166
8550	46500262	1
8550	46500263	47
8550	46500264	21
8550	46500265	526
8550	46500266	3
8550	46500267	173
8550	46500268	1
8550	46500269	42
8550	46500270	207
8550	46500271	34
8550	46500272	1
8550	46500273	12176
8550	46500274	1
8550	46500275	9
8550	46500276	107799
8550	46500277	107799
8550	46500278	107799
8550	46500279	107799
8550	46500280	107799
8550	46500281	107799
8550	46500282	107799
8550	46500283	107799
8550	46500284	107799
8550	46500285	107799
8550	46500286	2310
8550	46500287	3
8550	46500288	4257
8550	46500289	3350
8550	46500290	19
8550	46500291	10480
8550	46500292	2
8550	46500293	6245
8550	46500294	52
8550	46500295	10
8550	46500296	1232
8550	46500297	2
8550	46500298	8
8550	46500299	243
8550	46500300	13
8550	46500301	14268
8550	46500302	35
8550	46500303	1777
8550	46500304	5
8550	46500305	4561
8550	46500306	33
8550	46500307	839
8550	46500308	3
8550	46500309	445
8550	46500310	19
8550	46500311	44805
8550	46500312	2
8550	46500313	99935
8550	46500314	78
8550	46500315	5443
8550	46500316	16
8550	46500317	471
8550	46500318	79
8550	46500319	16566
8550	46500320	1
8550	46500321	339
8550	46500322	85
8550	46500323	8
8550	46500324	709
8550	46500325	8
8550	46500326	198
8550	46500327	1306
8550	46500328	90
8550	46500329	4964
8550	46500330	6
8550	46500331	53
8550	46500332	2
8550	46500333	10480
8550	46500334	2
8550	46500335	6245
8550	46500336	628
8550	46500337	46
8550	46500338	87
8550	46500339	1
8550	46500340	35
8550	46500341	47982
8550	46500342	575
8550	46500343	34505
8550	46500344	26
8550	46500345	35
8550	46500346	5279
8550	46500347	35532
8550	46500348	26
8550	46500349	3
8550	46500350	1790
8550	46500351	6
8550	46500352	35
8550	46500353	1069
8550	46500354	29052
8550	46500355	21303
8550	46500356	34
8550	46500357	14825
8550	46500358	26
8550	46500359	5
8550	46500360	1
8550	46500361	15285
8550	46500362	25
8550	46500363	3
8550	46500364	1699
8550	46500365	32
8550	46500366	41075
8550	46500367	18
8550	46500368	56
8550	46500369	1244
8550	46500370	1
8550	46500371	8
8550	46500372	10
8550	46500373	1277
8550	46500374	2943
8550	46500375	6799
8550	46500376	1
8550	46500377	100
8550	46500378	8
8550	46500379	9262
8550	46500380	10448
8550	46500381	92
8550	46500382	2087
8550	46500383	752
8550	46500384	73
8550	46500385	1310
8550	46500386	34
8550	46500387	1
8550	46500388	93
8550	46500389	7
8550	46500390	1595
8550	46500391	1
8550	46500392	905
8550	46500393	291
8550	46500394	4939
8550	46500395	2
8550	46500396	44805
8550	46500397	2
8550	46500398	69737
8550	46500399	2472
8550	46500400	7
8550	46500401	1595
8550	46500402	1
8550	46500403	588
8550	46500404	2
8550	46500405	10480
8550	46500406	2
8550	46500407	6245
8550	46500408	75
8550	46500409	1067
8550	46500410	1133
8550	46500411	8
8550	46500412	157
8550	46500413	798
8550	46500414	26
8550	46500415	5
8550	46500416	203
8550	46500417	223
8550	46500418	128
8550	46500419	2982
8550	46500420	34
8550	46500421	40
8550	46500422	14916
8550	46500423	15
8550	46500424	3
8550	46500425	7162
8550	46500426	6
8550	46500427	3
8550	46500428	118576
8550	46500429	44805
8550	46500430	2
8550	46500431	69737
8550	46500432	975
8550	46500433	1
8550	46500434	2575
8550	46500435	217
8550	46500436	2087
8550	46500437	752
8550	46500438	9262
8550	46500439	5385
8550	46500440	94
8550	46500441	69
8550	46500442	106
8550	46500443	2
8550	46500444	75
8550	46500445	1
8550	46500446	23901
8550	46500447	1
8550	46500448	104
8550	46500449	8
8550	46500450	2233
8550	46500451	13
8550	46500452	7842
8550	46500453	1
8550	46500454	13
8550	46500455	6169
8550	46500456	7
8550	46500457	7162
8550	46500458	88
8550	46500459	61
8550	46500460	13
8550	46500461	1071
8550	46500462	3
8550	46500463	83978
8550	46500464	19
8550	46500465	1745
8550	46500466	1
8550	46500467	339
8550	46500468	1
8550	46500469	37467
8550	46500470	170
8550	46500471	511
8550	46500472	187
8550	46500473	8854
8550	46500474	85015
8550	46500475	5279
8550	46500476	2
8550	46500477	107799
8550	46500478	107799
8550	46500479	107799
8550	46500480	107799
8550	46500481	107799
8550	46500482	107799
8550	46500483	107799
8550	46500484	107799
8550	46500485	107799
8550	46500486	107799
8550	46500487	856
8550	46500488	8
8550	46500489	157
8550	46500490	172
8550	46500491	1270
8550	46500492	152722
8550	46500493	2
8550	46500494	510
8550	46500495	1522
8550	46500496	43
8550	46500497	30
8550	46500498	23
8550	46500499	44805
8550	46500500	2
8550	46500501	69737
8550	46500502	27898
8550	46500503	1
8550	46500504	7
8550	46500505	107898
8550	46500506	1
8550	46500507	522
8550	46500508	330
8550	46500509	83
8550	46500510	1772
8550	46500511	3318
8550	46500512	20
8550	46500513	13
8550	46500514	2
8550	46500515	78
8550	46500516	69737
8550	46500517	225366
8550	46500518	358
8550	46500519	3
8550	46500520	760
8550	46500521	79
8550	46500522	10480
8550	46500523	2
8550	46500524	6245
8550	46500525	109
8550	46500526	59
8550	46500527	13
8550	46500528	434
8550	46500529	125
8550	46500530	19
8550	46500531	44805
8550	46500532	2
8550	46500533	69737
8550	46500534	9721
8550	46500535	35
8550	46500536	377
8550	46500537	1
8550	46500538	23901
8550	46500539	2
8550	46500540	78
8550	46500541	15031
8550	46500542	32
8550	46500543	3
8550	46500544	35872
8550	46500545	79
8550	46500546	3246
8550	46500547	706945
8550	46500548	2
8550	46500549	44805
8550	46500550	2
8550	46500551	99935
8550	46500552	78
8550	46500553	93130
8550	46500554	79
8550	46500555	109
8550	46500556	7
8550	46500557	607565
8550	46500558	1222
8550	46500559	23
8550	46500560	10480
8550	46500561	2
8550	46500562	6245
8550	46500563	268
8550	46500564	1
8550	46500565	339
8550	46500566	1
8550	46500567	65
8550	46500568	59
8550	46500569	13
8550	46500570	23
8550	46500571	7160
8550	46500572	2
8550	46500573	81714
8550	46500574	928
8550	46500575	77
8550	46500576	2
8550	46500577	44805
8550	46500578	2
8550	46500579	69737
8550	46500580	31
8550	46500581	2430
8550	46500582	12204
8550	46500583	23
8550	46500584	10480
8550	46500585	2
8550	46500586	6245
8550	46500587	71
8550	46500588	59
8550	46500589	19518
8550	46500590	2
8550	46500591	20578
8550	46500592	61
8550	46500593	13
8550	46500594	134
8550	46500595	19
8550	46500596	7160
8550	46500597	2
8550	46500598	81714
8550	46500599	11985
8550	46500600	2
8550	46500601	10480
8550	46500602	2
8550	46500603	6245
8550	46500604	20524
8550	46500605	85
8550	46500606	8
8550	46500607	925
8550	46500608	13
8550	46500609	2
8550	46500610	44805
8550	46500611	2
8550	46500612	69737
8550	46500613	31
8550	46500614	1776
8550	46500615	13
8550	46500616	61
8550	46500617	23
8550	46500618	10480
8550	46500619	2
8550	46500620	6245
8550	46500621	646
8550	46500622	61
8550	46500623	13
8550	46500624	25779
8550	46500625	19
8550	46500626	7160
8550	46500627	2
8550	46500628	81714
8550	46500629	160
8550	46500630	3
8550	46500631	9686
8550	46500632	2
8550	46500633	44805
8550	46500634	2
8550	46500635	69737
8550	46500636	160
8550	46500637	90
8550	46500638	7104
8550	46500639	2
8550	46500640	10480
8550	46500641	2
8550	46500642	6245
8550	46500643	109
8550	46500644	22
8550	46500645	69
8550	46500646	5787
8550	46500647	19
8550	46500648	7160
8550	46500649	2
8550	46500650	81714
8550	46500651	8
8550	46500652	9354
8550	46500653	35
8550	46500654	1026
8550	46500655	2
8550	46500656	44805
8550	46500657	2
8550	46500658	133199
8550	46500659	205
8550	46500660	26
8550	46500661	12
8550	46500662	12681
8550	46500663	10366
8550	46500664	20
8550	46500665	16
8550	46500666	1056
8550	46500667	2
8550	46500668	10480
8550	46500669	2
8550	46500670	6245
8550	46500671	510
8550	46500672	22
8550	46500673	69
8550	46500674	1026
8550	46500675	19
8550	46500676	7160
8550	46500677	2
8550	46500678	107799
8550	46500679	107799
8550	46500680	107799
8550	46500681	107799
8550	46500682	107799
8550	46500683	107799
8550	46500684	107799
8550	46500685	107799
8550	46500686	107799
8550	46500687	107799
8550	46500688	24583
8550	46500689	1542
8550	46500690	1
8550	46500691	5
8550	46500692	983
8550	46500693	9
8550	46500694	235
8550	46500695	485
8550	46500696	79
8550	46500697	1745
8550	46500698	1
8550	46500699	273
8550	46500700	46
8550	46500701	48
8550	46500702	3
8550	46500703	585
8550	46500704	60
8550	46500705	10480
8550	46500706	2
8550	46500707	6245
8550	46500708	2556
8550	46500709	551768
8550	46500710	23
8550	46500711	83
8550	46500712	92
8550	46500713	2931
8550	46500714	48
8550	46500715	512
8550	46500716	15
8550	46500717	34
8550	46500718	2
8550	46500719	44805
8550	46500720	2
8550	46500721	99935
8550	46500722	78
8550	46500723	54580
8550	46500724	623
8550	46500725	79
8550	46500726	31
8550	46500727	1776
8550	46500728	14
8550	46500729	22
8550	46500730	23
8550	46500731	7160
8550	46500732	2
8550	46500733	81714
8550	46500734	1316
8550	46500735	1899
8550	46500736	1
8550	46500737	23901
8550	46500738	1
8550	46500739	599
8550	46500740	14
8550	46500741	99
8550	46500742	56
8550	46500743	2099
8550	46500744	11
8550	46500745	4939
8550	46500746	7
8550	46500747	269
8550	46500748	87
8550	46500749	2
8550	46500750	237
8550	46500751	1026
8550	46500752	99
8550	46500753	38
8550	46500754	2730
8550	46500755	2542
8550	46500756	40
8550	46500757	3
8550	46500758	2072
8550	46500759	647
8550	46500760	2
8550	46500761	44805
8550	46500762	2
8550	46500763	69737
8550	46500764	2064
8550	46500765	143
8550	46500766	7
8550	46500767	6326
8550	46500768	110
8550	46500769	77
8550	46500770	2
8550	46500771	78
8550	46500772	414
8550	46500773	7
8550	46500774	141
8550	46500775	23360
8550	46500776	79
8550	46500777	10480
8550	46500778	2
8550	46500779	6245
8550	46500780	391
8550	46500781	3
8550	46500782	5903
8550	46500783	36
8550	46500784	3008
8550	46500785	6406
8550	46500786	19
8550	46500787	7160
8550	46500788	2
8550	46500789	81714
8550	46500790	31
8550	46500791	3557
8550	46500792	1256
8550	46500793	22
8550	46500794	601
8550	46500795	7
8550	46500796	479
8550	46500797	9835
8550	46500798	2
8550	46500799	44805
8550	46500800	2
8550	46500801	99935
8550	46500802	78
8550	46500803	414
8550	46500804	5258
8550	46500805	62
8550	46500806	79
8550	46500807	246
8550	46500808	1
8550	46500809	23901
8550	46500810	26
8550	46500811	251
8550	46500812	3
8550	46500813	1503
8550	46500814	1078
8550	46500815	125560
8550	46500816	19
8550	46500817	178
8550	46500818	24
8550	46500819	83
8550	46500820	78
8550	46500821	31646
8550	46500822	16
8550	46500823	1610
8550	46500824	2
8550	46500825	79
8550	46500826	10480
8550	46500827	2
8550	46500828	6245
8550	46500829	18435
8550	46500830	1006
8550	46500831	1
8550	46500832	7478
8550	46500833	2
8550	46500834	2336
8550	46500835	3
8550	46500836	28535
8550	46500837	7
8550	46500838	319
8550	46500839	23
8550	46500840	44805
8550	46500841	2
8550	46500842	99935
8550	46500843	78
8550	46500844	1006
8550	46500845	79
8550	46500846	1745
8550	46500847	1
8550	46500848	1599
8550	46500849	23
8550	46500850	3
8550	46500851	110
8550	46500852	932
8550	46500853	23
8550	46500854	7160
8550	46500855	2
8550	46500856	218848
8550	46500857	241
8550	46500858	1
8550	46500859	23901
8550	46500860	26
8550	46500861	16
8550	46500862	429
8550	46500863	99
8550	46500864	56
8550	46500865	25056
8550	46500866	224
8550	46500867	214
8550	46500868	2
8550	46500869	10480
8550	46500870	2
8550	46500871	6245
8550	46500872	109
8550	46500873	399
8550	46500874	3926
8550	46500875	1
8550	46500876	60
8550	46500877	7
8550	46500878	563
8550	46500879	107799
8550	46500880	107799
8550	46500881	107799
8550	46500882	107799
8550	46500883	107799
8550	46500884	107799
8550	46500885	107799
8550	46500886	107799
8550	46500887	107799
8550	46500888	107799
8550	46500889	23
8550	46500890	7160
8550	46500891	2
8550	46500892	218848
8550	46500893	205
8550	46500894	1
8550	46500895	23901
8550	46500896	2
8550	46500897	10480
8550	46500898	2
8550	46500899	6245
8550	46500900	11822
8550	46500901	5
8550	46500902	1323
8550	46500903	19
8550	46500904	44805
8550	46500905	2
8550	46500906	99935
8550	46500907	78
8550	46500908	1006
8550	46500909	79
8550	46500910	26114
8550	46500911	23
8550	46500912	33097
8550	46500913	23
8550	46500914	7160
8550	46500915	2
8550	46500916	81714
8550	46500917	1255
8550	46500918	4939
8550	46500919	91
8550	46500920	24
8550	46500921	5426
8550	46500922	28
8550	46500923	1222
8550	46500924	2
8550	46500925	10480
8550	46500926	2
8550	46500927	6245
8550	46500928	13757
8550	46500929	26
8550	46500930	570
8550	46500931	34
8550	46500932	15
8550	46500933	3
8550	46500934	3008
8550	46500935	85
8550	46500936	13
8550	46500937	131
8550	46500938	6423
8550	46500939	34
8550	46500940	15
8550	46500941	3
8550	46500942	5903
8550	46500943	2
8550	46500944	7160
8550	46500945	2
8550	46500946	81714
8550	46500947	25670
8550	46500948	34
8550	46500949	1
8550	46500950	227
8550	46500951	1678
8550	46500952	22
8550	46500953	454
8550	46500954	96
8550	46500955	8
8550	46500956	8671
8550	46500957	2
8550	46500958	10480
8550	46500959	2
8550	46500960	6245
8550	46500961	16148
8550	46500962	19
8550	46500963	7160
8550	46500964	2
8550	46500965	81714
8550	46500966	31
8550	46500967	429
8550	46500968	58341
8550	46500969	99
8550	46500970	56
8550	46500971	757
8550	46500972	40
8550	46500973	3
8550	46500974	7162
8550	46500975	11
8550	46500976	51
8550	46500977	21
8550	46500978	10
8550	46500979	19489
8550	46500980	83
8550	46500981	10480
8550	46500982	2
8550	46500983	6245
8550	46500984	1201
8550	46500985	7162
8550	46500986	19
8550	46500987	394
8550	46500988	10
8550	46500989	14
8550	46500990	83
8550	46500991	11
8550	46500992	65
8550	46500993	445
8550	46500994	19
8550	46500995	7160
8550	46500996	2
8550	46500997	81714
8550	46500998	160
8550	46500999	41075
8550	46501000	1
8550	46501001	23901
8550	46501002	2
8550	46501003	10480
8550	46501004	2
8550	46501005	6245
8550	46501006	31
8550	46501007	279
8550	46501008	6
8550	46501009	3
8550	46501010	7162
8550	46501011	19
8550	46501012	88
8550	46501013	3013
8550	46501014	1
8550	46501015	3013
8550	46501016	23
8550	46501017	7160
8550	46501018	2
8550	46501019	81714
8550	46501020	52
8550	46501021	10
8550	46501022	3
8550	46501023	7162
8550	46501024	6
8550	46501025	3
8550	46501026	118576
8550	46501027	2
8550	46501028	10480
8550	46501029	2
8550	46501030	6245
8550	46501031	78
8550	46501032	1006
8550	46501033	79
8550	46501034	57
8550	46501035	577
8550	46501036	616
8550	46501037	23
8550	46501038	227
8550	46501039	1678
8550	46501040	22
8550	46501041	21
8550	46501042	23
8550	46501043	25795
8550	46501044	22
8550	46501045	28
8550	46501046	279
8550	46501047	1
8550	46501048	13
8550	46501049	343
8550	46501050	19
8550	46501051	290965
8550	46501052	58341
8550	46501053	23
8550	46501054	247
8550	46501055	2588
8550	46501056	148214
8550	46501057	23
8550	46501058	7160
8550	46501059	2
8550	46501060	218848
8550	46501061	205
8550	46501062	1
8550	46501063	23901
8550	46501064	26
8550	46501065	5
8550	46501066	1
8550	46501067	47
8550	46501068	8
8550	46501069	39
8550	46501070	1
8550	46501071	21
8550	46501072	99
8550	46501073	56
8550	46501074	2730
8550	46501075	3698
8550	46501076	409
8550	46501077	247
8550	46501078	10480
8550	46501079	2
8550	46501080	107799
8550	46501081	107799
8550	46501082	107799
8550	46501083	107799
8550	46501084	107799
8550	46501085	107799
8550	46501086	107799
8550	46501087	107799
8550	46501088	107799
8550	46501089	107799
8550	46501090	757
8550	46501091	409
8550	46501092	83
8550	46501093	7160
8550	46501094	2
8550	46501095	81714
8550	46501096	462
8550	46501097	2177
8550	46501098	3
8550	46501099	12497
8550	46501100	73
8550	46501101	22
8550	46501102	9897
8550	46501103	83994
8550	46501104	83
8550	46501105	10480
8550	46501106	2
8550	46501107	6245
8550	46501108	109
8550	46501109	23
8550	46501110	196
8550	46501111	23
8550	46501112	8449
8550	46501113	376
8550	46501114	19
8550	46501115	7160
8550	46501116	2
8550	46501117	81714
8550	46501118	31
8550	46501119	176
8550	46501120	12497
8550	46501121	60
8550	46501122	10480
8550	46501123	2
8550	46501124	6245
8550	46501125	109
8550	46501126	176
8550	46501127	12497
8550	46501128	19
8550	46501129	7160
8550	46501130	2
8550	46501131	81714
8550	46501132	248
8550	46501133	3
8550	46501134	176
8550	46501135	12497
8550	46501136	73
8550	46501137	22
8550	46501138	9
8550	46501139	66080
8550	46501140	49
8550	46501141	2
8550	46501142	10480
8550	46501143	2
8550	46501144	6245
8550	46501145	427662
8550	46501146	49
8550	46501147	1
8550	46501148	128729
8550	46501149	58341
8550	46501150	23
8550	46501151	105
8550	46501152	1
8550	46501153	45
8550	46501154	938
8550	46501155	1
8550	46501156	105
8550	46501157	23
8550	46501158	510
8550	46501159	22
8550	46501160	979
8550	46501161	8257
8550	46501162	1222
8550	46501163	1
8550	46501164	43
8550	46501165	12497
8550	46501166	19
8550	46501167	7160
8550	46501168	2
8550	46501169	81714
8550	46501170	21401
8550	46501171	2
8550	46501172	8
8550	46501173	91
8550	46501174	24
8550	46501175	226
8550	46501176	148
8550	46501177	1
8550	46501178	23901
8550	46501179	85
8550	46501180	38
8550	46501181	1
8550	46501182	375
8550	46501183	12
8550	46501184	10587
8550	46501185	1
8550	46501186	3
8550	46501187	5903
8550	46501188	25510
8550	46501189	151
8550	46501190	24697
8550	46501191	4148
8550	46501192	2
8550	46501193	10480
8550	46501194	2
8550	46501195	6245
8550	46501196	41801
8550	46501197	19
8550	46501198	7160
8550	46501199	2
8550	46501200	150952
8550	46501201	640950
8550	46501202	2
8550	46501203	10480
8550	46501204	2
8550	46501205	6245
8550	46501206	67
8550	46501207	1522
8550	46501208	203
8550	46501209	10101
8550	46501210	13
8550	46501211	9
8550	46501212	2522
8550	46501213	34
8550	46501214	7
8550	46501215	230
8550	46501216	545
8550	46501217	76
8550	46501218	3207
8550	46501219	11
8550	46501220	3
8550	46501221	3008
8550	46501222	26
8550	46501223	11
8550	46501224	69
8550	46501225	142
8550	46501226	1176
8550	46501227	1
8550	46501228	4533
8550	46501229	394
8550	46501230	19
8550	46501231	44805
8550	46501232	2
8550	46501233	69737
8550	46501234	949
8550	46501235	11
8550	46501236	3
8550	46501237	10374
8550	46501238	19
8550	46501239	7160
8550	46501240	2
8550	46501241	81714
8550	46501242	8
8550	46501243	6497
8550	46501244	24
8550	46501245	1
8550	46501246	23901
8550	46501247	2
8550	46501248	10480
8550	46501249	2
8550	46501250	6245
8550	46501251	443
8550	46501252	86
8550	46501253	1669
8550	46501254	19
8550	46501255	78
8550	46501256	78514
8550	46501257	7
8550	46501258	3448
8550	46501259	79
8550	46501260	44805
8550	46501261	2
8550	46501262	99935
8550	46501263	78
8550	46501264	1006
8550	46501265	79
8550	46501266	37801
8550	46501267	23
8550	46501268	7160
8550	46501269	2
8550	46501270	81714
8550	46501271	8
8550	46501272	157
8550	46501273	189
8550	46501274	265
8550	46501275	46398
8550	46501276	17
8550	46501277	35
8550	46501278	1146
8550	46501279	1026
8550	46501280	1
8550	46501281	107799
8550	46501282	107799
8550	46501283	107799
8550	46501284	107799
8550	46501285	107799
8550	46501286	107799
8550	46501287	107799
8550	46501288	107799
8550	46501289	107799
8550	46501290	107799
8550	46501291	69737
8550	46501292	109
8550	46501293	7
8550	46501294	180905
8550	46501295	2019
8550	46501296	110
8550	46501297	1222
8550	46501298	23
8550	46501299	361
8550	46501300	1185
8550	46501301	48
8550	46501302	137
8550	46501303	12114
8550	46501304	1
8550	46501305	416
8550	46501306	23
8550	46501307	247
8550	46501308	10480
8550	46501309	2
8550	46501310	6245
8550	46501311	1812
8550	46501312	1
8550	46501313	110
8550	46501314	773
8550	46501315	1
8550	46501316	13
8550	46501317	80
8550	46501318	170
8550	46501319	511
8550	46501320	9453
8550	46501321	35
8550	46501322	1942
8550	46501323	17
8550	46501324	7
8550	46501325	531
8550	46501326	6
8550	46501327	69
8550	46501328	46123
8550	46501329	3008
8550	46501330	88
8550	46501331	3
8550	46501332	23741
8550	46501333	6
8550	46501334	14
8550	46501335	1
8550	46501336	8
8550	46501337	541
8550	46501338	19
8550	46501339	7160
8550	46501340	2
8550	46501341	81714
8550	46501342	8
8550	46501343	243
8550	46501344	8
8550	46501345	153
8550	46501346	166
8550	46501347	772
8550	46501348	13
8550	46501349	15
8550	46501350	7
8550	46501351	5792
8550	46501352	11
8550	46501353	3
8550	46501354	3557
8550	46501355	26
8550	46501356	658
8550	46501357	1
8550	46501358	8
8550	46501359	3660
8550	46501360	24
8550	46501361	1
8550	46501362	35
8550	46501363	325
8550	46501364	3
8550	46501365	8728
8550	46501366	80
8550	46501367	2443
8550	46501368	13
8550	46501369	247
8550	46501370	10480
8550	46501371	2
8550	46501372	6245
8550	46501373	19587
8550	46501374	110
8550	46501375	77
8550	46501376	23
8550	46501377	446
8550	46501378	1
8550	46501379	8658
8550	46501380	306
8550	46501381	23
8550	46501382	44805
8550	46501383	2
8550	46501384	69737
8550	46501385	75
8550	46501386	2
8550	46501387	23901
8550	46501388	60
8550	46501389	10480
8550	46501390	2
8550	46501391	6245
8550	46501392	7714
8550	46501393	1
8550	46501394	20479
8550	46501395	2
8550	46501396	44805
8550	46501397	2
8550	46501398	99935
8550	46501399	78
8550	46501400	270
8550	46501401	759
8550	46501402	3
8550	46501403	35872
8550	46501404	79
8550	46501405	1772
8550	46501406	3318
8550	46501407	88
8550	46501408	454
8550	46501409	15538
8550	46501410	23
8550	46501411	10480
8550	46501412	2
8550	46501413	6245
8550	46501414	75
8550	46501415	288
8550	46501416	61
8550	46501417	679
8550	46501418	9590
8550	46501419	1
8550	46501420	35
8550	46501421	7835
8550	46501422	1222
8550	46501423	19
8550	46501424	116497
8550	46501425	306
8550	46501426	23
8550	46501427	7160
8550	46501428	2
8550	46501429	81714
8550	46501430	8
8550	46501431	44
8550	46501432	152
8550	46501433	8386
8550	46501434	6422
8550	46501435	3
8550	46501436	23901
8550	46501437	36
8550	46501438	396
8550	46501439	11
8550	46501440	43
8550	46501441	362
8550	46501442	6
8550	46501443	3
8550	46501444	411
8550	46501445	2
8550	46501446	10480
8550	46501447	2
8550	46501448	6245
8550	46501449	71
8550	46501450	70
8550	46501451	7
8550	46501452	1446
8550	46501453	9
8550	46501454	132
8550	46501455	2
8550	46501456	60
8550	46501457	237
8550	46501458	279
8550	46501459	22
8550	46501460	101949
8550	46501461	60
8550	46501462	8
8550	46501463	157
8550	46501464	7
8550	46501465	402
8550	46501466	6
8550	46501467	57188
8550	46501468	83
8550	46501469	7754
8550	46501470	44805
8550	46501471	2
8550	46501472	99935
8550	46501473	78
8550	46501474	1006
8550	46501475	79
8550	46501476	928
8550	46501477	7754
8550	46501478	2
8550	46501479	10480
8550	46501480	2
8550	46501481	6245
8550	46501482	107799
8550	46501483	107799
8550	46501484	107799
8550	46501485	107799
8550	46501486	107799
8550	46501487	107799
8550	46501488	107799
8550	46501489	107799
8550	46501490	107799
8550	46501491	107799
8550	46501492	3
8550	46501493	192
8550	46501494	20
8550	46501495	5702
8550	46501496	60
8550	46501497	8
8550	46501498	725
8550	46501499	9
8550	46501500	669
8550	46501501	58938
8550	46501502	40
8550	46501503	1267
8550	46501504	1
8550	46501505	5
8550	46501506	123
8550	46501507	15
8550	46501508	69
8550	46501509	553
8550	46501510	8370
8550	46501511	102
8550	46501512	20
8550	46501513	3
8550	46501514	940
8550	46501515	2
8550	46501516	44805
8550	46501517	2
8550	46501518	99935
8550	46501519	78
8550	46501520	1006
8550	46501521	79
8550	46501522	2
8550	46501523	31
8550	46501524	279
8550	46501525	6
8550	46501526	51
8550	46501527	8370
8550	46501528	12
8550	46501529	22
8550	46501530	229
8550	46501531	9
8550	46501532	1218
8550	46501533	2
8550	46501534	10480
8550	46501535	2
8550	46501536	6245
8550	46501537	67
8550	46501538	81
8550	46501539	1
8550	46501540	47
8550	46501541	13
8550	46501542	147
8550	46501543	7370
8550	46501544	88
8550	46501545	73
8550	46501546	5
8550	46501547	65
8550	46501548	8
8550	46501549	157
8550	46501550	247
8550	46501551	446
8550	46501552	711
8550	46501553	2
8550	46501554	7160
8550	46501555	2
8550	46501556	150952
8550	46501557	78
8550	46501558	1216
8550	46501559	120
8550	46501560	481
8550	46501561	79
8550	46501562	246
8550	46501563	81
8550	46501564	1
8550	46501565	73
8550	46501566	44
8550	46501567	63
8550	46501568	954
8550	46501569	15484
8550	46501570	41
8550	46501571	137
8550	46501572	5371
8550	46501573	60
8550	46501574	8
8550	46501575	199
8550	46501576	54736
8550	46501577	42
8550	46501578	41
8550	46501579	278
8550	46501580	22700
8550	46501581	1
8550	46501582	4879
8550	46501583	4860
8550	46501584	4857
8550	46501585	83
8550	46501586	278
8550	46501587	1659
8550	46501588	5
8550	46501589	4790
8550	46501590	2
8550	46501591	10480
8550	46501592	2
8550	46501593	6245
8550	46501594	18654
8550	46501595	14
8550	46501596	83
8550	46501597	8
8550	46501598	473
8550	46501599	13
8550	46501600	8
8550	46501601	157
8550	46501602	8930
8550	46501603	1
8550	46501604	8
8550	46501605	157
8550	46501606	58803
8550	46501607	247
8550	46501608	191
8550	46501609	1128
8550	46501610	711
8550	46501611	1
8550	46501612	35
8550	46501613	553
8550	46501614	1503
8550	46501615	2
8550	46501616	7160
8550	46501617	2
8550	46501618	81714
8550	46501619	75
8550	46501620	1
8550	46501621	8
8550	46501622	225
8550	46501623	247
8550	46501624	10480
8550	46501625	2
8550	46501626	6245
8550	46501627	8140
8550	46501628	1
8550	46501629	31239
8550	46501630	69
8550	46501631	416368
8550	46501632	88
8550	46501633	1128
8550	46501634	711
8550	46501635	1
8550	46501636	8
8550	46501637	473
8550	46501638	13
8550	46501639	2
8550	46501640	78
8550	46501641	6245
8550	46501642	46696
8550	46501643	190012
8550	46501644	657
8550	46501645	79
8550	46501646	44805
8550	46501647	2
8550	46501648	99935
8550	46501649	78
8550	46501650	129848
8550	46501651	1
8550	46501652	5309
8550	46501653	3
8550	46501654	35872
8550	46501655	79
8550	46501656	205
8550	46501657	1
8550	46501658	363
8550	46501659	271047
8550	46501660	1
8550	46501661	13
8550	46501662	198
8550	46501663	16213
8550	46501664	69
8550	46501665	7539
8550	46501666	6
8550	46501667	9193
8550	46501668	644
8550	46501669	13
8550	46501670	26
8550	46501671	20
8550	46501672	7
8550	46501673	1349
8550	46501674	6
8550	46501675	6873
8550	46501676	22
8550	46501677	50906
8550	46501678	26
8550	46501679	35
8550	46501680	3947
8550	46501681	2282
8550	46501682	473
8550	46501683	107799
8550	46501684	107799
8550	46501685	107799
8550	46501686	107799
8550	46501687	107799
8550	46501688	107799
8550	46501689	107799
8550	46501690	107799
8550	46501691	107799
8550	46501692	107799
8550	46501693	2427
8550	46501694	83
8550	46501695	7
8550	46501696	15738
8550	46501697	3008
8550	46501698	2
8550	46501699	231
8550	46501700	395
8550	46501701	2034
8550	46501702	108
8550	46501703	7
8550	46501704	4907
8550	46501705	1
8550	46501706	33
8550	46501707	383
8550	46501708	249
8550	46501709	6
8550	46501710	51
8550	46501711	22
8550	46501712	7
8550	46501713	3485
8550	46501714	17
8550	46501715	17699
8550	46501716	26
8550	46501717	7
8550	46501718	7762
8550	46501719	11
8550	46501720	2126
8550	46501721	1
8550	46501722	2316
8550	46501723	17
8550	46501724	318
8550	46501725	1
8550	46501726	291
8550	46501727	51
8550	46501728	7
8550	46501729	32642
8550	46501730	1
8550	46501731	94041
8550	46501732	2
8550	46501733	311
8550	46501734	465
8550	46501735	163
8550	46501736	6
8550	46501737	1617
8550	46501738	15
8550	46501739	3
8550	46501740	3008
8550	46501741	2
8550	46501742	26239
8550	46501743	272215
8550	46501744	1512
8550	46501745	2240
8550	46501746	1
8550	46501747	2719
8550	46501748	7
8550	46501749	1823
8550	46501750	374
8550	46501751	3
8550	46501752	1973
8550	46501753	2
8550	46501754	45209
8550	46501755	2
8550	46501756	3707
8550	46501757	43925
8550	46501758	646
8550	46501759	22
8550	46501760	12
8550	46501761	19
8550	46501762	394
8550	46501763	22
8550	46501764	35
8550	46501765	110
8550	46501766	325
8550	46501767	2
8550	46501768	26239
8550	46501769	702359
8550	46501770	1512
8550	46501771	40
8550	46501772	3
8550	46501773	249
8550	46501774	2
8550	46501775	655
8550	46501776	23
8550	46501777	46872
8550	46501778	1
8550	46501779	5
8550	46501780	128
8550	46501781	19317
8550	46501782	26
8550	46501783	35
8550	46501784	110
8550	46501785	6660
8550	46501786	2
8550	46501787	38884
8550	46501788	2
8550	46501789	3707
8550	46501790	72199
8550	46501791	1228
8550	46501792	13
8550	46501793	1
8550	46501794	43925
8550	46501795	1
8550	46501796	1597
8550	46501797	13
8550	46501798	2
8550	46501799	214425
8550	46501800	23
8550	46501801	65
8550	46501802	7
8550	46501803	1654
8550	46501804	8
8550	46501805	158
8550	46501806	478
8550	46501807	2
8550	46501808	22952
8550	46501809	76
8550	46501810	35
8550	46501811	2535
8550	46501812	1
8550	46501813	8
8550	46501814	709
8550	46501815	3
8550	46501816	410
8550	46501817	7231
8550	46501818	927
8550	46501819	6
8550	46501820	552
8550	46501821	303
8550	46501822	114
8550	46501823	14329
8550	46501824	22
8550	46501825	43
8550	46501826	6624
8550	46501827	1814
8550	46501828	6
8550	46501829	69
8550	46501830	486
8550	46501831	1
8550	46501832	5
8550	46501833	148
8550	46501834	48
8550	46501835	24
8550	46501836	360
8550	46501837	9
8550	46501838	12634
8550	46501839	6
8550	46501840	5481
8550	46501841	2
8550	46501842	45209
8550	46501843	2
8550	46501844	3707
8550	46501845	43925
8550	46501846	248
8550	46501847	1
8550	46501848	11
8550	46501849	521
8550	46501850	1
8550	46501851	7
8550	46501852	1654
8550	46501853	6
8550	46501854	930
8550	46501855	12144
8550	46501856	32
8550	46501857	69
8550	46501858	214
8550	46501859	1
8550	46501860	35
8550	46501861	325
8550	46501862	1
8550	46501863	22
8550	46501864	86
8550	46501865	4635
8550	46501866	2
8550	46501867	38884
8550	46501868	2
8550	46501869	3707
8550	46501870	72199
8550	46501871	18654
8550	46501872	14
8550	46501873	1
8550	46501874	43925
8550	46501875	1
8550	46501876	288
8550	46501877	59
8550	46501878	13
8550	46501879	199
8550	46501880	645
8550	46501881	6
8550	46501882	35
8550	46501883	214
8550	46501884	107799
8550	46501885	107799
8550	46501886	107799
8550	46501887	107799
8550	46501888	107799
8550	46501889	107799
8550	46501890	107799
8550	46501891	107799
8550	46501892	107799
8550	46501893	107799
8550	46501894	110
8550	46501895	9776
8550	46501896	1
8550	46501897	35
8550	46501898	59787
8550	46501899	5903
8550	46501900	2
8550	46501901	246
8550	46501902	26
8550	46501903	38
8550	46501904	196
8550	46501905	22
8550	46501906	35
8550	46501907	133
8550	46501908	429
8550	46501909	1
8550	46501910	69
8550	46501911	10578
8550	46501912	19
8550	46501913	5
8550	46501914	65
8550	46501915	6358
8550	46501916	157
8550	46501917	8
8550	46501918	9
8550	46501919	3754
8550	46501920	20
8550	46501921	43
8550	46501922	1753
8550	46501923	19
8550	46501924	38884
8550	46501925	2
8550	46501926	3707
8550	46501927	72199
8550	46501928	71
8550	46501929	198
8550	46501930	3754
8550	46501931	3
8550	46501932	1776
8550	46501933	1
8550	46501934	8
8550	46501935	243
8550	46501936	1
8550	46501937	73
8550	46501938	1113
8550	46501939	14
8550	46501940	74
8550	46501941	3
8550	46501942	161
8550	46501943	6
8550	46501944	3
8550	46501945	110
8550	46501946	6358
8550	46501947	1
8550	46501948	35
8550	46501949	319
8550	46501950	1
8550	46501951	9
8550	46501952	5853
8550	46501953	34
8550	46501954	9
8550	46501955	3
8550	46501956	1654
8550	46501957	2
8550	46501958	8
8550	46501959	131
8550	46501960	6298
8550	46501961	2487
8550	46501962	930
8550	46501963	12144
8550	46501964	9
8550	46501965	8982
8550	46501966	17
8550	46501967	13
8550	46501968	4186
8550	46501969	35
8550	46501970	155190
8550	46501971	440
8550	46501972	23
8550	46501973	68
8550	46501974	13
8550	46501975	194
8550	46501976	370
8550	46501977	165
8550	46501978	3980
8550	46501979	19
8550	46501980	45209
8550	46501981	2
8550	46501982	3707
8550	46501983	43925
8550	46501984	8
8550	46501985	131
8550	46501986	7122
8550	46501987	8
8550	46501988	61
8550	46501989	27
8550	46501990	6642
8550	46501991	3
8550	46501992	10578
8550	46501993	76
8550	46501994	3980
8550	46501995	11
8550	46501996	43
8550	46501997	6438
8550	46501998	2
8550	46501999	38884
8550	46502000	2
8550	46502001	3707
8550	46502002	72199
8550	46502003	241
8550	46502004	19
8550	46502005	24
8550	46502006	262
8550	46502007	8
8550	46502008	296
8550	46502009	49
8550	46502010	25
8550	46502011	69
8550	46502012	1052
8550	46502013	33
8550	46502014	3
8550	46502015	959
8550	46502016	19207
8550	46502017	34
8550	46502018	25
8550	46502019	69
8550	46502020	161
8550	46502021	10
8550	46502022	1
8550	46502023	1173
8550	46502024	3516
8550	46502025	1
8550	46502026	366
8550	46502027	6
8550	46502028	2098
8550	46502029	9381
8550	46502030	5
8550	46502031	15349
8550	46502032	1
8550	46502033	92
8550	46502034	41
8550	46502035	133
8550	46502036	20
8550	46502037	203
8550	46502038	19
8550	46502039	45209
8550	46502040	2
8550	46502041	3707
8550	46502042	43925
8550	46502043	8
8550	46502044	157
8550	46502045	33967
8550	46502046	15
8550	46502047	13
8550	46502048	2
8550	46502049	67
8550	46502050	450
8550	46502051	13
8550	46502052	296
8550	46502053	3
8550	46502054	10578
8550	46502055	8
8550	46502056	10
8550	46502057	7
8550	46502058	1595
8550	46502059	19
8550	46502060	38884
8550	46502061	2
8550	46502062	3707
8550	46502063	72199
8550	46502064	8
8550	46502065	68
8550	46502066	60
8550	46502067	723
8550	46502068	2
8550	46502069	45209
8550	46502070	2
8550	46502071	3707
8550	46502072	43925
8550	46502073	67
8550	46502074	13
8550	46502075	70
8550	46502076	86
8550	46502077	1192
8550	46502078	11
8550	46502079	35
8550	46502080	9381
8550	46502081	23
8550	46502082	38884
8550	46502083	2
8550	46502084	3707
8550	46502085	107799
8550	46502086	107799
8550	46502087	107799
8550	46502088	107799
8550	46502089	107799
8550	46502090	107799
8550	46502091	107799
8550	46502092	107799
8550	46502093	107799
8550	46502094	107799
8550	46502095	2
8550	46502096	3707
8550	46502097	43925
8550	46502098	78
8550	46502099	17
8550	46502100	4437
8550	46502101	2812
8550	46502102	19953
8550	46502103	79
8550	46502104	67
8550	46502105	81
8550	46502106	1
8550	46502107	72199
8550	46502108	1
8550	46502109	8
8550	46502110	70
8550	46502111	9
8550	46502112	6610
8550	46502113	13
8550	46502114	25
8550	46502115	8
8550	46502116	70
8550	46502117	757
8550	46502118	124
8550	46502119	69
8550	46502120	440
8550	46502121	38884
8550	46502122	2
8550	46502123	3707
8550	46502124	72199
8550	46502125	746781
8550	46502126	23
8550	46502127	61
8550	46502128	486
8550	46502129	4433
8550	46502130	60
8550	46502131	1353
8550	46502132	29
8550	46502133	124
8550	46502134	19
8550	46502135	45209
8550	46502136	2
8550	46502137	3707
8550	46502138	43925
8550	46502139	3302
8550	46502140	1
8550	46502141	5
8550	46502142	12
8550	46502143	22
8550	46502144	81
8550	46502145	102
8550	46502146	2
8550	46502147	38884
8550	46502148	2
8550	46502149	3707
8550	46502150	72199
8550	46502151	493
8550	46502152	23
8550	46502153	1745
8550	46502154	1
8550	46502155	35
8550	46502156	872
8550	46502157	5903
8550	46502158	1
8550	46502159	4509
8550	46502160	34
8550	46502161	2
8550	46502162	5970
8550	46502163	1
8550	46502164	394
8550	46502165	22
8550	46502166	3
8550	46502167	60
8550	46502168	3
8550	46502169	78
8550	46502170	6821
8550	46502171	16
8550	46502172	731
8550	46502173	79
8550	46502174	3
8550	46502175	888632
8550	46502176	2668
8550	46502177	1
8550	46502178	1752
8550	46502179	23
8550	46502180	2154
8550	46502181	22
8550	46502182	3
8550	46502183	818
8550	46502184	19
8550	46502185	45209
8550	46502186	2
8550	46502187	3707
8550	46502188	43925
8550	46502189	2899
8550	46502190	10261
8550	46502191	1
8550	46502192	26239
8550	46502193	38884
8550	46502194	2
8550	46502195	3707
8550	46502196	72199
8550	46502197	75
8550	46502198	1
8550	46502199	22
8550	46502200	3
8550	46502201	363
8550	46502202	266
8550	46502203	265
8550	46502204	19
8550	46502205	227
8550	46502206	1678
8550	46502207	22
8550	46502208	538
8550	46502209	214
8550	46502210	576
8550	46502211	8
8550	46502212	70
8550	46502213	255
8550	46502214	29
8550	46502215	26
8550	46502216	12
8550	46502217	10
8550	46502218	84
8550	46502219	7
8550	46502220	2160
8550	46502221	26
8550	46502222	12
8550	46502223	131
8550	46502224	30
8550	46502225	626
8550	46502226	5780
8550	46502227	26
8550	46502228	8
8550	46502229	14853
8550	46502230	15
8550	46502231	60
8550	46502232	15
8550	46502233	83
8550	46502234	9
8550	46502235	6030
8550	46502236	3
8550	46502237	5162
8550	46502238	98
8550	46502239	2
8550	46502240	45209
8550	46502241	2
8550	46502242	3707
8550	46502243	43925
8550	46502244	72199
8550	46502245	1
8550	46502246	14268
8550	46502247	1540
8550	46502248	309
8550	46502249	13
8550	46502250	70
8550	46502251	388
8550	46502252	3564
8550	46502253	45
8550	46502254	15071
8550	46502255	43
8550	46502256	2591
8550	46502257	2
8550	46502258	216
8550	46502259	13
8550	46502260	1071
8550	46502261	92
8550	46502262	122
8550	46502263	214
8550	46502264	497
8550	46502265	1
8550	46502266	361
8550	46502267	5878
8550	46502268	17
8550	46502269	1432
8550	46502270	9
8550	46502271	111
8550	46502272	69
8550	46502273	440
8550	46502274	1
8550	46502275	13
8550	46502276	1280
8550	46502277	29
8550	46502278	74
8550	46502279	26344
8550	46502280	45
8550	46502281	7
8550	46502282	3420
8550	46502283	5107
8550	46502284	6
8550	46502285	11794
8550	46502286	107799
8550	46502287	107799
8550	46502288	107799
8550	46502289	107799
8550	46502290	107799
8550	46502291	107799
8550	46502292	107799
8550	46502293	107799
8550	46502294	107799
8550	46502295	107799
8550	46502296	72199
8550	46502297	94096
8550	46502298	15349
8550	46502299	23
8550	46502300	10
8550	46502301	27
8550	46502302	8
8550	46502303	16
8550	46502304	186
8550	46502305	19
8550	46502306	3627
8550	46502307	1
8550	46502308	12
8550	46502309	635
8550	46502310	9
8550	46502311	63
8550	46502312	475
8550	46502313	25
8550	46502314	8
8550	46502315	44
8550	46502316	63
8550	46502317	24882
8550	46502318	83
8550	46502319	216851
8550	46502320	23
8550	46502321	8
8550	46502322	541
8550	46502323	1
8550	46502324	3
8550	46502325	18775
8550	46502326	635
8550	46502327	9
8550	46502328	63
8550	46502329	17776
8550	46502330	3
8550	46502331	1869
8550	46502332	6
8550	46502333	16
8550	46502334	3824
8550	46502335	2
8550	46502336	45209
8550	46502337	2
8550	46502338	3707
8550	46502339	43925
8550	46502340	109
8550	46502341	1
8550	46502342	20
8550	46502343	7
8550	46502344	230
8550	46502345	10690
8550	46502346	6
8550	46502347	893
8550	46502348	23
8550	46502349	135
8550	46502350	13
8550	46502351	55
8550	46502352	8
8550	46502353	70
8550	46502354	261
8550	46502355	191
8550	46502356	1
8550	46502357	72199
8550	46502358	1
8550	46502359	100
8550	46502360	54
8550	46502361	5715
8550	46502362	334
8550	46502363	1
8550	46502364	275
8550	46502365	3
8550	46502366	10901
8550	46502367	6
8550	46502368	6683
8550	46502369	55
8550	46502370	10105
8550	46502371	1
8550	46502372	12136
8550	46502373	1
8550	46502374	518
8550	46502375	3
8550	46502376	641
8550	46502377	5790
8550	46502378	19
8550	46502379	38
8550	46502380	9
8550	46502381	134
8550	46502382	306
8550	46502383	2
8550	46502384	572
8550	46502385	440
8550	46502386	714
8550	46502387	3330
8550	46502388	1
8550	46502389	13
8550	46502390	3174
8550	46502391	1579
8550	46502392	8918
8550	46502393	11
8550	46502394	4041
8550	46502395	26
8550	46502396	42
8550	46502397	2764
8550	46502398	1
8550	46502399	7
8550	46502400	2545
8550	46502401	4442
8550	46502402	714
8550	46502403	238
8550	46502404	1
8550	46502405	5
8550	46502406	69
8550	46502407	440
8550	46502408	55068
8550	46502409	88
8550	46502410	38884
8550	46502411	2
8550	46502412	3707
8550	46502413	72199
8550	46502414	205
8550	46502415	26
8550	46502416	357
8550	46502417	147498
8550	46502418	35
8550	46502419	2164
8550	46502420	26
8550	46502421	25
8550	46502422	8
8550	46502423	80
8550	46502424	105
8550	46502425	3077
8550	46502426	2
8550	46502427	45209
8550	46502428	2
8550	46502429	3707
8550	46502430	43925
8550	46502431	205
8550	46502432	1
8550	46502433	13
8550	46502434	1778
8550	46502435	2
8550	46502436	38884
8550	46502437	2
8550	46502438	3707
8550	46502439	72199
8550	46502440	1142
8550	46502441	2
8550	46502442	37
8550	46502443	135
8550	46502444	152
8550	46502445	63
8550	46502446	4417
8550	46502447	149
8550	46502448	9
8550	46502449	30
8550	46502450	390
8550	46502451	2
8550	46502452	45209
8550	46502453	2
8550	46502454	3707
8550	46502455	43925
8550	46502456	34707
8550	46502457	1
8550	46502458	51
8550	46502459	6
8550	46502460	117
8550	46502461	122
8550	46502462	44
8550	46502463	63
8550	46502464	56
8550	46502465	34769
8550	46502466	390
8550	46502467	32
8550	46502468	3
8550	46502469	754
8550	46502470	6
8550	46502471	930
8550	46502472	19
8550	46502473	44
8550	46502474	13
8550	46502475	19
8550	46502476	38884
8550	46502477	2
8550	46502478	3707
8550	46502479	72199
8550	46502480	78
8550	46502481	4915
8550	46502482	79
8550	46502483	241
8550	46502484	2
8550	46502485	45209
8550	46502486	2
8550	46502487	107799
8550	46502488	107799
8550	46502489	107799
8550	46502490	107799
8550	46502491	107799
8550	46502492	107799
8550	46502493	107799
8550	46502494	107799
8550	46502495	107799
8550	46502496	107799
8550	46502497	7216
8550	46502498	26
8550	46502499	170
8550	46502500	1534
8550	46502501	8
8550	46502502	40245
8550	46502503	82
8550	46502504	6
8550	46502505	7
8550	46502506	606
8550	46502507	402
8550	46502508	2
8550	46502509	311
8550	46502510	176
8550	46502511	77
8550	46502512	198
8550	46502513	30
8550	46502514	2475
8550	46502515	38
8550	46502516	24
8550	46502517	12673
8550	46502518	2
8550	46502519	71
8550	46502520	18
8550	46502521	1127
8550	46502522	7
8550	46502523	14081
8550	46502524	14631
8550	46502525	357
8550	46502526	29
8550	46502527	26
8550	46502528	1166
8550	46502529	1
8550	46502530	33
8550	46502531	3
8550	46502532	53765
8550	46502533	57721
8550	46502534	7
8550	46502535	956
8550	46502536	233
8550	46502537	2
8550	46502538	38884
8550	46502539	2
8550	46502540	3707
8550	46502541	72199
8550	46502542	31
8550	46502543	1776
8550	46502544	13
8550	46502545	68
8550	46502546	23
8550	46502547	5
8550	46502548	73
8550	46502549	1
8550	46502550	2945
8550	46502551	19
8550	46502552	24
8550	46502553	69
8550	46502554	563
8550	46502555	19
8550	46502556	45209
8550	46502557	2
8550	46502558	3707
8550	46502559	43925
8550	46502560	11309
8550	46502561	46
8550	46502562	2
8550	46502563	71
8550	46502564	14268
8550	46502565	7131
8550	46502566	1
8550	46502567	35
8550	46502568	947
8550	46502569	10578
8550	46502570	76
8550	46502571	197
8550	46502572	19
8550	46502573	38884
8550	46502574	2
8550	46502575	3707
8550	46502576	72199
8550	46502577	68069
8550	46502578	49
8550	46502579	23
8550	46502580	50
8550	46502581	17375
8550	46502582	1
8550	46502583	42177
8550	46502584	60
8550	46502585	5
8550	46502586	13
8550	46502587	1277
8550	46502588	3174
8550	46502589	148
8550	46502590	176916
8550	46502591	15
8550	46502592	3
8550	46502593	77
8550	46502594	13
8550	46502595	6232
8550	46502596	20
8550	46502597	69
8550	46502598	563
8550	46502599	36
8550	46502600	477
8550	46502601	19
8550	46502602	45209
8550	46502603	2
8550	46502604	3707
8550	46502605	43925
8550	46502606	17467
8550	46502607	2
8550	46502608	38884
8550	46502609	2
8550	46502610	3707
8550	46502611	72199
8550	46502612	71
8550	46502613	74364
8550	46502614	34
8550	46502615	2
8550	46502616	71
8550	46502617	12791
8550	46502618	35
8550	46502619	440
8550	46502620	1
8550	46502621	84
8550	46502622	1
8550	46502623	2063
8550	46502624	1923
8550	46502625	9
8550	46502626	671
8550	46502627	29
8550	46502628	124
8550	46502629	15
8550	46502630	16
8550	46502631	908
8550	46502632	26
8550	46502633	5
8550	46502634	3174
8550	46502635	29
8550	46502636	7
8550	46502637	26846
8550	46502638	9
8550	46502639	1330
8550	46502640	94
8550	46502641	320
8550	46502642	17
8550	46502643	1
8550	46502644	25
8550	46502645	12
8550	46502646	198
8550	46502647	1130
8550	46502648	69
8550	46502649	563
8550	46502650	2
8550	46502651	201
8550	46502652	22
8550	46502653	42031
8550	46502654	17
8550	46502655	7
8550	46502656	3902
8550	46502657	2
8550	46502658	45209
8550	46502659	2
8550	46502660	3707
8550	46502661	43925
8550	46502662	71
8550	46502663	59
8550	46502664	7141
8550	46502665	1
8550	46502666	72199
8550	46502667	26
8550	46502668	61
8550	46502669	38
8550	46502670	2596
8550	46502671	2
8550	46502672	8
8550	46502673	175
8550	46502674	92
8550	46502675	203
8550	46502676	3712
8550	46502677	752
8550	46502678	58
8550	46502679	42114
8550	46502680	69
8550	46502681	440
8550	46502682	5100
8550	46502683	1
8550	46502684	5
8550	46502685	46
8550	46502686	10
8550	46502687	35
8550	46502688	107799
8550	46502689	107799
8550	46502690	107799
8550	46502691	107799
8550	46502692	107799
8550	46502693	107799
8550	46502694	107799
8550	46502695	107799
8550	46502696	107799
8550	46502697	107799
8550	46502698	8
8550	46502699	10
8550	46502700	10153
8550	46502701	11
8550	46502702	7131
8550	46502703	36
8550	46502704	10512
8550	46502705	2
8550	46502706	2114
8550	46502707	1
8550	46502708	6245
8550	46502709	18
8550	46502710	105
8550	46502711	255
8550	46502712	35
8550	46502713	563
8550	46502714	2
8550	46502715	3358
8550	46502716	1
8550	46502717	104
8550	46502718	12
8550	46502719	18
8550	46502720	166
8550	46502721	56
8550	46502722	45158
8550	46502723	1
8550	46502724	91
8550	46502725	13
8550	46502726	1
8550	46502727	35
8550	46502728	5046
8550	46502729	42246
8550	46502730	1
8550	46502731	1143
8550	46502732	9
8550	46502733	1402
8550	46502734	86
8550	46502735	6438
8550	46502736	11
8550	46502737	51
8550	46502738	3
8550	46502739	7294
8550	46502740	99
8550	46502741	9444
8550	46502742	7
8550	46502743	13920
8550	46502744	1406
8550	46502745	218
8550	46502746	3
8550	46502747	211
8550	46502748	99
8550	46502749	1833
8550	46502750	117
8550	46502751	1192
8550	46502752	19
8550	46502753	38884
8550	46502754	2
8550	46502755	3707
8550	46502756	72199
8550	46502757	43925
8550	46502758	1
8550	46502759	13
8550	46502760	3057
8550	46502761	93
8550	46502762	7
8550	46502763	55176
8550	46502764	2
8550	46502765	45209
8550	46502766	2
8550	46502767	3707
8550	46502768	43925
8550	46502769	8
8550	46502770	21890
8550	46502771	86
8550	46502772	4106
8550	46502773	1
8550	46502774	8
8550	46502775	1359
8550	46502776	7
8550	46502777	582
8550	46502778	2
8550	46502779	38884
8550	46502780	2
8550	46502781	3707
8550	46502782	72199
8550	46502783	67
8550	46502784	8
8550	46502785	8338
8550	46502786	1
8550	46502787	556
8550	46502788	2
8550	46502789	45209
8550	46502790	2
8550	46502791	3707
8550	46502792	43925
8550	46502793	241
8550	46502794	23
8550	46502795	24
8550	46502796	11
8550	46502797	114
8550	46502798	152
8550	46502799	5911
8550	46502800	19
8550	46502801	88
8550	46502802	13
8550	46502803	41
8550	46502804	3606
8550	46502805	447
8550	46502806	1
8550	46502807	8
8550	46502808	709
8550	46502809	1
8550	46502810	32
8550	46502811	3
8550	46502812	87
8550	46502813	2
8550	46502814	216
8550	46502815	13
8550	46502816	769
8550	46502817	203
8550	46502818	6
8550	46502819	7
8550	46502820	568
8550	46502821	33740
8550	46502822	2614
8550	46502823	60
8550	46502824	2768
8550	46502825	17753
8550	46502826	1
8550	46502827	8
8550	46502828	243
8550	46502829	42
8550	46502830	1066
8550	46502831	49
8550	46502832	19
8550	46502833	227
8550	46502834	1678
8550	46502835	10
8550	46502836	11
8550	46502837	46
8550	46502838	141
8550	46502839	445
8550	46502840	11
8550	46502841	27404
8550	46502842	83
8550	46502843	10226
8550	46502844	33
8550	46502845	3
8550	46502846	279
8550	46502847	88
8550	46502848	125
8550	46502849	1
8550	46502850	228
8550	46502851	54
8550	46502852	152
8550	46502853	2659
8550	46502854	6
8550	46502855	3
8550	46502856	39754
8550	46502857	373
8550	46502858	105052
8550	46502859	40935
8550	46502860	60
8550	46502861	13
8550	46502862	14268
8550	46502863	43
8550	46502864	19
8550	46502865	38884
8550	46502866	2
8550	46502867	3707
8550	46502868	72199
8550	46502869	155252
8550	46502870	23
8550	46502871	3684
8550	46502872	88
8550	46502873	625
8550	46502874	2
8550	46502875	926
8550	46502876	449
8550	46502877	26
8550	46502878	365
8550	46502879	306
8550	46502880	17
8550	46502881	69
8550	46502882	457
8550	46502883	2
8550	46502884	109
8550	46502885	68
8550	46502886	43
8550	46502887	33740
8550	46502888	2614
8550	46502889	107799
8550	46502890	107799
8550	46502891	107799
8550	46502892	107799
8550	46502893	107799
8550	46502894	107799
8550	46502895	107799
8550	46502896	107799
8550	46502897	107799
8550	46502898	107799
8550	46502899	19
8550	46502900	45209
8550	46502901	2
8550	46502902	3707
8550	46502903	43925
8550	46502904	57
8550	46502905	483
8550	46502906	256
8550	46502907	17
8550	46502908	29
8550	46502909	321
8550	46502910	38711
8550	46502911	1
8550	46502912	5
8550	46502913	2884
8550	46502914	28
8550	46502915	362
8550	46502916	13343
8550	46502917	2
8550	46502918	1095503
8550	46502919	16
8550	46502920	1942
8550	46502921	1
8550	46502922	38
8550	46502923	808
8550	46502924	29
8550	46502925	32
8550	46502926	377
8550	46502927	76
8550	46502928	2085
8550	46502929	26
8550	46502930	5
8550	46502931	1
8550	46502932	770
8550	46502933	1
8550	46502934	79228
8550	46502935	29
8550	46502936	354
8550	46502937	14384
8550	46502938	332
8550	46502939	49
8550	46502940	15
8550	46502941	3
8550	46502942	329
8550	46502943	1030
8550	46502944	2
8550	46502945	38884
8550	46502946	2
8550	46502947	3707
8550	46502948	72199
8550	46502949	31
8550	46502950	11528
8550	46502951	23
8550	46502952	265
8550	46502953	19
8550	46502954	45209
8550	46502955	2
8550	46502956	3707
8550	46502957	43925
8550	46502958	57
8550	46502959	292
8550	46502960	34
8550	46502961	3091
8550	46502962	2611
8550	46502963	1
8550	46502964	5
8550	46502965	8
8550	46502966	1636
8550	46502967	11948
8550	46502968	6799
8550	46502969	1
8550	46502970	1098041
8550	46502971	1
8550	46502972	17
8550	46502973	35
8550	46502974	6841
8550	46502975	2
8550	46502976	8
8550	46502977	18
8550	46502978	388
8550	46502979	2095
8550	46502980	35
8550	46502981	2046
8550	46502982	1
8550	46502983	5
8550	46502984	50
8550	46502985	2138
8550	46502986	150512
8550	46502987	66
8550	46502988	6014
8550	46502989	2
8550	46502990	160
8550	46502991	3579
8550	46502992	1
8550	46502993	3670
8550	46502994	43
8550	46502995	271
8550	46502996	1427
8550	46502997	69
8550	46502998	440
8550	46502999	11
8550	46503000	3
8550	46503001	1136
8550	46503002	24666
8550	46503003	35
8550	46503004	3557
8550	46503005	2
8550	46503006	38884
8550	46503007	2
8550	46503008	3707
8550	46503009	72199
8550	46503010	67
8550	46503011	288
8550	46503012	121
8550	46503013	19
8550	46503014	82236
8550	46503015	23
8550	46503016	12
8550	46503017	198
8550	46503018	2000
8550	46503019	128
8550	46503020	2
8550	46503021	45209
8550	46503022	2
8550	46503023	3707
8550	46503024	43925
8550	46503025	26515
8550	46503026	1232
8550	46503027	26
8550	46503028	3
8550	46503029	1136
8550	46503030	22
8550	46503031	3415
8550	46503032	45
8550	46503033	35
8550	46503034	13647
8550	46503035	2
8550	46503036	227
8550	46503037	1677
8550	46503038	22
8550	46503039	439
8550	46503040	1
8550	46503041	8
8550	46503042	2525
8550	46503043	12
8550	46503044	44
8550	46503045	63
8550	46503046	616
8550	46503047	16
8550	46503048	106
8550	46503049	15
8550	46503050	35
8550	46503051	172377
8550	46503052	45
8550	46503053	43
8550	46503054	26
8550	46503055	38
8550	46503056	1
8550	46503057	9
8550	46503058	171
8550	46503059	64
8550	46503060	337
8550	46503061	1
8550	46503062	8
8550	46503063	70
8550	46503064	1127
8550	46503065	35
8550	46503066	110
8550	46503067	218848
8550	46503068	9
8550	46503069	671
8550	46503070	29
8550	46503071	5100
8550	46503072	45
8550	46503073	7
8550	46503074	34824
8550	46503075	2
8550	46503076	38884
8550	46503077	2
8550	46503078	3707
8550	46503079	72199
8550	46503080	1201
8550	46503081	259720
8550	46503082	23
8550	46503083	8
8550	46503084	223
8550	46503085	1490
8550	46503086	29
8550	46503087	229
8550	46503088	2
8550	46503089	45209
8550	46503090	107799
8550	46503091	107799
8550	46503092	107799
8550	46503093	107799
8550	46503094	107799
8550	46503095	107799
8550	46503096	107799
8550	46503097	107799
8550	46503098	107799
8550	46503099	107799
8550	46503100	38884
8550	46503101	2
8550	46503102	3707
8550	46503103	72199
8550	46503104	75
8550	46503105	394
8550	46503106	48
8550	46503107	35
8550	46503108	440
8550	46503109	19
8550	46503110	45209
8550	46503111	2
8550	46503112	3707
8550	46503113	43925
8550	46503114	71
8550	46503115	147
8550	46503116	137
8550	46503117	3266
8550	46503118	2
8550	46503119	3246
8550	46503120	190012
8550	46503121	2
8550	46503122	81714
8550	46503123	268
8550	46503124	1
8550	46503125	159324
8550	46503126	1
8550	46503127	394
8550	46503128	22
8550	46503129	12
8550	46503130	19
8550	46503131	7160
8550	46503132	2
8550	46503133	81714
8550	46503134	160
8550	46503135	3
8550	46503136	5792
8550	46503137	1
8550	46503138	23901
8550	46503139	2
8550	46503140	45209
8550	46503141	2
8550	46503142	3707
8550	46503143	43925
8550	46503144	78
8550	46503145	15
8550	46503146	72199
8550	46503147	79
8550	46503148	1002
8550	46503149	2
8550	46503150	38884
8550	46503151	2
8550	46503152	3707
8550	46503153	72199
8550	46503154	67
8550	46503155	65
8550	46503156	36652
8550	46503157	251
8550	46503158	3
8550	46503159	7478
8550	46503160	297
8550	46503161	6
8550	46503162	149
8550	46503163	19
8550	46503164	7160
8550	46503165	2
8550	46503166	81714
8550	46503167	37
8550	46503168	305
8550	46503169	12
8550	46503170	22
8550	46503171	7
8550	46503172	7754
8550	46503173	1
8550	46503174	73
8550	46503175	14458
8550	46503176	40
8550	46503177	1267
8550	46503178	2
8550	46503179	38884
8550	46503180	2
8550	46503181	3707
8550	46503182	72199
8550	46503183	1201
8550	46503184	7754
8550	46503185	23
8550	46503186	5
8550	46503187	196
8550	46503188	251
8550	46503189	3
8550	46503190	8738
8550	46503191	9472
8550	46503192	19
8550	46503193	7160
8550	46503194	2
8550	46503195	81714
8550	46503196	37
8550	46503197	4714
8550	46503198	1
8550	46503199	7139
8550	46503200	1
8550	46503201	5
8550	46503202	13974
8550	46503203	89
8550	46503204	35
8550	46503205	176
8550	46503206	429
8550	46503207	2
8550	46503208	45209
8550	46503209	2
8550	46503210	3707
8550	46503211	43925
8550	46503212	168
8550	46503213	12
8550	46503214	388
8550	46503215	610
8550	46503216	13
8550	46503217	70
8550	46503218	7
8550	46503219	176
8550	46503220	429
8550	46503221	19
8550	46503222	7160
8550	46503223	2
8550	46503224	150952
8550	46503225	76
8550	46503226	1677
8550	46503227	10
8550	46503228	276
8550	46503229	3
8550	46503230	152
8550	46503231	582
8550	46503232	12
8550	46503233	207
8550	46503234	34
8550	46503235	1
8550	46503236	642
8550	46503237	69
8550	46503238	9091
8550	46503239	18
8550	46503240	27
8550	46503241	7
8550	46503242	563
8550	46503243	2
8550	46503244	38884
8550	46503245	2
8550	46503246	3707
8550	46503247	72199
8550	46503248	31
8550	46503249	64408
8550	46503250	23
8550	46503251	45209
8550	46503252	2
8550	46503253	3707
8550	46503254	43925
8550	46503255	67
8550	46503256	13
8550	46503257	296
8550	46503258	29
8550	46503259	247
8550	46503260	7160
8550	46503261	2
8550	46503262	81714
8550	46503263	31
8550	46503264	521
8550	46503265	1
8550	46503266	23901
8550	46503267	1
8550	46503268	25
8550	46503269	69
8550	46503270	9091
8550	46503271	18
8550	46503272	26
8550	46503273	5
8550	46503274	25
8550	46503275	21
8550	46503276	10
8550	46503277	3
8550	46503278	321
8550	46503279	2588
8550	46503280	176
8550	46503281	429
8550	46503282	11
8550	46503283	64
8550	46503284	4939
8550	46503285	2
8550	46503286	45209
8550	46503287	2
8550	46503288	3707
8550	46503289	43925
8550	46503290	67
8550	46503291	107799
8550	46503292	107799
8550	46503293	107799
8550	46503294	107799
8550	46503295	107799
8550	46503296	107799
8550	46503297	107799
8550	46503298	107799
8550	46503299	107799
8550	46503300	107799
8550	46503301	2
8550	46503302	218848
8550	46503303	205
8550	46503304	1
8550	46503305	23901
8550	46503306	2
8550	46503307	45209
8550	46503308	2
8550	46503309	3707
8550	46503310	43925
8550	46503311	1812
8550	46503312	2
8550	46503313	7160
8550	46503314	2
8550	46503315	81714
8550	46503316	37
8550	46503317	4467
8550	46503318	3
8550	46503319	176
8550	46503320	12497
8550	46503321	135
8550	46503322	24
8550	46503323	63
8550	46503324	49
8550	46503325	2
8550	46503326	38884
8550	46503327	2
8550	46503328	3707
8550	46503329	72199
8550	46503330	31
8550	46503331	12204
8550	46503332	23
8550	46503333	7160
8550	46503334	2
8550	46503335	81714
8550	46503336	67
8550	46503337	5213
8550	46503338	9
8550	46503339	27662
8550	46503340	34
8550	46503341	9
8550	46503342	4326
8550	46503343	29
8550	46503344	74
8550	46503345	3
8550	46503346	3008
8550	46503347	2
8550	46503348	38884
8550	46503349	2
8550	46503350	3707
8550	46503351	72199
8550	46503352	31
8550	46503353	44395
8550	46503354	23
8550	46503355	45209
8550	46503356	2
8550	46503357	3707
8550	46503358	43925
8550	46503359	48237
8550	46503360	1
8550	46503361	65060
8550	46503362	23
8550	46503363	8
8550	46503364	223
8550	46503365	63
8550	46503366	7
8550	46503367	18698
8550	46503368	13802
8550	46503369	2
8550	46503370	7160
8550	46503371	2
8550	46503372	81714
8550	46503373	628
8550	46503374	16
8550	46503375	302
8550	46503376	1
8550	46503377	23901
8550	46503378	1
8550	46503379	8
8550	46503380	135
8550	46503381	4370
8550	46503382	12
8550	46503383	18
8550	46503384	388
8550	46503385	255
8550	46503386	3454
8550	46503387	58341
8550	46503388	2
8550	46503389	45209
8550	46503390	2
8550	46503391	3707
8550	46503392	43925
8550	46503393	350
8550	46503394	1
8550	46503395	159324
8550	46503396	1
8550	46503397	523
8550	46503398	19
8550	46503399	394
8550	46503400	19
8550	46503401	7160
8550	46503402	2
8550	46503403	81714
8550	46503404	356
8550	46503405	28
8550	46503406	7162
8550	46503407	1
8550	46503408	23901
8550	46503409	2
8550	46503410	37
8550	46503411	1751
8550	46503412	94
8550	46503413	27160
8550	46503414	6
8550	46503415	7
8550	46503416	176
8550	46503417	429
8550	46503418	376
8550	46503419	12
8550	46503420	190
8550	46503421	125
8550	46503422	2
8550	46503423	45209
8550	46503424	2
8550	46503425	3707
8550	46503426	43925
8550	46503427	201
8550	46503428	22
8550	46503429	746
8550	46503430	35
8550	46503431	2260
8550	46503432	60
8550	46503433	65
8550	46503434	343
8550	46503435	13
8550	46503436	15
8550	46503437	46
8550	46503438	1
8550	46503439	797555
8550	46503440	19
8550	46503441	38884
8550	46503442	2
8550	46503443	3707
8550	46503444	72199
8550	46503445	8
8550	46503446	343
8550	46503447	25
8550	46503448	12
8550	46503449	22
8550	46503450	2578
8550	46503451	9
8550	46503452	63
8550	46503453	1435
8550	46503454	11
8550	46503455	320
8550	46503456	17
8550	46503457	3
8550	46503458	403
8550	46503459	29543
8550	46503460	1
8550	46503461	40
8550	46503462	3
8550	46503463	23661
8550	46503464	98
8550	46503465	2
8550	46503466	45209
8550	46503467	2
8550	46503468	3707
8550	46503469	43925
8550	46503470	1812
8550	46503471	1
8550	46503472	365
8550	46503473	1
8550	46503474	133
8550	46503475	218848
8550	46503476	2
8550	46503477	1730
8550	46503478	3
8550	46503479	3008
8550	46503480	1
8550	46503481	5
8550	46503482	12751
8550	46503483	17
8550	46503484	114
8550	46503485	4726
8550	46503486	2
8550	46503487	7160
8550	46503488	2
8550	46503489	81714
8550	46503490	31
8550	46503491	176
8550	46503492	107799
8550	46503493	107799
8550	46503494	107799
8550	46503495	107799
8550	46503496	107799
8550	46503497	107799
8550	46503498	107799
8550	46503499	107799
8550	46503500	107799
8550	46503501	107799
8550	46503502	111
8550	46503503	35
8550	46503504	429
8550	46503505	2
8550	46503506	14426
8550	46503507	159324
8550	46503508	1515828
8550	46503509	2
8550	46503510	3707
8550	46503511	43925
8550	46503512	1689
8550	46503513	13
8550	46503514	191
8550	46503515	1
8550	46503516	1408
8550	46503517	218848
8550	46503518	19
8550	46503519	84
8550	46503520	54
8550	46503521	18
8550	46503522	2221
8550	46503523	7132
8550	46503524	1
8550	46503525	26239
8550	46503526	2
8550	46503527	38884
8550	46503528	2
8550	46503529	3707
8550	46503530	72199
8550	46503531	12994
8550	46503532	8
8550	46503533	9
8550	46503534	132
8550	46503535	3
8550	46503536	2292
8550	46503537	6
8550	46503538	64
8550	46503539	43
8550	46503540	19
8550	46503541	260
8550	46503542	9381
8550	46503543	1
8550	46503544	8
8550	46503545	687
8550	46503546	2
8550	46503547	45209
8550	46503548	2
8550	46503549	3707
8550	46503550	43925
8550	46503551	32354
8550	46503552	69
8550	46503553	59105
8550	46503554	1
8550	46503555	35
8550	46503556	325
8550	46503557	2
8550	46503558	216
8550	46503559	27
8550	46503560	13
8550	46503561	6642
8550	46503562	35
8550	46503563	4090
8550	46503564	19
8550	46503565	69
8550	46503566	440
8550	46503567	18784
8550	46503568	9
8550	46503569	10712
8550	46503570	1949
8550	46503571	5
8550	46503572	10243
8550	46503573	2017
8550	46503574	26
8550	46503575	8
8550	46503576	9050
8550	46503577	29
8550	46503578	676
8550	46503579	2
8550	46503580	178
8550	46503581	20336
8550	46503582	5
8550	46503583	12
8550	46503584	70
8550	46503585	1460
8550	46503586	423
8550	46503587	1
8550	46503588	42
8550	46503589	388
8550	46503590	816
8550	46503591	26
8550	46503592	5
8550	46503593	1
8550	46503594	32
8550	46503595	113
8550	46503596	2374
8550	46503597	1
8550	46503598	42
8550	46503599	131
8550	46503600	1
8550	46503601	100
8550	46503602	42
8550	46503603	281
8550	46503604	544
8550	46503605	547
8550	46503606	2
8550	46503607	168
8550	46503608	446
8550	46503609	3331
8550	46503610	5
8550	46503611	32294
8550	46503612	33
8550	46503613	16
8550	46503614	362
8550	46503615	26
8550	46503616	32677
8550	46503617	5
8550	46503618	674
8550	46503619	33
8550	46503620	1442
8550	46503621	26
8550	46503622	36425
8550	46503623	5
8550	46503624	549916
8550	46503625	33
8550	46503626	1983
8550	46503627	2
8550	46503628	38884
8550	46503629	2
8550	46503630	3707
8550	46503631	72199
8550	46503632	572
8550	46503633	563
8550	46503634	1
8550	46503635	84
8550	46503636	1
8550	46503637	22
8550	46503638	24
8550	46503639	11
8550	46503640	69
8550	46503641	2376
8550	46503642	5513
8550	46503643	19
8550	46503644	45209
8550	46503645	2
8550	46503646	3707
8550	46503647	43925
8550	46503648	241
8550	46503649	26
8550	46503650	28
8550	46503651	37566
8550	46503652	153
8550	46503653	6621
8550	46503654	117
8550	46503655	355
8550	46503656	54
8550	46503657	18
8550	46503658	9907
8550	46503659	2646
8550	46503660	979
8550	46503661	27542
8550	46503662	266
8550	46503663	2
8550	46503664	81714
8550	46503665	22
8550	46503666	35
8550	46503667	410
8550	46503668	21786
8550	46503669	2
8550	46503670	75
8550	46503671	446
8550	46503672	1
8550	46503673	8
8550	46503674	131
8550	46503675	81
8550	46503676	1690
8550	46503677	35
8550	46503678	110
8550	46503679	391628
8550	46503680	1
8550	46503681	4741
8550	46503682	1
8550	46503683	9
8550	46503684	1498
8550	46503685	3
8550	46503686	2690
8550	46503687	2
8550	46503688	8
8550	46503689	38965
8550	46503690	12
8550	46503691	95
8550	46503692	10243
8550	46503693	107799
8550	46503694	107799
8550	46503695	107799
8550	46503696	107799
8550	46503697	107799
8550	46503698	107799
8550	46503699	107799
8550	46503700	107799
8550	46503701	107799
8550	46503702	107799
8550	46503703	46726
8550	46503704	17
8550	46503705	5982
8550	46503706	2
8550	46503707	1745
8550	46503708	23
8550	46503709	14
8550	46503710	48
8550	46503711	7
8550	46503712	553
8550	46503713	5513
8550	46503714	23
8550	46503715	38884
8550	46503716	2
8550	46503717	3707
8550	46503718	72199
8550	46503719	205
8550	46503720	1
8550	46503721	5
8550	46503722	14
8550	46503723	80
8550	46503724	3412
8550	46503725	40026
8550	46503726	64
8550	46503727	69
8550	46503728	17426
8550	46503729	61
8550	46503730	2
8550	46503731	45209
8550	46503732	2
8550	46503733	3707
8550	46503734	43925
8550	46503735	472
8550	46503736	35
8550	46503737	17426
8550	46503738	61
8550	46503739	23
8550	46503740	38
8550	46503741	13
8550	46503742	147
8550	46503743	137
8550	46503744	11004
8550	46503745	2
8550	46503746	38884
8550	46503747	2
8550	46503748	3707
8550	46503749	72199
8550	46503750	67
8550	46503751	13
8550	46503752	147
8550	46503753	137
8550	46503754	4383
8550	46503755	2
8550	46503756	45209
8550	46503757	2
8550	46503758	3707
8550	46503759	43925
8550	46503760	1812
8550	46503761	1
8550	46503762	1128
8550	46503763	74
8550	46503764	3
8550	46503765	3008
8550	46503766	2
8550	46503767	71
8550	46503768	131
8550	46503769	16467
8550	46503770	528
8550	46503771	26
8550	46503772	5
8550	46503773	13
8550	46503774	223
8550	46503775	111
8550	46503776	69
8550	46503777	440
8550	46503778	11
8550	46503779	64
8550	46503780	16
8550	46503781	14468
8550	46503782	2
8550	46503783	38884
8550	46503784	2
8550	46503785	3707
8550	46503786	72199
8550	46503787	8
8550	46503788	243
8550	46503789	8
8550	46503790	101746
8550	46503791	70523
8550	46503792	9
8550	46503793	688
8550	46503794	29
8550	46503795	2
8550	46503796	52
8550	46503797	6824
8550	46503798	34
8550	46503799	25
8550	46503800	8
8550	46503801	135
8550	46503802	30
8550	46503803	677
8550	46503804	9
8550	46503805	63
8550	46503806	16
8550	46503807	2237
8550	46503808	33
8550	46503809	35
8550	46503810	215
8550	46503811	2
8550	46503812	45209
8550	46503813	2
8550	46503814	3707
8550	46503815	43925
8550	46503816	93806
8550	46503817	1
8550	46503818	30409
8550	46503819	1
8550	46503820	8
8550	46503821	243
8550	46503822	8
8550	46503823	11263
8550	46503824	29
8550	46503825	88
8550	46503826	38884
8550	46503827	2
8550	46503828	3707
8550	46503829	72199
8550	46503830	78
8550	46503831	2139
8550	46503832	79
8550	46503833	5970
8550	46503834	1
8550	46503835	394
8550	46503836	23
8550	46503837	107
8550	46503838	567
8550	46503839	34
8550	46503840	63
8550	46503841	82
8550	46503842	468
8550	46503843	32
8550	46503844	3
8550	46503845	872
8550	46503846	83
8550	46503847	117320
8550	46503848	1403
8550	46503849	1
8550	46503850	78285
8550	46503851	323144
8550	46503852	60
8550	46503853	64299
8550	46503854	14
8550	46503855	1
8550	46503856	43925
8550	46503857	1
8550	46503858	288
8550	46503859	61
8550	46503860	27
8550	46503861	13
8550	46503862	235
8550	46503863	711
8550	46503864	2
8550	46503865	27582
8550	46503866	3246
8550	46503867	6245
8550	46503868	1
8550	46503869	5978
8550	46503870	256
8550	46503871	2
8550	46503872	10480
8550	46503873	2
8550	46503874	6245
8550	46503875	268
8550	46503876	51
8550	46503877	6
8550	46503878	187
8550	46503879	65637
8550	46503880	1872
8550	46503881	22
8550	46503882	3
8550	46503883	110
8550	46503884	12527
8550	46503885	1
8550	46503886	8
8550	46503887	1660
8550	46503888	26
8550	46503889	7
8550	46503890	3801
8550	46503891	3008
8550	46503892	1
8550	46503893	1192
8550	46503894	107799
8550	46503895	107799
8550	46503896	107799
8550	46503897	107799
8550	46503898	107799
8550	46503899	107799
8550	46503900	107799
8550	46503901	107799
8550	46503902	107799
8550	46503903	107799
8550	46503904	1
8550	46503905	61
8550	46503906	437
8550	46503907	18629
8550	46503908	90878
8550	46503909	7
8550	46503910	1108
8550	46503911	26
8550	46503912	5
8550	46503913	33123
8550	46503914	15
8550	46503915	58341
8550	46503916	25
8550	46503917	28
8550	46503918	1714
8550	46503919	48
8550	46503920	102
8550	46503921	60
8550	46503922	35
8550	46503923	1803
8550	46503924	577
8550	46503925	422
8550	46503926	23
8550	46503927	247
8550	46503928	216851
8550	46503929	23
8550	46503930	7
8550	46503931	77
8550	46503932	23
8550	46503933	78
8550	46503934	50
8550	46503935	41104
8550	46503936	2183
8550	46503937	33
8550	46503938	3
8550	46503939	3485
8550	46503940	1
8550	46503941	5
8550	46503942	6115
8550	46503943	6245
8550	46503944	9
8550	46503945	7132
8550	46503946	79
8550	46503947	268
8550	46503948	65
8550	46503949	251
8550	46503950	46
8550	46503951	1503
8550	46503952	662
8550	46503953	45
8550	46503954	16
8550	46503955	58816
8550	46503956	23
8550	46503957	1752
8550	46503958	1
8550	46503959	1752
8550	46503960	1
8550	46503961	1752
8550	46503962	1
8550	46503963	7
8550	46503964	13415
8550	46503965	7478
8550	46503966	46
8550	46503967	23
8550	46503968	78
8550	46503969	3
8550	46503970	41104
8550	46503971	31652
8550	46503972	16
8550	46503973	5027
8550	46503974	1
8550	46503975	5
8550	46503976	639
8550	46503977	983
8550	46503978	9
8550	46503979	2790
8550	46503980	1
8550	46503981	100
8550	46503982	20336
8550	46503983	9863
8550	46503984	72
8550	46503985	11
8550	46503986	3
8550	46503987	4907
8550	46503988	1
8550	46503989	17
8550	46503990	7
8550	46503991	7505
8550	46503992	1
8550	46503993	5
8550	46503994	25510
8550	46503995	14
8550	46503996	26
8550	46503997	3
8550	46503998	41104
8550	46503999	22114
8550	46504000	79
8550	46504001	129
8550	46504002	1677
8550	46504003	22
8550	46504004	21
8550	46504005	1
8550	46504006	45
8550	46504007	1390
8550	46504008	23
8550	46504009	78
8550	46504010	12
8550	46504011	10279
8550	46504012	3
8550	46504013	1973
8550	46504014	1
8550	46504015	172
8550	46504016	2231
8550	46504017	32
8550	46504018	49
8550	46504019	26
8550	46504020	100
8550	46504021	33
8550	46504022	3
8550	46504023	1973
8550	46504024	1
8550	46504025	12
8550	46504026	2501
8550	46504027	1
8550	46504028	1254
8550	46504029	574
8550	46504030	983
8550	46504031	9
8550	46504032	7132
8550	46504033	79
8550	46504034	11706
8550	46504035	1378
8550	46504036	1
8550	46504037	1069
8550	46504038	148214
8550	46504039	88
8550	46504040	78
8550	46504041	21
8550	46504042	14970
8550	46504043	29
8550	46504044	9
8550	46504045	134
8550	46504046	79
8550	46504047	8
8550	46504048	13133
8550	46504049	1
8550	46504050	429
8550	46504051	1
8550	46504052	38
8550	46504053	13748
8550	46504054	23
8550	46504055	609
8550	46504056	137
8550	46504057	6632
8550	46504058	7
8550	46504059	7163
8550	46504060	1
8550	46504061	1552
8550	46504062	1
8550	46504063	8
8550	46504064	198
8550	46504065	3044
8550	46504066	9
8550	46504067	535
8550	46504068	351
8550	46504069	2170
8550	46504070	1
8550	46504071	82
8550	46504072	28695
8550	46504073	204
8550	46504074	1
8550	46504075	60
8550	46504076	78
8550	46504077	21
8550	46504078	639
8550	46504079	983
8550	46504080	9
8550	46504081	487
8550	46504082	3
8550	46504083	4907
8550	46504084	79
8550	46504085	655
8550	46504086	23
8550	46504087	13
8550	46504088	59
8550	46504089	8846
8550	46504090	32
8550	46504091	35
8550	46504092	15727
8550	46504093	2
8550	46504094	71
8550	46504095	107799
8550	46504096	107799
8550	46504097	107799
8550	46504098	107799
8550	46504099	107799
8550	46504100	107799
8550	46504101	107799
8550	46504102	107799
8550	46504103	107799
8550	46504104	107799
8550	46504105	10719
8550	46504106	2
8550	46504107	9195
8550	46504108	20336
8550	46504109	23
8550	46504110	35
8550	46504111	1283
8550	46504112	251
8550	46504113	38
8550	46504114	9457
8550	46504115	65
8550	46504116	35
8550	46504117	112
8550	46504118	131
8550	46504119	63
8550	46504120	624
8550	46504121	13
8550	46504122	100
8550	46504123	8
8550	46504124	152
8550	46504125	3283
8550	46504126	13
8550	46504127	26
8550	46504128	65
8550	46504129	35
8550	46504130	211
8550	46504131	99
8550	46504132	105
8550	46504133	4899
8550	46504134	9
8550	46504135	501
8550	46504136	2
8550	46504137	8
8550	46504138	816
8550	46504139	13
8550	46504140	1
8550	46504141	17
8550	46504142	3
8550	46504143	321
8550	46504144	37377
8550	46504145	1413
8550	46504146	2
8550	46504147	1624
8550	46504148	567
8550	46504149	43
8550	46504150	7568
8550	46504151	9594
8550	46504152	54614
8550	46504153	69
8550	46504154	1802
8550	46504155	488
8550	46504156	2
8550	46504157	572
8550	46504158	186
8550	46504159	207628
8550	46504160	13
8550	46504161	15
8550	46504162	217
8550	46504163	26
8550	46504164	5
8550	46504165	2263
8550	46504166	1
8550	46504167	1960
8550	46504168	6
8550	46504169	118
8550	46504170	6332
8550	46504171	1
8550	46504172	5
8550	46504173	11413
8550	46504174	45
8550	46504175	4554
8550	46504176	1
8550	46504177	198
8550	46504178	1071
8550	46504179	3
8550	46504180	1659
8550	46504181	26186
8550	46504182	6
8550	46504183	1941
8550	46504184	2
8550	46504185	60
8550	46504186	71
8550	46504187	80
8550	46504188	24
8550	46504189	495
8550	46504190	85
8550	46504191	83
8550	46504192	170
8550	46504193	511
8550	46504194	72839
8550	46504195	9
8550	46504196	16412
8550	46504197	34
8550	46504198	262
8550	46504199	8
8550	46504200	23542
8550	46504201	13
8550	46504202	1
8550	46504203	25
8550	46504204	35
8550	46504205	3893
8550	46504206	22
8550	46504207	2532
8550	46504208	15
8550	46504209	35
8550	46504210	15976
8550	46504211	717
8550	46504212	1
8550	46504213	35
8550	46504214	279
8550	46504215	88
8550	46504216	3246
8550	46504217	232831
8550	46504218	1
8550	46504219	4067
8550	46504220	1
8550	46504221	17
8550	46504222	3
8550	46504223	11344
8550	46504224	6
8550	46504225	7
8550	46504226	16455
8550	46504227	26
8550	46504228	47
8550	46504229	12
8550	46504230	1751
8550	46504231	1
8550	46504232	20336
8550	46504233	9580
8550	46504234	2240
8550	46504235	2
8550	46504236	44805
8550	46504237	2
8550	46504238	99935
8550	46504239	2886
8550	46504240	101949
8550	46504241	1
8550	46504242	66646
8550	46504243	152722
8550	46504244	2
8550	46504245	10480
8550	46504246	2
8550	46504247	6245
8550	46504248	57
8550	46504249	506
8550	46504250	287
8550	46504251	23
8550	46504252	78
8550	46504253	4317
8550	46504254	15
8550	46504255	147374
8550	46504256	79
8550	46504257	67501
8550	46504258	1
8550	46504259	160224
8550	46504260	23
8550	46504261	44805
8550	46504262	2
8550	46504263	99935
8550	46504264	78
8550	46504265	3502
8550	46504266	16
8550	46504267	16455
8550	46504268	11
8550	46504269	41644
8550	46504270	79
8550	46504271	248
8550	46504272	1
8550	46504273	23901
8550	46504274	88
8550	46504275	877
8550	46504276	1599
8550	46504277	1
8550	46504278	23901
8550	46504279	23
8550	46504280	1336
8550	46504281	753
8550	46504282	88
8550	46504283	35
8550	46504284	1089
8550	46504285	48
8550	46504286	366
8550	46504287	6
8550	46504288	3847
8550	46504289	2
8550	46504290	10480
8550	46504291	2
8550	46504292	6245
8550	46504293	78
8550	46504294	172
8550	46504295	845
8550	46504296	107799
8550	46504297	107799
8550	46504298	107799
8550	46504299	107799
8550	46504300	107799
8550	46504301	107799
8550	46504302	107799
8550	46504303	107799
8550	46504304	107799
8550	46504305	107799
8550	46504306	2
8550	46504307	99935
8550	46504308	2861
8550	46504309	1
8550	46504310	339
8550	46504311	88
8550	46504312	8
8550	46504313	123
8550	46504314	9
8550	46504315	226
8550	46504316	13
8550	46504317	148
8550	46504318	732
8550	46504319	10
8550	46504320	832
8550	46504321	60
8550	46504322	8
8550	46504323	225
8550	46504324	9
8550	46504325	12319
8550	46504326	13
8550	46504327	2
8550	46504328	10480
8550	46504329	2
8550	46504330	6245
8550	46504331	14519
8550	46504332	1
8550	46504333	535965
8550	46504334	23
8550	46504335	78
8550	46504336	3929
8550	46504337	271047
8550	46504338	40
8550	46504339	29
8550	46504340	79
8550	46504341	109
8550	46504342	223
8550	46504343	8
8550	46504344	115
8550	46504345	23
8550	46504346	78
8550	46504347	1665
8550	46504348	1396
8550	46504349	79
8550	46504350	57
8550	46504351	131
8550	46504352	30
8550	46504353	1123
8550	46504354	2
8550	46504355	205
8550	46504356	26
8550	46504357	8
8550	46504358	157
8550	46504359	11107
8550	46504360	25
8550	46504361	178
8550	46504362	20336
8550	46504363	41
8550	46504364	35
8550	46504365	319
8550	46504366	1
8550	46504367	35
8550	46504368	150
8550	46504369	44
8550	46504370	1300
8550	46504371	467
8550	46504372	2540
8550	46504373	5
8550	46504374	7970
8550	46504375	18701
8550	46504376	2
8550	46504377	78
8550	46504378	2501
8550	46504379	79
8550	46504380	67
8550	46504381	599
8550	46504382	15137
8550	46504383	8
8550	46504384	10
8550	46504385	1149
8550	46504386	85
8550	46504387	83
8550	46504388	8
8550	46504389	10
8550	46504390	4414
8550	46504391	20
8550	46504392	861
8550	46504393	88
8550	46504394	78
8550	46504395	3133
8550	46504396	415
8550	46504397	79
8550	46504398	474
8550	46504399	1390
8550	46504400	23
8550	46504401	8
8550	46504402	95
8550	46504403	2224
8550	46504404	3
8550	46504405	3008
8550	46504406	43
8550	46504407	204
8550	46504408	88
8550	46504409	510
8550	46504410	3
8550	46504411	1776
8550	46504412	48
8550	46504413	43
8550	46504414	23
8550	46504415	78
8550	46504416	4317
8550	46504417	295
8550	46504418	3
8550	46504419	1973
8550	46504420	26
8550	46504421	38
8550	46504422	3326
8550	46504423	415
8550	46504424	1
8550	46504425	47
8550	46504426	4741
8550	46504427	2183
8550	46504428	32
8550	46504429	3
8550	46504430	163
8550	46504431	2
8550	46504432	814
8550	46504433	7
8550	46504434	780
8550	46504435	1434
8550	46504436	1
8550	46504437	12
8550	46504438	1751
8550	46504439	79
8550	46504440	271047
8550	46504441	23
8550	46504442	44805
8550	46504443	2
8550	46504444	99935
8550	46504445	78
8550	46504446	73
8550	46504447	18
8550	46504448	6523
8550	46504449	21119
8550	46504450	79
8550	46504451	205
8550	46504452	1
8550	46504453	339
8550	46504454	2
8550	46504455	10480
8550	46504456	2
8550	46504457	6245
8550	46504458	216
8550	46504459	13
8550	46504460	111
8550	46504461	46
8550	46504462	110
8550	46504463	197
8550	46504464	19
8550	46504465	44805
8550	46504466	2
8550	46504467	133199
8550	46504468	205
8550	46504469	1
8550	46504470	339
8550	46504471	2
8550	46504472	10480
8550	46504473	2
8550	46504474	6245
8550	46504475	71
8550	46504476	131
8550	46504477	171
8550	46504478	320
8550	46504479	15
8550	46504480	49
8550	46504481	2
8550	46504482	44805
8550	46504483	2
8550	46504484	69737
8550	46504485	6909
8550	46504486	1
8550	46504487	339
8550	46504488	19
8550	46504489	10480
8550	46504490	2
8550	46504491	6245
8550	46504492	71
8550	46504493	83
8550	46504494	218
8550	46504495	8
8550	46504496	3246
8550	46504497	107799
8550	46504498	107799
8550	46504499	107799
8550	46504500	107799
8550	46504501	107799
8550	46504502	107799
8550	46504503	107799
8550	46504504	107799
8550	46504505	107799
8550	46504506	107799
8550	46504507	288
8550	46504508	14
8550	46504509	48
8550	46504510	50
8550	46504511	1782
8550	46504512	49793
8550	46504513	23
8550	46504514	10480
8550	46504515	2
8550	46504516	6245
8550	46504517	794
8550	46504518	302
8550	46504519	1
8550	46504520	31048
8550	46504521	26
8550	46504522	45698
8550	46504523	2
8550	46504524	44805
8550	46504525	2
8550	46504526	1236324
8550	46504527	5614
8550	46504528	265726
8550	46504529	1
8550	46504530	15975
8550	46504531	69
8550	46504532	28075
8550	46504533	23
8550	46504534	78
8550	46504535	69737
8550	46504536	5560
8550	46504537	3
8550	46504538	1973
8550	46504539	1
8550	46504540	1399
8550	46504541	45
8550	46504542	6245
8550	46504543	26
8550	46504544	5
8550	46504545	23175
8550	46504546	4741
8550	46504547	27475
8550	46504548	2
8550	46504549	6245
8550	46504550	43171
8550	46504551	9
8550	46504552	1300
8550	46504553	2
8550	46504554	4741
8550	46504555	1
8550	46504556	73
8550	46504557	25221
8550	46504558	29
8550	46504559	2
8550	46504560	69737
8550	46504561	6299
8550	46504562	49
8550	46504563	759
8550	46504564	29
8550	46504565	1
8550	46504566	218
8550	46504567	6245
8550	46504568	1512
8550	46504569	3
8550	46504570	3008
8550	46504571	2
8550	46504572	4741
8550	46504573	1
8550	46504574	7624
8550	46504575	9
8550	46504576	1159
8550	46504577	1
8550	46504578	22
8550	46504579	2547
8550	46504580	45
8550	46504581	147374
8550	46504582	1
8550	46504583	73
8550	46504584	675
8550	46504585	320
8550	46504586	51786
8550	46504587	2
8550	46504588	57
8550	46504589	14458
8550	46504590	32
8550	46504591	29
8550	46504592	26
8550	46504593	12
8550	46504594	714
8550	46504595	49
8550	46504596	62
8550	46504597	11
8550	46504598	16
8550	46504599	377
8550	46504600	1
8550	46504601	5
8550	46504602	2860
8550	46504603	49
8550	46504604	374
8550	46504605	3
8550	46504606	1973
8550	46504607	26
8550	46504608	21
8550	46504609	6064
8550	46504610	29
8550	46504611	1
8550	46504612	12
8550	46504613	6235
8550	46504614	49
8550	46504615	98
8550	46504616	2
8550	46504617	79
8550	46504618	16439
8550	46504619	2
8550	46504620	4741
8550	46504621	78
8550	46504622	558019
8550	46504623	17
8550	46504624	2208
8550	46504625	79
8550	46504626	71
8550	46504627	12204
8550	46504628	23
8550	46504629	44805
8550	46504630	2
8550	46504631	99935
8550	46504632	78
8550	46504633	2648
8550	46504634	242
8550	46504635	1
8550	46504636	7178
8550	46504637	79
8550	46504638	134195
8550	46504639	187
8550	46504640	10342
8550	46504641	1
8550	46504642	1905
8550	46504643	6161
8550	46504644	49793
8550	46504645	2
8550	46504646	16439
8550	46504647	2
8550	46504648	4741
8550	46504649	78
8550	46504650	2719
8550	46504651	29
8550	46504652	1396
8550	46504653	79
8550	46504654	128327
8550	46504655	1
8550	46504656	5088
8550	46504657	23
8550	46504658	6161
8550	46504659	1
8550	46504660	4654
8550	46504661	23
8550	46504662	44805
8550	46504663	2
8550	46504664	99935
8550	46504665	78
8550	46504666	25101
8550	46504667	1
8550	46504668	5
8550	46504669	31577
8550	46504670	79
8550	46504671	5313
8550	46504672	425
8550	46504673	69806
8550	46504674	60
8550	46504675	38
8550	46504676	14
8550	46504677	48
8550	46504678	65
8550	46504679	54
8550	46504680	131
8550	46504681	151
8550	46504682	235
8550	46504683	15
8550	46504684	2
8550	46504685	788
8550	46504686	6879
8550	46504687	33
8550	46504688	176
8550	46504689	3745
8550	46504690	2
8550	46504691	60
8550	46504692	68069
8550	46504693	25
8550	46504694	335
8550	46504695	13
8550	46504696	59
8550	46504697	81
8550	46504698	107799
8550	46504699	107799
8550	46504700	107799
8550	46504701	107799
8550	46504702	107799
8550	46504703	107799
8550	46504704	107799
8550	46504705	107799
8550	46504706	107799
8550	46504707	107799
8550	46504708	2815
8550	46504709	83
8550	46504710	44805
8550	46504711	2
8550	46504712	69737
8550	46504713	2899
8550	46504714	6509
8550	46504715	1
8550	46504716	6144
8550	46504717	3018
8550	46504718	26
8550	46504719	5
8550	46504720	281
8550	46504721	1356
8550	46504722	13
8550	46504723	3
8550	46504724	21538
8550	46504725	6
8550	46504726	69
8550	46504727	3300
8550	46504728	2
8550	46504729	393
8550	46504730	54
8550	46504731	223
8550	46504732	367
8550	46504733	30
8550	46504734	6
8550	46504735	82
8550	46504736	399
8550	46504737	60
8550	46504738	16439
8550	46504739	2
8550	46504740	4741
8550	46504741	127
8550	46504742	6
8550	46504743	82
8550	46504744	399
8550	46504745	2
8550	46504746	44805
8550	46504747	2
8550	46504748	133199
8550	46504749	205
8550	46504750	26
8550	46504751	100
8550	46504752	35
8550	46504753	1026
8550	46504754	18482
8550	46504755	69
8550	46504756	2247
8550	46504757	2
8550	46504758	16439
8550	46504759	2
8550	46504760	4741
8550	46504761	572
8550	46504762	1026
8550	46504763	1
8550	46504764	13
8550	46504765	17179
8550	46504766	1222
8550	46504767	23
8550	46504768	44805
8550	46504769	2
8550	46504770	133199
8550	46504771	3302
8550	46504772	1
8550	46504773	12
8550	46504774	39
8550	46504775	12
8550	46504776	44
8550	46504777	1
8550	46504778	43
8550	46504779	204
8550	46504780	26
8550	46504781	5
8550	46504782	8
8550	46504783	105
8550	46504784	3660
8550	46504785	16
8550	46504786	338
8550	46504787	2
8550	46504788	16439
8550	46504789	2
8550	46504790	4741
8550	46504791	71
8550	46504792	95
8550	46504793	1060
8550	46504794	30
8550	46504795	10034
8550	46504796	152
8550	46504797	1
8550	46504798	31048
8550	46504799	2
8550	46504800	3246
8550	46504801	40
8550	46504802	3
8550	46504803	3008
8550	46504804	1
8550	46504805	17921
8550	46504806	1
8550	46504807	11563
8550	46504808	45
8550	46504809	5903
8550	46504810	594593
8550	46504811	26
8550	46504812	26239
8550	46504813	702359
8550	46504814	2776
8550	46504815	1
8550	46504816	86072
8550	46504817	2
8550	46504818	4169
8550	46504819	2164
8550	46504820	2597
8550	46504821	2
8550	46504822	45209
8550	46504823	2
8550	46504824	3707
8550	46504825	43925
8550	46504826	559
8550	46504827	527
8550	46504828	1
8550	46504829	66646
8550	46504830	152722
8550	46504831	2
8550	46504832	16439
8550	46504833	2
8550	46504834	4741
8550	46504835	237
8550	46504836	1599
8550	46504837	1
8550	46504838	8
8550	46504839	12179
8550	46504840	3902
8550	46504841	33
8550	46504842	43
8550	46504843	5162
8550	46504844	2
8550	46504845	45209
8550	46504846	2
8550	46504847	3707
8550	46504848	43925
8550	46504849	3743
8550	46504850	1
8550	46504851	4741
8550	46504852	2
8550	46504853	559
8550	46504854	339
8550	46504855	26
8550	46504856	54
8550	46504857	64
8550	46504858	70
8550	46504859	114
8550	46504860	3611
8550	46504861	85
8550	46504862	227
8550	46504863	1678
8550	46504864	22
8550	46504865	1123
8550	46504866	9
8550	46504867	4054
8550	46504868	3
8550	46504869	327
8550	46504870	314
8550	46504871	732
8550	46504872	85
8550	46504873	54
8550	46504874	95
8550	46504875	200
8550	46504876	7
8550	46504877	18094
8550	46504878	11
8550	46504879	3
8550	46504880	3557
8550	46504881	2
8550	46504882	10480
8550	46504883	2
8550	46504884	6245
8550	46504885	75
8550	46504886	1
8550	46504887	339
8550	46504888	1
8550	46504889	8
8550	46504890	70
8550	46504891	24
8550	46504892	229
8550	46504893	26122
8550	46504894	1
8550	46504895	5
8550	46504896	888
8550	46504897	8
8550	46504898	135
8550	46504899	107799
8550	46504900	107799
8550	46504901	107799
8550	46504902	107799
8550	46504903	107799
8550	46504904	107799
8550	46504905	107799
8550	46504906	107799
8550	46504907	107799
8550	46504908	107799
8550	46504909	33
8550	46504910	35
8550	46504911	1669
8550	46504912	26
8550	46504913	8
8550	46504914	243
8550	46504915	7
8550	46504916	2502
8550	46504917	55031
8550	46504918	45
8550	46504919	6839
8550	46504920	153
8550	46504921	63
8550	46504922	56
8550	46504923	4417
8550	46504924	9
8550	46504925	1734
8550	46504926	11
8550	46504927	3
8550	46504928	3008
8550	46504929	2
8550	46504930	38884
8550	46504931	2
8550	46504932	3707
8550	46504933	72199
8550	46504934	78
8550	46504935	1006
8550	46504936	15
8550	46504937	43925
8550	46504938	79
8550	46504939	223
8550	46504940	8
8550	46504941	1154007
8550	46504942	3
8550	46504943	13484
8550	46504944	11528
8550	46504945	19
8550	46504946	45209
8550	46504947	2
8550	46504948	3707
8550	46504949	43925
8550	46504950	241
8550	46504951	26
8550	46504952	8
8550	46504953	925
8550	46504954	16
8550	46504955	14293
8550	46504956	2
8550	46504957	78
8550	46504958	438
8550	46504959	6245
8550	46504960	79
8550	46504961	71
8550	46504962	44
8550	46504963	1
8550	46504964	424
8550	46504965	1
8550	46504966	70
8550	46504967	12194
8550	46504968	34
8550	46504969	775
8550	46504970	3526
8550	46504971	1
8550	46504972	104
8550	46504973	8
8550	46504974	18
8550	46504975	579
8550	46504976	13
8550	46504977	17
8550	46504978	35
8550	46504979	563
8550	46504980	2
8550	46504981	10480
8550	46504982	2
8550	46504983	6245
8550	46504984	8
8550	46504985	264
8550	46504986	27
8550	46504987	3823
8550	46504988	14
8550	46504989	2
8550	46504990	45209
8550	46504991	2
8550	46504992	3707
8550	46504993	43925
8550	46504994	241
8550	46504995	1
8550	46504996	1552
8550	46504997	2273
8550	46504998	363008
8550	46504999	15
8550	46505000	34
8550	46505001	25
8550	46505002	13
8550	46505003	35815
8550	46505004	49
8550	46505005	93
8550	46505006	50
8550	46505007	110
8550	46505008	2378
8550	46505009	2
8550	46505010	2336
8550	46505011	21
8550	46505012	3
8550	46505013	4499
8550	46505014	9
8550	46505015	30
8550	46505016	475
8550	46505017	15
8550	46505018	13
8550	46505019	19
8550	46505020	10480
8550	46505021	2
8550	46505022	6245
8550	46505023	8
8550	46505024	18
8550	46505025	3
8550	46505026	1172
8550	46505027	6
8550	46505028	1254
8550	46505029	49
8550	46505030	32
8550	46505031	3
8550	46505032	118090
8550	46505033	7162
8550	46505034	32
8550	46505035	41075
8550	46505036	2
8550	46505037	45209
8550	46505038	2
8550	46505039	3707
8550	46505040	43925
8550	46505041	1812
8550	46505042	1
8550	46505043	339
8550	46505044	1
8550	46505045	13
8550	46505046	80
8550	46505047	1
8550	46505048	640
8550	46505049	12070
8550	46505050	34
8550	46505051	273
8550	46505052	8
8550	46505053	10865
8550	46505054	90
8550	46505055	1068
8550	46505056	6
8550	46505057	187
8550	46505058	8
8550	46505059	1486
8550	46505060	17
8550	46505061	35
8550	46505062	563
8550	46505063	26
8550	46505064	5
8550	46505065	14
8550	46505066	99
8550	46505067	1441
8550	46505068	4925
8550	46505069	15
8550	46505070	34
8550	46505071	25
8550	46505072	3
8550	46505073	1782
8550	46505074	399
8550	46505075	6
8550	46505076	101949
8550	46505077	1
8550	46505078	15
8550	46505079	51
8550	46505080	13
8550	46505081	343
8550	46505082	13
8550	46505083	5231
8550	46505084	1
8550	46505085	251
8550	46505086	24
8550	46505087	5431
8550	46505088	11
8550	46505089	4939
8550	46505090	85
8550	46505091	101949
8550	46505092	22
8550	46505093	24
8550	46505094	166
8550	46505095	7
8550	46505096	3472
8550	46505097	279
8550	46505098	2
8550	46505099	44805
8550	46505100	107799
8550	46505101	107799
8550	46505102	107799
8550	46505103	107799
8550	46505104	107799
8550	46505105	107799
8550	46505106	107799
8550	46505107	107799
8550	46505108	107799
8550	46505109	107799
8550	46505110	339
8550	46505111	1
8550	46505112	65
8550	46505113	44
8550	46505114	235
8550	46505115	6
8550	46505116	46
8550	46505117	37746
8550	46505118	279
8550	46505119	2
8550	46505120	38884
8550	46505121	2
8550	46505122	3707
8550	46505123	72199
8550	46505124	78
8550	46505125	1006
8550	46505126	15
8550	46505127	43925
8550	46505128	79
8550	46505129	350
8550	46505130	944
8550	46505131	7
8550	46505132	78189
8550	46505133	12
8550	46505134	458
8550	46505135	19
8550	46505136	16439
8550	46505137	2
8550	46505138	4741
8550	46505139	8
8550	46505140	175
8550	46505141	42
8550	46505142	41
8550	46505143	21066
8550	46505144	1
8550	46505145	35
8550	46505146	1599
8550	46505147	1
8550	46505148	45
8550	46505149	66
8550	46505150	1087
8550	46505151	26
8550	46505152	5
8550	46505153	8
8550	46505154	820
8550	46505155	13
8550	46505156	95
8550	46505157	63
8550	46505158	53
8550	46505159	1139
8550	46505160	10034
8550	46505161	2
8550	46505162	45209
8550	46505163	2
8550	46505164	3707
8550	46505165	43925
8550	46505166	8
8550	46505167	95
8550	46505168	495
8550	46505169	15
8550	46505170	13
8550	46505171	5230
8550	46505172	1
8550	46505173	4741
8550	46505174	85
8550	46505175	25022
8550	46505176	2
8550	46505177	78
8550	46505178	4741
8550	46505179	1
8550	46505180	11
8550	46505181	32785
8550	46505182	1
8550	46505183	1047780
8550	46505184	242
8550	46505185	1
8550	46505186	28
8550	46505187	215
8550	46505188	33
8550	46505189	28
8550	46505190	1556
8550	46505191	26
8550	46505192	47
8550	46505193	21
8550	46505194	5560
8550	46505195	147374
8550	46505196	1
8550	46505197	12
8550	46505198	14055
8550	46505199	1
8550	46505200	21
8550	46505201	14312
8550	46505202	29
8550	46505203	79
8550	46505204	179500
8550	46505205	2
8550	46505206	3707
8550	46505207	43925
8550	46505208	559
8550	46505209	1
8550	46505210	446
8550	46505211	101949
8550	46505212	1
8550	46505213	8
8550	46505214	70
8550	46505215	56
8550	46505216	189
8550	46505217	176
8550	46505218	298
8550	46505219	24
8550	46505220	9
8550	46505221	63
8550	46505222	90
8550	46505223	9341
8550	46505224	20
8550	46505225	893
8550	46505226	1
8550	46505227	151
8550	46505228	8
8550	46505229	1359
8550	46505230	94
8550	46505231	1554
8550	46505232	22
8550	46505233	1
8550	46505234	25
8550	46505235	13
8550	46505236	80
8550	46505237	5682
8550	46505238	3
8550	46505239	6046
8550	46505240	6
8550	46505241	35
8550	46505242	3008
8550	46505243	2
8550	46505244	237
8550	46505245	563
8550	46505246	22
8550	46505247	12063
8550	46505248	85
8550	46505249	5
8550	46505250	47
8550	46505251	13
8550	46505252	59
8550	46505253	1762
8550	46505254	7
8550	46505255	1323
8550	46505256	45883
8550	46505257	83
8550	46505258	10480
8550	46505259	2
8550	46505260	6245
8550	46505261	8140
8550	46505262	1
8550	46505263	7
8550	46505264	14671
8550	46505265	15
8550	46505266	69
8550	46505267	8199
8550	46505268	1
8550	46505269	35
8550	46505270	1599
8550	46505271	2
8550	46505272	45209
8550	46505273	2
8550	46505274	3707
8550	46505275	43925
8550	46505276	71
8550	46505277	153
8550	46505278	30
8550	46505279	1720
8550	46505280	2
8550	46505281	160
8550	46505282	7
8550	46505283	338
8550	46505284	1
8550	46505285	104
8550	46505286	7
8550	46505287	773
8550	46505288	73
8550	46505289	2183
8550	46505290	9
8550	46505291	30
8550	46505292	6
8550	46505293	90
8550	46505294	3893
8550	46505295	1
8550	46505296	135
8550	46505297	1071
8550	46505298	65
8550	46505299	22
8550	46505300	6139
8550	46505301	107799
8550	46505302	107799
8550	46505303	107799
8550	46505304	107799
8550	46505305	107799
8550	46505306	107799
8550	46505307	107799
8550	46505308	107799
8550	46505309	107799
8550	46505310	107799
8550	46505311	15417
8550	46505312	16
8550	46505313	28950
8550	46505314	2
8550	46505315	10480
8550	46505316	2
8550	46505317	6245
8550	46505318	78
8550	46505319	386
8550	46505320	425
8550	46505321	9811
8550	46505322	79
8550	46505323	29649
8550	46505324	1
8550	46505325	8
8550	46505326	105
8550	46505327	21448
8550	46505328	15
8550	46505329	47974
8550	46505330	2
8550	46505331	45209
8550	46505332	2
8550	46505333	3707
8550	46505334	43925
8550	46505335	1624
8550	46505336	6909
8550	46505337	15
8550	46505338	7419
8550	46505339	20339
8550	46505340	256
8550	46505341	2
8550	46505342	10480
8550	46505343	2
8550	46505344	6245
8550	46505345	2869
8550	46505346	5330
8550	46505347	2747
8550	46505348	3
8550	46505349	186
8550	46505350	6
8550	46505351	58341
8550	46505352	135
8550	46505353	6638
8550	46505354	15
8550	46505355	34
8550	46505356	20
8550	46505357	43
8550	46505358	1418
8550	46505359	2
8550	46505360	78
8550	46505361	270116
8550	46505362	924
8550	46505363	9
8550	46505364	134
8550	46505365	79
8550	46505366	5723
8550	46505367	1
8550	46505368	35
8550	46505369	1599
8550	46505370	1
8550	46505371	5
8550	46505372	4509
8550	46505373	35
8550	46505374	34840
8550	46505375	2
8550	46505376	8
8550	46505377	5257
8550	46505378	3
8550	46505379	279
8550	46505380	6
8550	46505381	152722
8550	46505382	22
8550	46505383	8768
8550	46505384	85
8550	46505385	38
8550	46505386	8
8550	46505387	157
8550	46505388	7
8550	46505389	773
8550	46505390	26
8550	46505391	8
8550	46505392	14768
8550	46505393	69
8550	46505394	563
8550	46505395	60
8550	46505396	266619
8550	46505397	2
8550	46505398	3707
8550	46505399	43925
8550	46505400	67
8550	46505401	69
8550	46505402	560
8550	46505403	279
8550	46505404	22
8550	46505405	247
8550	46505406	10480
8550	46505407	2
8550	46505408	6245
8550	46505409	78
8550	46505410	1006
8550	46505411	79
8550	46505412	241
8550	46505413	26
8550	46505414	92
8550	46505415	41
8550	46505416	97473
8550	46505417	189
8550	46505418	626
8550	46505419	85
8550	46505420	9
8550	46505421	17148
8550	46505422	149
8550	46505423	6
8550	46505424	34
8550	46505425	1
8550	46505426	12
8550	46505427	153
8550	46505428	1053
8550	46505429	338
8550	46505430	15
8550	46505431	35
8550	46505432	186
8550	46505433	2
8550	46505434	58549
8550	46505435	2
8550	46505436	3707
8550	46505437	72199
8550	46505438	78
8550	46505439	11
8550	46505440	7
8550	46505441	38178
8550	46505442	222
8550	46505443	79
8550	46505444	71
8550	46505445	11263
8550	46505446	1
8550	46505447	23901
8550	46505448	1
8550	46505449	3
8550	46505450	773
8550	46505451	22
8550	46505452	3317
8550	46505453	85
8550	46505454	729
8550	46505455	2010
8550	46505456	12
8550	46505457	22
8550	46505458	2168
8550	46505459	6
8550	46505460	16
8550	46505461	279
8550	46505462	2
8550	46505463	10480
8550	46505464	2
8550	46505465	6245
8550	46505466	78
8550	46505467	4243
8550	46505468	4107
8550	46505469	108
8550	46505470	29
8550	46505471	79
8550	46505472	2
8550	46505473	67
8550	46505474	73
8550	46505475	59
8550	46505476	13
8550	46505477	92
8550	46505478	4500
8550	46505479	171
8550	46505480	46
8550	46505481	21070
8550	46505482	16579
8550	46505483	19
8550	46505484	655
8550	46505485	23
8550	46505486	424
8550	46505487	3
8550	46505488	325
8550	46505489	1
8550	46505490	3
8550	46505491	45496
8550	46505492	6
8550	46505493	35
8550	46505494	16369
8550	46505495	60
8550	46505496	424
8550	46505497	35
8550	46505498	15976
8550	46505499	149
8550	46505500	85
8550	46505501	60
8550	46505502	107799
8550	46505503	107799
8550	46505504	107799
8550	46505505	107799
8550	46505506	107799
8550	46505507	107799
8550	46505508	107799
8550	46505509	107799
8550	46505510	107799
8550	46505511	107799
8550	46505512	13
8550	46505513	1
8550	46505514	518
8550	46505515	7
8550	46505516	3472
8550	46505517	4990
8550	46505518	1
8550	46505519	9
8550	46505520	9517
8550	46505521	34
8550	46505522	3
8550	46505523	8035
8550	46505524	17
8550	46505525	3
8550	46505526	77
8550	46505527	73
8550	46505528	99
8550	46505529	14270
8550	46505530	34
8550	46505531	85
8550	46505532	121
8550	46505533	48
8550	46505534	35
8550	46505535	7606
8550	46505536	2
8550	46505537	78
8550	46505538	28030
8550	46505539	98
8550	46505540	16
8550	46505541	7606
8550	46505542	32
8550	46505543	72199
8550	46505544	308
8550	46505545	26
8550	46505546	72199
8550	46505547	4153
8550	46505548	79
8550	46505549	912157
8550	46505550	32
8550	46505551	23
8550	46505552	105
8550	46505553	80
8550	46505554	8
8550	46505555	8242
8550	46505556	15
8550	46505557	165
8550	46505558	21851
8550	46505559	23
8550	46505560	78
8550	46505561	3
8550	46505562	2164
8550	46505563	19974
8550	46505564	6245
8550	46505565	2
8550	46505566	270116
8550	46505567	14970
8550	46505568	53
8550	46505569	242
8550	46505570	79
8550	46505571	179500
8550	46505572	2
8550	46505573	3707
8550	46505574	43925
8550	46505575	18078
8550	46505576	23901
8550	46505577	1
8550	46505578	69
8550	46505579	1539
8550	46505580	22
8550	46505581	62911
8550	46505582	2
8550	46505583	1766
8550	46505584	34
8550	46505585	69
8550	46505586	1610
8550	46505587	2
8550	46505588	10480
8550	46505589	2
8550	46505590	6245
8550	46505591	8
8550	46505592	31392
8550	46505593	14
8550	46505594	15
8550	46505595	3
8550	46505596	186
8550	46505597	6
8550	46505598	298326
8550	46505599	78
8550	46505600	1338
8550	46505601	16
8550	46505602	1610
8550	46505603	79
8550	46505604	179500
8550	46505605	2
8550	46505606	3707
8550	46505607	43925
8550	46505608	474
8550	46505609	35
8550	46505610	40271
8550	46505611	1
8550	46505612	12
8550	46505613	48
8550	46505614	7
8550	46505615	553
8550	46505616	1503
8550	46505617	2
8550	46505618	78
8550	46505619	1006
8550	46505620	79
8550	46505621	493
8550	46505622	1
8550	46505623	176
8550	46505624	773
8550	46505625	1
8550	46505626	8
8550	46505627	23868
8550	46505628	69
8550	46505629	1610
8550	46505630	2
8550	46505631	6592
8550	46505632	2010
8550	46505633	13
8550	46505634	139
8550	46505635	196
8550	46505636	9
8550	46505637	1084
8550	46505638	14
8550	46505639	26
8550	46505640	38
8550	46505641	6877
8550	46505642	14
8550	46505643	94
8550	46505644	7
8550	46505645	689
8550	46505646	5745
8550	46505647	2
8550	46505648	28603
8550	46505649	85
8550	46505650	8
8550	46505651	276
8550	46505652	10241
8550	46505653	92
8550	46505654	129
8550	46505655	1678
8550	46505656	22
8550	46505657	24
8550	46505658	618
8550	46505659	54
8550	46505660	91
8550	46505661	30
8550	46505662	3850
8550	46505663	2
8550	46505664	78
8550	46505665	270116
8550	46505666	5
8550	46505667	72199
8550	46505668	27582
8550	46505669	374
8550	46505670	3
8550	46505671	1973
8550	46505672	2
8550	46505673	29012
8550	46505674	3364
8550	46505675	79
8550	46505676	10480
8550	46505677	2
8550	46505678	6245
8550	46505679	237
8550	46505680	1599
8550	46505681	1
8550	46505682	14
8550	46505683	22
8550	46505684	120
8550	46505685	618
8550	46505686	2
8550	46505687	974
8550	46505688	15
8550	46505689	69
8550	46505690	563
8550	46505691	26
8550	46505692	20
8550	46505693	45
8550	46505694	938
8550	46505695	1
8550	46505696	8
8550	46505697	95
8550	46505698	63
8550	46505699	49
8550	46505700	1
8550	46505701	55
8550	46505702	16739
8550	46505703	107799
8550	46505704	107799
8550	46505705	107799
8550	46505706	107799
8550	46505707	107799
8550	46505708	107799
8550	46505709	107799
8550	46505710	107799
8550	46505711	107799
8550	46505712	107799
8550	46505713	1
8550	46505714	4760
8550	46505715	1
8550	46505716	5
8550	46505717	3
8550	46505718	1973
8550	46505719	22
8550	46505720	3369
8550	46505721	79
8550	46505722	42405
8550	46505723	23
8550	46505724	3
8550	46505725	1973
8550	46505726	7367
8550	46505727	23
8550	46505728	65
8550	46505729	48
8550	46505730	9
8550	46505731	30
8550	46505732	261
8550	46505733	23
8550	46505734	78
8550	46505735	3166
8550	46505736	946
8550	46505737	1
8550	46505738	6154
8550	46505739	3
8550	46505740	3008
8550	46505741	2
8550	46505742	57877
8550	46505743	415
8550	46505744	79
8550	46505745	271047
8550	46505746	23
8550	46505747	44805
8550	46505748	2
8550	46505749	133199
8550	46505750	205
8550	46505751	1
8550	46505752	339
8550	46505753	2
8550	46505754	10480
8550	46505755	2
8550	46505756	6245
8550	46505757	71
8550	46505758	91
8550	46505759	7069
8550	46505760	19
8550	46505761	44805
8550	46505762	2
8550	46505763	69737
8550	46505764	2474
8550	46505765	23
8550	46505766	10480
8550	46505767	2
8550	46505768	6245
8550	46505769	71
8550	46505770	91
8550	46505771	7069
8550	46505772	374
8550	46505773	43
8550	46505774	7762
8550	46505775	19
8550	46505776	44805
8550	46505777	2
8550	46505778	99935
8550	46505779	78
8550	46505780	44843
8550	46505781	79
8550	46505782	5055
8550	46505783	2201
8550	46505784	23
8550	46505785	65
8550	46505786	26
8550	46505787	11
8550	46505788	43
8550	46505789	1726
8550	46505790	1
8550	46505791	339
8550	46505792	23
8550	46505793	10480
8550	46505794	2
8550	46505795	6245
8550	46505796	78
8550	46505797	609
8550	46505798	90
8550	46505799	534
8550	46505800	79
8550	46505801	265
8550	46505802	84
8550	46505803	85
8550	46505804	365
8550	46505805	15
8550	46505806	3
8550	46505807	5792
8550	46505808	1
8550	46505809	5
8550	46505810	1991
8550	46505811	5100
8550	46505812	122
8550	46505813	78209
8550	46505814	2
8550	46505815	44805
8550	46505816	2
8550	46505817	69737
8550	46505818	1005
8550	46505819	78209
8550	46505820	1
8550	46505821	339
8550	46505822	19
8550	46505823	10480
8550	46505824	2
8550	46505825	6245
8550	46505826	1005
8550	46505827	78209
8550	46505828	1
8550	46505829	8
8550	46505830	473
8550	46505831	13
8550	46505832	85
8550	46505833	54
8550	46505834	131
8550	46505835	2446
8550	46505836	98
8550	46505837	82
8550	46505838	6
8550	46505839	187
8550	46505840	668
8550	46505841	20
8550	46505842	7
8550	46505843	1973
8550	46505844	2
8550	46505845	44805
8550	46505846	2
8550	46505847	69737
8550	46505848	27898
8550	46505849	1
8550	46505850	1599
8550	46505851	1
8550	46505852	339
8550	46505853	26
8550	46505854	44
8550	46505855	13
8550	46505856	134
8550	46505857	9
8550	46505858	2446
8550	46505859	548
8550	46505860	3
8550	46505861	5903
8550	46505862	36
8550	46505863	760
8550	46505864	19
8550	46505865	10480
8550	46505866	2
8550	46505867	6245
8550	46505868	208
8550	46505869	760
8550	46505870	23
8550	46505871	8769
8550	46505872	26
8550	46505873	16
8550	46505874	403
8550	46505875	3557
8550	46505876	2
8550	46505877	44805
8550	46505878	2
8550	46505879	69737
8550	46505880	75
8550	46505881	1599
8550	46505882	1
8550	46505883	339
8550	46505884	1
8550	46505885	54
8550	46505886	58
8550	46505887	105
8550	46505888	145
8550	46505889	7
8550	46505890	760
8550	46505891	374
8550	46505892	3
8550	46505893	7762
8550	46505894	3524
8550	46505895	465
8550	46505896	2
8550	46505897	10480
8550	46505898	2
8550	46505899	6245
8550	46505900	241
8550	46505901	26
8550	46505902	288
8550	46505903	84
8550	46505904	107799
8550	46505905	107799
8550	46505906	107799
8550	46505907	107799
8550	46505908	107799
8550	46505909	107799
8550	46505910	107799
8550	46505911	107799
8550	46505912	107799
8550	46505913	107799
8550	46505914	2
8550	46505915	706
8550	46505916	2419
8550	46505917	1050
8550	46505918	85
8550	46505919	8
8550	46505920	95
8550	46505921	2224
8550	46505922	3
8550	46505923	8934
8550	46505924	13491
8550	46505925	159469
8550	46505926	2
8550	46505927	31
8550	46505928	362
8550	46505929	8728
8550	46505930	99
8550	46505931	50
8550	46505932	3552
8550	46505933	19
8550	46505934	44805
8550	46505935	2
8550	46505936	69737
8550	46505937	8
8550	46505938	243
8550	46505939	191
8550	46505940	2
8550	46505941	10480
8550	46505942	2
8550	46505943	6245
8550	46505944	1332
8550	46505945	48
8550	46505946	5707
8550	46505947	2
8550	46505948	44805
8550	46505949	2
8550	46505950	99935
8550	46505951	21792
8550	46505952	2
8550	46505953	10480
8550	46505954	2
8550	46505955	6245
8550	46505956	71
8550	46505957	131
8550	46505958	7997
8550	46505959	14
8550	46505960	6
8550	46505961	29
8550	46505962	26
8550	46505963	64349
8550	46505964	379
8550	46505965	1
8550	46505966	122
8550	46505967	78209
8550	46505968	2
8550	46505969	31
8550	46505970	87
8550	46505971	303
8550	46505972	43
8550	46505973	5
8550	46505974	2030
8550	46505975	131
8550	46505976	30
8550	46505977	7243
8550	46505978	11
8550	46505979	476
8550	46505980	390042
8550	46505981	1
8550	46505982	5
8550	46505983	1996
8550	46505984	53
8550	46505985	15
8550	46505986	3
8550	46505987	1024
8550	46505988	2
8550	46505989	8
8550	46505990	95
8550	46505991	4318
8550	46505992	3
8550	46505993	105457
8550	46505994	93
8550	46505995	7
8550	46505996	12632
8550	46505997	2
8550	46505998	44805
8550	46505999	2
8550	46506000	99935
8550	46506001	78
8550	46506002	1006
8550	46506003	79
8550	46506004	67
8550	46506005	30
8550	46506006	7675
8550	46506007	11
8550	46506008	3
8550	46506009	161
8550	46506010	93
8550	46506011	7
8550	46506012	818
8550	46506013	2
8550	46506014	75
8550	46506015	1
8550	46506016	23901
8550	46506017	1
8550	46506018	361
8550	46506019	7005
8550	46506020	1
8550	46506021	196
8550	46506022	408
8550	46506023	74
8550	46506024	3
8550	46506025	3008
8550	46506026	19
8550	46506027	10480
8550	46506028	2
8550	46506029	6245
8550	46506030	1332
8550	46506031	48
8550	46506032	439
8550	46506033	2
8550	46506034	78
8550	46506035	18384
8550	46506036	79
8550	46506037	147374
8550	46506038	1
8550	46506039	61
8550	46506040	13
8550	46506041	24
8550	46506042	111
8550	46506043	9096
8550	46506044	141
8550	46506045	395
8550	46506046	19
8550	46506047	44805
8550	46506048	2
8550	46506049	133199
8550	46506050	205
8550	46506051	1
8550	46506052	339
8550	46506053	26
8550	46506054	5
8550	46506055	8
8550	46506056	281
8550	46506057	122
8550	46506058	1647
8550	46506059	29160
8550	46506060	374
8550	46506061	14
8550	46506062	2
8550	46506063	10480
8550	46506064	2
8550	46506065	6245
8550	46506066	71
8550	46506067	131
8550	46506068	1
8550	46506069	1221
8550	46506070	1
8550	46506071	8282
8550	46506072	528
8550	46506073	17
8550	46506074	7
8550	46506075	40598
8550	46506076	2
8550	46506077	44805
8550	46506078	2
8550	46506079	133199
8550	46506080	205
8550	46506081	1
8550	46506082	339
8550	46506083	2
8550	46506084	78
8550	46506085	270
8550	46506086	79
8550	46506087	10480
8550	46506088	2
8550	46506089	6245
8550	46506090	22546
8550	46506091	2
8550	46506092	31
8550	46506093	395
8550	46506094	1
8550	46506095	729
8550	46506096	2010
8550	46506097	1
8550	46506098	2034
8550	46506099	74
8550	46506100	3
8550	46506101	26124
8550	46506102	26
8550	46506103	13
8550	46506104	131
8550	46506105	107799
8550	46506106	107799
8550	46506107	107799
8550	46506108	107799
8550	46506109	107799
8550	46506110	107799
8550	46506111	107799
8550	46506112	107799
8550	46506113	107799
8550	46506114	107799
8550	46506115	38832
8550	46506116	154
8550	46506117	26
8550	46506118	5
8550	46506119	16983
8550	46506120	114
8550	46506121	4117
8550	46506122	15
8550	46506123	3
8550	46506124	539
8550	46506125	2
8550	46506126	883
8550	46506127	1
8550	46506128	147374
8550	46506129	2
8550	46506130	44805
8550	46506131	2
8550	46506132	133199
8550	46506133	205
8550	46506134	1
8550	46506135	339
8550	46506136	2
8550	46506137	10480
8550	46506138	2
8550	46506139	6245
8550	46506140	29133
8550	46506141	2
8550	46506142	31
8550	46506143	26124
8550	46506144	80
8550	46506145	30
8550	46506146	1608
8550	46506147	26
8550	46506148	13
8550	46506149	131
8550	46506150	6698
8550	46506151	7
8550	46506152	76886
8550	46506153	88
8550	46506154	7
8550	46506155	565
8550	46506156	76886
8550	46506157	2
8550	46506158	44805
8550	46506159	2
8550	46506160	133199
8550	46506161	205
8550	46506162	1
8550	46506163	339
8550	46506164	2
8550	46506165	10480
8550	46506166	2
8550	46506167	6245
8550	46506168	22546
8550	46506169	2
8550	46506170	109
8550	46506171	368
8550	46506172	19
8550	46506173	78
8550	46506174	4926
8550	46506175	1
8550	46506176	52793
8550	46506177	79
8550	46506178	44805
8550	46506179	2
8550	46506180	99935
8550	46506181	195879
8550	46506182	1
8550	46506183	2415
8550	46506184	1
8550	46506185	130106
8550	46506186	1
8550	46506187	3552
8550	46506188	60
8550	46506189	10480
8550	46506190	2
8550	46506191	6245
8550	46506192	790
8550	46506193	135
8550	46506194	8
8550	46506195	1028
8550	46506196	2402
8550	46506197	688
8550	46506198	58341
8550	46506199	88
8550	46506200	241
8550	46506201	26
8550	46506202	8
8550	46506203	131
8550	46506204	24
8550	46506205	18595
8550	46506206	49
8550	46506207	2
8550	46506208	1710
8550	46506209	4205
8550	46506210	38
8550	46506211	12644
8550	46506212	49
8550	46506213	1
8550	46506214	9417
8550	46506215	1
8550	46506216	640
8550	46506217	1
8550	46506218	1106
8550	46506219	35
8550	46506220	4440
8550	46506221	4090
8550	46506222	85
8550	46506223	196
8550	46506224	223
8550	46506225	8
8550	46506226	8712
8550	46506227	7
8550	46506228	537
8550	46506229	23
8550	46506230	1745
8550	46506231	1
8550	46506232	10105
8550	46506233	20
8550	46506234	437
8550	46506235	10427
8550	46506236	23
8550	46506237	55
8550	46506238	1633
8550	46506239	253835
8550	46506240	1
8550	46506241	20
8550	46506242	437
8550	46506243	6414
8550	46506244	23
8550	46506245	16
8550	46506246	3572
8550	46506247	35957
8550	46506248	44
8550	46506249	5236
8550	46506250	34
8550	46506251	583
8550	46506252	85
8550	46506253	944
8550	46506254	50
8550	46506255	5027
8550	46506256	8
8550	46506257	44
8550	46506258	1053
8550	46506259	29
8550	46506260	83
8550	46506261	50
8550	46506262	5027
8550	46506263	23
8550	46506264	3
8550	46506265	747
8550	46506266	192
8550	46506267	85
8550	46506268	147374
8550	46506269	23
8550	46506270	44805
8550	46506271	2
8550	46506272	69737
8550	46506273	2474
8550	46506274	23
8550	46506275	10480
8550	46506276	2
8550	46506277	6245
8550	46506278	30861
8550	46506279	1
8550	46506280	79584
8550	46506281	83
8550	46506282	44805
8550	46506283	2
8550	46506284	133199
8550	46506285	205
8550	46506286	1
8550	46506287	339
8550	46506288	2
8550	46506289	78
8550	46506290	270
8550	46506291	79
8550	46506292	10480
8550	46506293	2
8550	46506294	6245
8550	46506295	29133
8550	46506296	1
8550	46506297	20479
8550	46506298	2
8550	46506299	47352
8550	46506300	15
8550	46506301	3
8550	46506302	5792
8550	46506303	26
8550	46506304	1991
8550	46506305	34
8550	46506306	107799
8550	46506307	107799
8550	46506308	107799
8550	46506309	107799
8550	46506310	107799
8550	46506311	107799
8550	46506312	107799
8550	46506313	107799
8550	46506314	107799
8550	46506315	107799
8550	46506316	67
8550	46506317	16
8550	46506318	3552
8550	46506319	1
8550	46506320	339
8550	46506321	19
8550	46506322	78
8550	46506323	270
8550	46506324	79
8550	46506325	10480
8550	46506326	2
8550	46506327	6245
8550	46506328	241
8550	46506329	1
8550	46506330	7478
8550	46506331	2
8550	46506332	44805
8550	46506333	2
8550	46506334	133199
8550	46506335	205
8550	46506336	1
8550	46506337	339
8550	46506338	2
8550	46506339	14426
8550	46506340	1
8550	46506341	6871
8550	46506342	10480
8550	46506343	2
8550	46506344	6245
8550	46506345	160
8550	46506346	3
8550	46506347	3990
8550	46506348	87
8550	46506349	1
8550	46506350	72
8550	46506351	1
8550	46506352	56364
8550	46506353	85
8550	46506354	5
8550	46506355	4015
8550	46506356	1
8550	46506357	30
8550	46506358	439
8550	46506359	15
8550	46506360	437
8550	46506361	1026
8550	46506362	36
8550	46506363	1138
8550	46506364	2
8550	46506365	78
8550	46506366	714
8550	46506367	72
8550	46506368	4015
8550	46506369	5
8550	46506370	56364
8550	46506371	88
8550	46506372	11511
8550	46506373	212
8550	46506374	82
8550	46506375	2393
8550	46506376	1
8550	46506377	5
8550	46506378	5834
8550	46506379	79
8550	46506380	1002
8550	46506381	2
8550	46506382	75
8550	46506383	3204
8550	46506384	14
8550	46506385	135
8550	46506386	111999
8550	46506387	1
8550	46506388	86
8550	46506389	279
8550	46506390	2
8550	46506391	52117
8550	46506392	232831
8550	46506393	1
8550	46506394	17
8550	46506395	2342
8550	46506396	5
8550	46506397	6314
8550	46506398	2
8550	46506399	10480
8550	46506400	2
8550	46506401	6245
8550	46506402	268
8550	46506403	1
8550	46506404	147374
8550	46506405	1
8550	46506406	154
8550	46506407	1
8550	46506408	5
8550	46506409	12644
8550	46506410	20
8550	46506411	114
8550	46506412	2530
8550	46506413	2
8550	46506414	44805
8550	46506415	2
8550	46506416	99935
8550	46506417	78
8550	46506418	47
8550	46506419	12
8550	46506420	519
8550	46506421	79
8550	46506422	1843871
8550	46506423	83
8550	46506424	2415
8550	46506425	60
8550	46506426	286377
8550	46506427	60
8550	46506428	125222
8550	46506429	83
8550	46506430	3552
8550	46506431	60
8550	46506432	7853
8550	46506433	10480
8550	46506434	2
8550	46506435	6245
8550	46506436	78
8550	46506437	6278
8550	46506438	5
8550	46506439	9070
8550	46506440	3
8550	46506441	537
8550	46506442	15
8550	46506443	3
8550	46506444	5027
8550	46506445	79
8550	46506446	237
8550	46506447	2822
8550	46506448	11
8550	46506449	41522
8550	46506450	80
8550	46506451	2561
8550	46506452	34
8550	46506453	102
8550	46506454	1
8550	46506455	822
8550	46506456	96
8550	46506457	11
8550	46506458	149154
8550	46506459	155
8550	46506460	2
8550	46506461	8
8550	46506462	91
8550	46506463	170
8550	46506464	511
8550	46506465	30051
8550	46506466	35
8550	46506467	5027
8550	46506468	33
8550	46506469	3
8550	46506470	4907
8550	46506471	2
8550	46506472	3358
8550	46506473	1
8550	46506474	104
8550	46506475	3
8550	46506476	395
8550	46506477	41
8550	46506478	38
8550	46506479	28660
8550	46506480	1
8550	46506481	8
8550	46506482	58
8550	46506483	1053
8550	46506484	14
8550	46506485	74
8550	46506486	3
8550	46506487	747
8550	46506488	1637
8550	46506489	78
8550	46506490	47
8550	46506491	12
8550	46506492	458
8550	46506493	346
8550	46506494	3
8550	46506495	395
8550	46506496	2034
8550	46506497	79
8550	46506498	655
8550	46506499	23
8550	46506500	3
8550	46506501	395
8550	46506502	2034
8550	46506503	23
8550	46506504	21
8550	46506505	1476
8550	46506506	35
8550	46506507	107799
8550	46506508	107799
8550	46506509	107799
8550	46506510	107799
8550	46506511	107799
8550	46506512	107799
8550	46506513	107799
8550	46506514	107799
8550	46506515	107799
8550	46506516	107799
8550	46506517	1199
8550	46506518	3834
8550	46506519	957
8550	46506520	504
8550	46506521	15
8550	46506522	114
8550	46506523	2105
8550	46506524	2272
8550	46506525	23
8550	46506526	83
8550	46506527	78
8550	46506528	14039
8550	46506529	16
8550	46506530	5027
8550	46506531	79
8550	46506532	268
8550	46506533	1
8550	46506534	40424
8550	46506535	1
8550	46506536	227
8550	46506537	1678
8550	46506538	22
8550	46506539	11
8550	46506540	437
8550	46506541	632
8550	46506542	23
8550	46506543	11847
8550	46506544	41104
8550	46506545	61425
8550	46506546	5017
8550	46506547	142
8550	46506548	6082
8550	46506549	23
8550	46506550	78
8550	46506551	12
8550	46506552	16060
8550	46506553	79
8550	46506554	129
8550	46506555	1677
8550	46506556	22
8550	46506557	467
8550	46506558	26
8550	46506559	21
8550	46506560	95
8550	46506561	63
8550	46506562	14
8550	46506563	26
8550	46506564	78
8550	46506565	4856
8550	46506566	2139
8550	46506567	485
8550	46506568	1
8550	46506569	2231
8550	46506570	32
8550	46506571	3
8550	46506572	395
8550	46506573	51
8550	46506574	12406
8550	46506575	79
8550	46506576	31
8550	46506577	395
8550	46506578	12406
8550	46506579	128
8550	46506580	2
8550	46506581	205
8550	46506582	23
8550	46506583	21
8550	46506584	99
8550	46506585	1969
8550	46506586	35
8550	46506587	537
8550	46506588	1
8550	46506589	5
8550	46506590	80
8550	46506591	1221
8550	46506592	2177
8550	46506593	34
8550	46506594	2
8550	46506595	54271
8550	46506596	23
8550	46506597	3
8550	46506598	138
8550	46506599	717
8550	46506600	1983
8550	46506601	2
8550	46506602	14426
8550	46506603	1
8550	46506604	8151
8550	46506605	56590
8550	46506606	2427
8550	46506607	2
8550	46506608	2731
8550	46506609	7140
8550	46506610	83
8550	46506611	58341
8550	46506612	36
8550	46506613	1176
8550	46506614	26
8550	46506615	395
8550	46506616	1
8550	46506617	17
8550	46506618	11477
8550	46506619	1
8550	46506620	33
8550	46506621	3
8550	46506622	6519
8550	46506623	2
8550	46506624	101581
8550	46506625	4936
8550	46506626	32
8550	46506627	7
8550	46506628	328
8550	46506629	1
8550	46506630	1980
8550	46506631	7
8550	46506632	537
8550	46506633	2
8550	46506634	73032
8550	46506635	4982
8550	46506636	2
8550	46506637	231
8550	46506638	619
8550	46506639	1125
8550	46506640	33
8550	46506641	3
8550	46506642	328
8550	46506643	2
8550	46506644	30486
8550	46506645	2
8550	46506646	25795
8550	46506647	109
8550	46506648	91
8550	46506649	30
8550	46506650	3
8550	46506651	4090
8550	46506652	12
8550	46506653	68825
8550	46506654	1061
8550	46506655	1
8550	46506656	11357
8550	46506657	19
8550	46506658	17366
8550	46506659	2
8550	46506660	34848
8550	46506661	462
8550	46506662	2224
8550	46506663	3
8550	46506664	3008
8550	46506665	1
8550	46506666	210
8550	46506667	1800
8550	46506668	1
8550	46506669	3454
8550	46506670	85
8550	46506671	55
8550	46506672	1
8550	46506673	1199
8550	46506674	368
8550	46506675	58
8550	46506676	12
8550	46506677	2001
8550	46506678	149
8550	46506679	32
8550	46506680	69
8550	46506681	308
8550	46506682	1
8550	46506683	47
8550	46506684	12
8550	46506685	21680
8550	46506686	19
8550	46506687	30486
8550	46506688	2
8550	46506689	25795
8550	46506690	3282
8550	46506691	12
8550	46506692	44
8550	46506693	24
8550	46506694	3044
8550	46506695	83
8550	46506696	17366
8550	46506697	2
8550	46506698	14883
8550	46506699	8140
8550	46506700	1
8550	46506701	3454
8550	46506702	1
8550	46506703	13
8550	46506704	61
8550	46506705	27
8550	46506706	132
8550	46506707	65
8550	46506708	107799
8550	46506709	107799
8550	46506710	107799
8550	46506711	107799
8550	46506712	107799
8550	46506713	107799
8550	46506714	107799
8550	46506715	107799
8550	46506716	107799
8550	46506717	107799
8550	46506718	243
8550	46506719	8
8550	46506720	223
8550	46506721	105
8550	46506722	3077
8550	46506723	13
8550	46506724	20
8550	46506725	3374
8550	46506726	3
8550	46506727	395
8550	46506728	9
8550	46506729	2443
8550	46506730	16
8550	46506731	537
8550	46506732	2
8550	46506733	52
8550	46506734	131
8550	46506735	867
8550	46506736	93
8550	46506737	17092
8550	46506738	7158
8550	46506739	33
8550	46506740	35
8550	46506741	362
8550	46506742	85
8550	46506743	8
8550	46506744	10
8550	46506745	120
8550	46506746	1156
8550	46506747	32
8550	46506748	14
8550	46506749	2
8550	46506750	17366
8550	46506751	2
8550	46506752	14883
8550	46506753	248
8550	46506754	625
8550	46506755	1
8550	46506756	3454
8550	46506757	26
8550	46506758	13
8550	46506759	887
8550	46506760	137
8550	46506761	1156
8550	46506762	32
8550	46506763	6167
8550	46506764	3
8550	46506765	537
8550	46506766	1
8550	46506767	25
8550	46506768	8
8550	46506769	2761
8550	46506770	13
8550	46506771	44
8550	46506772	2001
8550	46506773	14
8550	46506774	156
8550	46506775	130
8550	46506776	3
8550	46506777	395
8550	46506778	128
8550	46506779	83
8550	46506780	1510
8550	46506781	130
8550	46506782	30378
8550	46506783	267
8550	46506784	14
8550	46506785	20
8550	46506786	545
8550	46506787	1
8550	46506788	206
8550	46506789	219
8550	46506790	13
8550	46506791	41
8550	46506792	247733
8550	46506793	7
8550	46506794	351708
8550	46506795	13949
8550	46506796	2
8550	46506797	30486
8550	46506798	2
8550	46506799	25795
8550	46506800	1451914
8550	46506801	1378
8550	46506802	1
8550	46506803	125
8550	46506804	23
8550	46506805	18262
8550	46506806	46
8550	46506807	5197
8550	46506808	13
8550	46506809	78
8550	46506810	2450
8550	46506811	3
8550	46506812	537
8550	46506813	33
8550	46506814	3
8550	46506815	328
8550	46506816	1
8550	46506817	5
8550	46506818	28847
8550	46506819	79
8550	46506820	17366
8550	46506821	2
8550	46506822	14883
8550	46506823	75
8550	46506824	135
8550	46506825	69
8550	46506826	186
8550	46506827	235
8550	46506828	94
8550	46506829	83
8550	46506830	111296
8550	46506831	2
8550	46506832	42679
8550	46506833	3872
8550	46506834	85
8550	46506835	12
8550	46506836	131
8550	46506837	24
8550	46506838	111
8550	46506839	14
8550	46506840	2
8550	46506841	78
8550	46506842	1303
8550	46506843	14
8550	46506844	74
8550	46506845	28
8550	46506846	1426
8550	46506847	79
8550	46506848	17366
8550	46506849	2
8550	46506850	14883
8550	46506851	655
8550	46506852	1
8550	46506853	3454
8550	46506854	26
8550	46506855	16732
8550	46506856	2
8550	46506857	160
8550	46506858	69
8550	46506859	1426
8550	46506860	19
8550	46506861	8124
8550	46506862	48
8550	46506863	7
8550	46506864	4611
8550	46506865	21978
8550	46506866	85
8550	46506867	73
8550	46506868	610
8550	46506869	38
8550	46506870	12
8550	46506871	198
8550	46506872	24426
8550	46506873	40
8550	46506874	3
8550	46506875	537
8550	46506876	74
8550	46506877	69
8550	46506878	211
8550	46506879	19
8550	46506880	30486
8550	46506881	2
8550	46506882	25795
8550	46506883	462
8550	46506884	226
8550	46506885	13
8550	46506886	3
8550	46506887	521
8550	46506888	1
8550	46506889	11357
8550	46506890	60
8550	46506891	78
8550	46506892	12472
8550	46506893	79
8550	46506894	130496
8550	46506895	2
8550	46506896	34848
8550	46506897	4731
8550	46506898	17
8550	46506899	14
8550	46506900	1
8550	46506901	3454
8550	46506902	2
8550	46506903	30486
8550	46506904	2
8550	46506905	25795
8550	46506906	67
8550	46506907	229
8550	46506908	1
8550	46506909	107799
8550	46506910	107799
8550	46506911	107799
8550	46506912	107799
8550	46506913	107799
8550	46506914	107799
8550	46506915	107799
8550	46506916	107799
8550	46506917	107799
8550	46506918	107799
8550	46506919	1
8550	46506920	55
8550	46506921	91
8550	46506922	1141
8550	46506923	3598
8550	46506924	2
8550	46506925	8
8550	46506926	91
8550	46506927	24
8550	46506928	213
8550	46506929	38
8550	46506930	17
8550	46506931	1944
8550	46506932	6
8550	46506933	3
8550	46506934	2032
8550	46506935	8
8550	46506936	292
8550	46506937	35
8550	46506938	186
8550	46506939	2
8550	46506940	17366
8550	46506941	2
8550	46506942	34848
8550	46506943	462
8550	46506944	1130
8550	46506945	7
8550	46506946	77
8550	46506947	13
8550	46506948	18
8550	46506949	105
8550	46506950	255
8550	46506951	23
8550	46506952	31
8550	46506953	5903
8550	46506954	131
8550	46506955	9783
8550	46506956	13
8550	46506957	40
8550	46506958	14
8550	46506959	85
8550	46506960	13
8550	46506961	41
8550	46506962	38
8550	46506963	7
8550	46506964	324
8550	46506965	100
8550	46506966	13
8550	46506967	292
8550	46506968	14
8550	46506969	26
8550	46506970	5
8550	46506971	58
8550	46506972	27
8550	46506973	132
8550	46506974	3
8550	46506975	1457
8550	46506976	11
8550	46506977	155
8550	46506978	2
8550	46506979	103
8550	46506980	15579
8550	46506981	27
8550	46506982	38278
8550	46506983	13
8550	46506984	69
8550	46506985	14256
8550	46506986	477
8550	46506987	26
8550	46506988	5
8550	46506989	133
8550	46506990	598
8550	46506991	416
8550	46506992	26
8550	46506993	461
8550	46506994	8
8550	46506995	95
8550	46506996	30
8550	46506997	6717
8550	46506998	12
8550	46506999	48
8550	46507000	7
8550	46507001	1528
8550	46507002	5660
8550	46507003	26
8550	46507004	218
8550	46507005	43
8550	46507006	176
8550	46507007	45883
8550	46507008	83
8550	46507009	160592
8550	46507010	2
8550	46507011	25795
8550	46507012	391
8550	46507013	8222
8550	46507014	45
8550	46507015	35
8550	46507016	186
8550	46507017	9
8550	46507018	30
8550	46507019	50
8550	46507020	20827
8550	46507021	2
8550	46507022	29069
8550	46507023	2
8550	46507024	34848
8550	46507025	1000
8550	46507026	155
8550	46507027	59
8550	46507028	4213
8550	46507029	9
8550	46507030	30
8550	46507031	4195
8550	46507032	210
8550	46507033	1077
8550	46507034	2
8550	46507035	30486
8550	46507036	2
8550	46507037	25795
8550	46507038	67
8550	46507039	229
8550	46507040	8
8550	46507041	157
8550	46507042	2558
8550	46507043	9
8550	46507044	7122
8550	46507045	1
8550	46507046	25
8550	46507047	121
8550	46507048	22
8550	46507049	3
8550	46507050	1087
8550	46507051	6
8550	46507052	169
8550	46507053	31901
8550	46507054	11
8550	46507055	16
8550	46507056	864
8550	46507057	2
8550	46507058	37
8550	46507059	99
8550	46507060	19393
8550	46507061	15
8550	46507062	35
8550	46507063	186
8550	46507064	25
8550	46507065	16
8550	46507066	279
8550	46507067	6
8550	46507068	152722
8550	46507069	22
8550	46507070	8768
8550	46507071	85
8550	46507072	5
8550	46507073	166
8550	46507074	16
8550	46507075	537
8550	46507076	1
8550	46507077	4334
8550	46507078	5
8550	46507079	5120
8550	46507080	47
8550	46507081	14
8550	46507082	639
8550	46507083	1
8550	46507084	99
8550	46507085	229
8550	46507086	86
8550	46507087	8323
8550	46507088	2
8550	46507089	29069
8550	46507090	2
8550	46507091	14883
8550	46507092	75
8550	46507093	12
8550	46507094	2055
8550	46507095	13
8550	46507096	25
8550	46507097	12
8550	46507098	99
8550	46507099	1894
8550	46507100	5214
8550	46507101	20
8550	46507102	13028
8550	46507103	16
8550	46507104	279
8550	46507105	26
8550	46507106	5
8550	46507107	17094
8550	46507108	25
8550	46507109	12
8550	46507110	107799
8550	46507111	107799
8550	46507112	107799
8550	46507113	107799
8550	46507114	107799
8550	46507115	107799
8550	46507116	107799
8550	46507117	107799
8550	46507118	107799
8550	46507119	107799
8550	46507120	11357
8550	46507121	1
8550	46507122	4603
8550	46507123	22
8550	46507124	43
8550	46507125	1542
8550	46507126	6
8550	46507127	1103
8550	46507128	11
8550	46507129	7
8550	46507130	2074
8550	46507131	2
8550	46507132	71
8550	46507133	70
8550	46507134	3906
8550	46507135	1
8550	46507136	8
8550	46507137	243
8550	46507138	13
8550	46507139	39
8550	46507140	1
8550	46507141	50
8550	46507142	110
8550	46507143	2378
8550	46507144	11
8550	46507145	16
8550	46507146	20613
8550	46507147	19
8550	46507148	29069
8550	46507149	2
8550	46507150	14883
8550	46507151	205
8550	46507152	1
8550	46507153	2735
8550	46507154	88
8550	46507155	32
8550	46507156	3
8550	46507157	152
8550	46507158	7464
8550	46507159	159
8550	46507160	3
8550	46507161	395
8550	46507162	1
8550	46507163	47
8550	46507164	69
8550	46507165	14135
8550	46507166	2311
8550	46507167	217
8550	46507168	11
8550	46507169	16
8550	46507170	1026
8550	46507171	2
8550	46507172	8
8550	46507173	175
8550	46507174	363
8550	46507175	133199
8550	46507176	32
8550	46507177	41075
8550	46507178	1
8550	46507179	355
8550	46507180	8
8550	46507181	18
8550	46507182	3
8550	46507183	4499
8550	46507184	9
8550	46507185	2561
8550	46507186	13
8550	46507187	85
8550	46507188	5
8550	46507189	14
8550	46507190	22
8550	46507191	40
8550	46507192	16
8550	46507193	2485
8550	46507194	25
8550	46507195	8
8550	46507196	1501
8550	46507197	17
8550	46507198	177
8550	46507199	309
8550	46507200	1542
8550	46507201	6
8550	46507202	152722
8550	46507203	2
8550	46507204	30486
8550	46507205	2
8550	46507206	25795
8550	46507207	67
8550	46507208	65
8550	46507209	99
8550	46507210	12
8550	46507211	310
8550	46507212	3
8550	46507213	2333
8550	46507214	233
8550	46507215	709
8550	46507216	19
8550	46507217	88
8550	46507218	1320
8550	46507219	117
8550	46507220	370
8550	46507221	1
8550	46507222	11357
8550	46507223	2
8550	46507224	29069
8550	46507225	2
8550	46507226	14883
8550	46507227	78
8550	46507228	1006
8550	46507229	79
8550	46507230	316
8550	46507231	3
8550	46507232	26600
8550	46507233	87
8550	46507234	2
8550	46507235	60
8550	46507236	248
8550	46507237	1
8550	46507238	3454
8550	46507239	1
8550	46507240	12
8550	46507241	99
8550	46507242	490
8550	46507243	8928
8550	46507244	34
8550	46507245	25
8550	46507246	16
8550	46507247	1026
8550	46507248	10
8550	46507249	5976
8550	46507250	15
8550	46507251	82
8550	46507252	6
8550	46507253	3
8550	46507254	10704
8550	46507255	2962
8550	46507256	11
8550	46507257	4939
8550	46507258	26
8550	46507259	83
8550	46507260	25
8550	46507261	12
8550	46507262	10
8550	46507263	2305
8550	46507264	1
8550	46507265	2430
8550	46507266	1
8550	46507267	3886
8550	46507268	1
8550	46507269	1880
8550	46507270	1
8550	46507271	5
8550	46507272	133
8550	46507273	32591
8550	46507274	85
8550	46507275	1014
8550	46507276	5245
8550	46507277	1
8550	46507278	25
8550	46507279	12
8550	46507280	18
8550	46507281	86
8550	46507282	1821
8550	46507283	2575
8550	46507284	1
8550	46507285	424
8550	46507286	1
8550	46507287	189
8550	46507288	12431
8550	46507289	7
8550	46507290	46264
8550	46507291	20
8550	46507292	114
8550	46507293	2272
8550	46507294	60
8550	46507295	20470
8550	46507296	1
8550	46507297	3454
8550	46507298	1
8550	46507299	288
8550	46507300	2752
8550	46507301	1785
8550	46507302	19
8550	46507303	43
8550	46507304	10
8550	46507305	355
8550	46507306	12
8550	46507307	190
8550	46507308	13
8550	46507309	26
8550	46507310	12
8550	46507311	107799
8550	46507312	107799
8550	46507313	107799
8550	46507314	107799
8550	46507315	107799
8550	46507316	107799
8550	46507317	107799
8550	46507318	107799
8550	46507319	107799
8550	46507320	107799
8550	46507321	42679
8550	46507322	155252
8550	46507323	23
8550	46507324	14883
8550	46507325	1
8550	46507326	13
8550	46507327	139
8550	46507328	8
8550	46507329	25622
8550	46507330	11811
8550	46507331	2
8550	46507332	78
8550	46507333	4120
8550	46507334	7870
8550	46507335	15
8550	46507336	28
8550	46507337	694
8550	46507338	79
8550	46507339	17366
8550	46507340	2
8550	46507341	14883
8550	46507342	85538
8550	46507343	23
8550	46507344	8
8550	46507345	243
8550	46507346	8
8550	46507347	964
8550	46507348	7
8550	46507349	1381
8550	46507350	2
8550	46507351	78
8550	46507352	5870
8550	46507353	15
8550	46507354	3
8550	46507355	395
8550	46507356	79
8550	46507357	305901
8550	46507358	2
8550	46507359	42679
8550	46507360	216
8550	46507361	27
8550	46507362	20
8550	46507363	3
8550	46507364	234
8550	46507365	3474
8550	46507366	3
8550	46507367	395
8550	46507368	2
8550	46507369	17366
8550	46507370	2
8550	46507371	14883
8550	46507372	168
8550	46507373	13
8550	46507374	61
8550	46507375	2116
8550	46507376	14
8550	46507377	618
8550	46507378	12
8550	46507379	198
8550	46507380	30
8550	46507381	275
8550	46507382	14
8550	46507383	19
8550	46507384	605
8550	46507385	7
8550	46507386	141
8550	46507387	83
8550	46507388	1491
8550	46507389	74978
8550	46507390	1
8550	46507391	3454
8550	46507392	2
8550	46507393	78
8550	46507394	6432
8550	46507395	3374
8550	46507396	3
8550	46507397	395
8550	46507398	79
8550	46507399	3302
8550	46507400	26
8550	46507401	47
8550	46507402	8
8550	46507403	6149
8550	46507404	26
8550	46507405	125
8550	46507406	42
8550	46507407	59
8550	46507408	1
8550	46507409	4538
8550	46507410	346
8550	46507411	3
8550	46507412	7762
8550	46507413	2
8550	46507414	8
8550	46507415	709
8550	46507416	2
8550	46507417	109
8550	46507418	50
8550	46507419	6459
8550	46507420	1714
8550	46507421	22
8550	46507422	1103
8550	46507423	1
8550	46507424	3454
8550	46507425	2
8550	46507426	237
8550	46507427	150
8550	46507428	13748
8550	46507429	27
8550	46507430	1
8550	46507431	13
8550	46507432	281
8550	46507433	29
8550	46507434	1527
8550	46507435	2
8550	46507436	30486
8550	46507437	2
8550	46507438	42679
8550	46507439	78
8550	46507440	23626
8550	46507441	79
8550	46507442	216
8550	46507443	13
8550	46507444	317
8550	46507445	213
8550	46507446	191
8550	46507447	2
8550	46507448	17366
8550	46507449	2
8550	46507450	14883
8550	46507451	67
8550	46507452	820
8550	46507453	177
8550	46507454	416
8550	46507455	26
8550	46507456	5
8550	46507457	58
8550	46507458	299
8550	46507459	94
8550	46507460	35
8550	46507461	211
8550	46507462	9
8550	46507463	513
8550	46507464	13
8550	46507465	61
8550	46507466	24
8550	46507467	120
8550	46507468	247
8550	46507469	120
8550	46507470	554
8550	46507471	9374
8550	46507472	14
8550	46507473	2
8550	46507474	30486
8550	46507475	2
8550	46507476	80066
8550	46507477	71
8550	46507478	59
8550	46507479	7141
8550	46507480	26
8550	46507481	3
8550	46507482	532
8550	46507483	59616
8550	46507484	34
8550	46507485	2
8550	46507486	31
8550	46507487	1596
8550	46507488	22
8550	46507489	23051
8550	46507490	83
8550	46507491	21370
8550	46507492	2
8550	46507493	404412
8550	46507494	176
8550	46507495	77
8550	46507496	1
8550	46507497	1199
8550	46507498	2008
8550	46507499	22
8550	46507500	3
8550	46507501	908
8550	46507502	13
8550	46507503	70
8550	46507504	2558
8550	46507505	108
8550	46507506	34
8550	46507507	23
8550	46507508	75
8550	46507509	854
8550	46507510	870
8550	46507511	14
8550	46507512	107799
8550	46507513	107799
8550	46507514	107799
8550	46507515	107799
8550	46507516	107799
8550	46507517	107799
8550	46507518	107799
8550	46507519	107799
8550	46507520	107799
8550	46507521	107799
8550	46507522	17366
8550	46507523	2
8550	46507524	34848
8550	46507525	83974
8550	46507526	3
8550	46507527	5903
8550	46507528	1
8550	46507529	3454
8550	46507530	23
8550	46507531	30486
8550	46507532	2
8550	46507533	25795
8550	46507534	22372
8550	46507535	85
8550	46507536	12
8550	46507537	22
8550	46507538	3
8550	46507539	321
8550	46507540	14203
8550	46507541	6
8550	46507542	4031
8550	46507543	26
8550	46507544	5
8550	46507545	223
8550	46507546	24
8550	46507547	16517
8550	46507548	20
8550	46507549	3
8550	46507550	563
8550	46507551	12
8550	46507552	2471
8550	46507553	5
8550	46507554	77131
8550	46507555	15986
8550	46507556	78
8550	46507557	270
8550	46507558	1
8550	46507559	22
8550	46507560	1460
8550	46507561	45
8550	46507562	3
8550	46507563	5903
8550	46507564	26
8550	46507565	21
8550	46507566	2501
8550	46507567	1
8550	46507568	11023
8550	46507569	79
8550	46507570	179500
8550	46507571	2
8550	46507572	3707
8550	46507573	43925
8550	46507574	8
8550	46507575	8546
8550	46507576	32
8550	46507577	3
8550	46507578	2238
8550	46507579	28
8550	46507580	2867
8550	46507581	131
8550	46507582	23157
8550	46507583	2
8550	46507584	78
8550	46507585	1006
8550	46507586	79
8550	46507587	20578
8550	46507588	41
8550	46507589	13
8550	46507590	270
8550	46507591	1
8550	46507592	35
8550	46507593	320
8550	46507594	19
8550	46507595	30486
8550	46507596	2
8550	46507597	25795
8550	46507598	462
8550	46507599	2664
8550	46507600	13
8550	46507601	1
8550	46507602	35
8550	46507603	872
8550	46507604	186
8550	46507605	2
8550	46507606	45209
8550	46507607	2
8550	46507608	3707
8550	46507609	43925
8550	46507610	8
8550	46507611	1597
8550	46507612	13
8550	46507613	2
8550	46507614	8
8550	46507615	123
8550	46507616	9
8550	46507617	43485
8550	46507618	314
8550	46507619	69
8550	46507620	1754
8550	46507621	26
8550	46507622	599
8550	46507623	24
8550	46507624	4627
8550	46507625	13
8550	46507626	1240
8550	46507627	732
8550	46507628	1
8550	46507629	8
8550	46507630	3636
8550	46507631	13
8550	46507632	41
8550	46507633	1860
8550	46507634	85
8550	46507635	38
8550	46507636	8
8550	46507637	11263
8550	46507638	78
8550	46507639	2395
8550	46507640	15
8550	46507641	3
8550	46507642	619
8550	46507643	79
8550	46507644	13
8550	46507645	70
8550	46507646	56
8550	46507647	1980
8550	46507648	2
8550	46507649	30486
8550	46507650	2
8550	46507651	80066
8550	46507652	205
8550	46507653	1
8550	46507654	339
8550	46507655	1
8550	46507656	8
8550	46507657	70
8550	46507658	56
8550	46507659	247
8550	46507660	4636
8550	46507661	2
8550	46507662	45209
8550	46507663	2
8550	46507664	3707
8550	46507665	43925
8550	46507666	31
8550	46507667	619
8550	46507668	8
8550	46507669	1113
8550	46507670	74
8550	46507671	69
8550	46507672	215
8550	46507673	60
8550	46507674	8
8550	46507675	820
8550	46507676	13
8550	46507677	14754
8550	46507678	14
8550	46507679	1694
8550	46507680	19
8550	46507681	30486
8550	46507682	2
8550	46507683	80066
8550	46507684	205
8550	46507685	1
8550	46507686	339
8550	46507687	88
8550	46507688	92
8550	46507689	22
8550	46507690	83
8550	46507691	177
8550	46507692	309
8550	46507693	6
8550	46507694	14
8550	46507695	47
8550	46507696	8
8550	46507697	70
8550	46507698	1979
8550	46507699	2
8550	46507700	45209
8550	46507701	2
8550	46507702	3707
8550	46507703	43925
8550	46507704	78
8550	46507705	1006
8550	46507706	79
8550	46507707	31
8550	46507708	37035
8550	46507709	2797
8550	46507710	11
8550	46507711	35
8550	46507712	1903
8550	46507713	107799
8550	46507714	107799
8550	46507715	107799
8550	46507716	107799
8550	46507717	107799
8550	46507718	107799
8550	46507719	107799
8550	46507720	107799
8550	46507721	107799
8550	46507722	107799
8550	46507723	19
8550	46507724	71
8550	46507725	59
8550	46507726	1860
8550	46507727	26
8550	46507728	69
8550	46507729	140
8550	46507730	22
8550	46507731	49523
8550	46507732	60
8550	46507733	13
8550	46507734	8546
8550	46507735	23
8550	46507736	78
8550	46507737	530
8550	46507738	28
8550	46507739	136
8550	46507740	79
8550	46507741	305901
8550	46507742	2
8550	46507743	80066
8550	46507744	241
8550	46507745	1
8550	46507746	35
8550	46507747	186
8550	46507748	88
8550	46507749	8
8550	46507750	709
8550	46507751	60
8550	46507752	8
8550	46507753	157
8550	46507754	120
8550	46507755	1275
8550	46507756	2
8550	46507757	45209
8550	46507758	2
8550	46507759	3707
8550	46507760	43925
8550	46507761	8
8550	46507762	157
8550	46507763	62391
8550	46507764	9
8550	46507765	370
8550	46507766	14
8550	46507767	26
8550	46507768	461
8550	46507769	8
8550	46507770	725
8550	46507771	9
8550	46507772	63
8550	46507773	7
8550	46507774	141
8550	46507775	3981
8550	46507776	7936
8550	46507777	17
8550	46507778	13
8550	46507779	2
8550	46507780	14883
8550	46507781	1
8550	46507782	1486
8550	46507783	117
8550	46507784	2
8550	46507785	17366
8550	46507786	2
8550	46507787	14883
8550	46507788	78
8550	46507789	1006
8550	46507790	1
8550	46507791	270
8550	46507792	79
8550	46507793	205
8550	46507794	26
8550	46507795	38
8550	46507796	8
8550	46507797	387
8550	46507798	27
8550	46507799	134
8550	46507800	902
8550	46507801	1
8550	46507802	110
8550	46507803	773
8550	46507804	2
8550	46507805	14426
8550	46507806	266619
8550	46507807	2
8550	46507808	3707
8550	46507809	43925
8550	46507810	78
8550	46507811	1006
8550	46507812	79
8550	46507813	178
8550	46507814	21
8550	46507815	38
8550	46507816	1338
8550	46507817	34
8550	46507818	28
8550	46507819	1542
8550	46507820	1
8550	46507821	8
8550	46507822	119
8550	46507823	470
8550	46507824	78
8550	46507825	6235
8550	46507826	2172
8550	46507827	79
8550	46507828	559
8550	46507829	1
8550	46507830	35
8550	46507831	320
8550	46507832	1
8550	46507833	30
8550	46507834	3398
8550	46507835	2
8550	46507836	30486
8550	46507837	2
8550	46507838	42679
8550	46507839	78
8550	46507840	1006
8550	46507841	79
8550	46507842	1745
8550	46507843	23
8550	46507844	196
8550	46507845	223
8550	46507846	8
8550	46507847	194
8550	46507848	226
8550	46507849	29
8550	46507850	23
8550	46507851	45209
8550	46507852	2
8550	46507853	3707
8550	46507854	43925
8550	46507855	20336
8550	46507856	1
8550	46507857	90
8550	46507858	87
8550	46507859	3190
8550	46507860	1
8550	46507861	8
8550	46507862	243
8550	46507863	8
8550	46507864	6169
8550	46507865	15
8550	46507866	502
8550	46507867	1
8550	46507868	335
8550	46507869	24
8550	46507870	588
8550	46507871	17
8550	46507872	309
8550	46507873	14892
8550	46507874	1
8550	46507875	35
8550	46507876	2832
8550	46507877	6
8550	46507878	73613
8550	46507879	502
8550	46507880	15
8550	46507881	3
8550	46507882	440
8550	46507883	6
8550	46507884	82
8550	46507885	6
8550	46507886	35
8550	46507887	7671
8550	46507888	5
8550	46507889	3738
8550	46507890	400
8550	46507891	2
8550	46507892	30486
8550	46507893	2
8550	46507894	80066
8550	46507895	205
8550	46507896	1
8550	46507897	339
8550	46507898	26
8550	46507899	8
8550	46507900	243
8550	46507901	14268
8550	46507902	13
8550	46507903	68
8550	46507904	26
8550	46507905	38
8550	46507906	1
8550	46507907	47
8550	46507908	13
8550	46507909	13353
8550	46507910	1
8550	46507911	137
8550	46507912	613
8550	46507913	497
8550	46507914	107799
8550	46507915	107799
8550	46507916	107799
8550	46507917	107799
8550	46507918	107799
8550	46507919	107799
8550	46507920	107799
8550	46507921	107799
8550	46507922	107799
8550	46507923	107799
8550	46507924	3707
8550	46507925	43925
8550	46507926	331
8550	46507927	3928
8550	46507928	46
8550	46507929	2
8550	46507930	75
8550	46507931	8
8550	46507932	2456
8550	46507933	69
8550	46507934	2032
8550	46507935	1
8550	46507936	5
8550	46507937	26532
8550	46507938	9
8550	46507939	6810
8550	46507940	3
8550	46507941	959
8550	46507942	2
8550	46507943	27880
8550	46507944	1
8550	46507945	640
8550	46507946	1
8550	46507947	43
8550	46507948	176
8550	46507949	152722
8550	46507950	99
8550	46507951	56
8550	46507952	3405
8550	46507953	35
8550	46507954	3008
8550	46507955	1
8550	46507956	8
8550	46507957	70
8550	46507958	1630
8550	46507959	1
8550	46507960	8
8550	46507961	139
8550	46507962	24
8550	46507963	65
8550	46507964	11363
8550	46507965	2
8550	46507966	30486
8550	46507967	2
8550	46507968	42679
8550	46507969	78
8550	46507970	1006
8550	46507971	79
8550	46507972	109
8550	46507973	80
8550	46507974	43
8550	46507975	2408
8550	46507976	768
8550	46507977	19
8550	46507978	45209
8550	46507979	2
8550	46507980	3707
8550	46507981	43925
8550	46507982	8
8550	46507983	70
8550	46507984	14407
8550	46507985	1
8550	46507986	148
8550	46507987	47
8550	46507988	13
8550	46507989	70
8550	46507990	24
8550	46507991	229
8550	46507992	255
8550	46507993	69
8550	46507994	14256
8550	46507995	477
8550	46507996	1
8550	46507997	13
8550	46507998	91
8550	46507999	30
8550	46508000	16714
8550	46508001	998
8550	46508002	45
8550	46508003	7
8550	46508004	1021
8550	46508005	602
8550	46508006	6
8550	46508007	908
8550	46508008	60
8550	46508009	160592
8550	46508010	2
8550	46508011	80066
8550	46508012	655
8550	46508013	1
8550	46508014	339
8550	46508015	23
8550	46508016	61
8550	46508017	24
8550	46508018	629
8550	46508019	14
8550	46508020	7
8550	46508021	1021
8550	46508022	602
8550	46508023	6
8550	46508024	908
8550	46508025	2
8550	46508026	45209
8550	46508027	2
8550	46508028	3707
8550	46508029	43925
8550	46508030	789
8550	46508031	511
8550	46508032	1
8550	46508033	1035
8550	46508034	361
8550	46508035	5539
8550	46508036	15
8550	46508037	217
8550	46508038	917
8550	46508039	1
8550	46508040	51
8550	46508041	166
8550	46508042	53535
8550	46508043	908
8550	46508044	1
8550	46508045	104
8550	46508046	908
8550	46508047	36454
8550	46508048	14
8550	46508049	2
8550	46508050	30486
8550	46508051	2
8550	46508052	25795
8550	46508053	109
8550	46508054	251
8550	46508055	35
8550	46508056	186
8550	46508057	662
8550	46508058	19
8550	46508059	45209
8550	46508060	2
8550	46508061	3707
8550	46508062	43925
8550	46508063	78
8550	46508064	1006
8550	46508065	79
8550	46508066	135588
8550	46508067	23
8550	46508068	83
8550	46508069	8
8550	46508070	343
8550	46508071	1
8550	46508072	8
8550	46508073	70
8550	46508074	8847
8550	46508075	3204
8550	46508076	33
8550	46508077	7
8550	46508078	211
8550	46508079	1
8550	46508080	2037
8550	46508081	5
8550	46508082	13525
8550	46508083	47
8550	46508084	5995
8550	46508085	1
8550	46508086	50
8550	46508087	2048
8550	46508088	1899
8550	46508089	153
8550	46508090	30
8550	46508091	310
8550	46508092	45
8550	46508093	3
8550	46508094	6140
8550	46508095	6
8550	46508096	43
8550	46508097	16267
8550	46508098	1
8550	46508099	73
8550	46508100	114429
8550	46508101	149
8550	46508102	101949
8550	46508103	2
8550	46508104	30486
8550	46508105	2
8550	46508106	25795
8550	46508107	237
8550	46508108	186
8550	46508109	84
8550	46508110	99
8550	46508111	3906
8550	46508112	88
8550	46508113	99
8550	46508114	19233
8550	46508115	107799
8550	46508116	107799
8550	46508117	107799
8550	46508118	107799
8550	46508119	107799
8550	46508120	107799
8550	46508121	107799
8550	46508122	107799
8550	46508123	107799
8550	46508124	107799
8550	46508125	3707
8550	46508126	43925
8550	46508127	331
8550	46508128	267501
8550	46508129	83
8550	46508130	38
8550	46508131	8
8550	46508132	70
8550	46508133	133
8550	46508134	598
8550	46508135	9
8550	46508136	5427
8550	46508137	14
8550	46508138	2
8550	46508139	30486
8550	46508140	2
8550	46508141	25795
8550	46508142	341
8550	46508143	50
8550	46508144	327
8550	46508145	137
8550	46508146	5447
8550	46508147	60
8550	46508148	7
8550	46508149	622
8550	46508150	137
8550	46508151	4334
8550	46508152	83
8550	46508153	218234
8550	46508154	2
8550	46508155	3707
8550	46508156	43925
8550	46508157	2040
8550	46508158	3937
8550	46508159	3
8550	46508160	1027
8550	46508161	2
8550	46508162	83
8550	46508163	75
8550	46508164	50
8550	46508165	16267
8550	46508166	143
8550	46508167	1
8550	46508168	58
8550	46508169	4036
8550	46508170	16
8550	46508171	279
8550	46508172	2
8550	46508173	30486
8550	46508174	2
8550	46508175	25795
8550	46508176	75
8550	46508177	198
8550	46508178	24
8550	46508179	979
8550	46508180	83
8550	46508181	176
8550	46508182	77
8550	46508183	88
8550	46508184	70
8550	46508185	1894
8550	46508186	2441
8550	46508187	83
8550	46508188	5214
8550	46508189	60
8550	46508190	19
8550	46508191	45209
8550	46508192	2
8550	46508193	3707
8550	46508194	43925
8550	46508195	8
8550	46508196	44
8550	46508197	7010
8550	46508198	513
8550	46508199	191
8550	46508200	1
8550	46508201	38
8550	46508202	247
8550	46508203	111296
8550	46508204	2
8550	46508205	42679
8550	46508206	78
8550	46508207	12472
8550	46508208	79
8550	46508209	37
8550	46508210	458
8550	46508211	191
8550	46508212	93
8550	46508213	7
8550	46508214	773
8550	46508215	2
8550	46508216	45209
8550	46508217	2
8550	46508218	3707
8550	46508219	43925
8550	46508220	583351
8550	46508221	490
8550	46508222	61
8550	46508223	2
8550	46508224	102033
8550	46508225	47
8550	46508226	13
8550	46508227	70
8550	46508228	56
8550	46508229	11
8550	46508230	69
8550	46508231	7162
8550	46508232	1
8550	46508233	20336
8550	46508234	1
8550	46508235	13
8550	46508236	91
8550	46508237	63
8550	46508238	255
8550	46508239	38
8550	46508240	1797
8550	46508241	6
8550	46508242	4972
8550	46508243	26
8550	46508244	5
8550	46508245	8
8550	46508246	91
8550	46508247	3735
8550	46508248	2116
8550	46508249	1
8550	46508250	25
8550	46508251	43
8550	46508252	370391
8550	46508253	198
8550	46508254	63
8550	46508255	25945
8550	46508256	15
8550	46508257	13
8550	46508258	7
8550	46508259	120
8550	46508260	2979
8550	46508261	558
8550	46508262	2
8550	46508263	30486
8550	46508264	2
8550	46508265	25795
8550	46508266	27898
8550	46508267	1
8550	46508268	339
8550	46508269	1
8550	46508270	54
8550	46508271	41
8550	46508272	24
8550	46508273	199
8550	46508274	1181
8550	46508275	58938
8550	46508276	2
8550	46508277	160
8550	46508278	87
8550	46508279	6
8550	46508280	10319
8550	46508281	1
8550	46508282	114
8550	46508283	7162
8550	46508284	10
8550	46508285	490
8550	46508286	21051
8550	46508287	17
8550	46508288	3
8550	46508289	16765
8550	46508290	6
8550	46508291	41075
8550	46508292	2
8550	46508293	45209
8550	46508294	2
8550	46508295	3707
8550	46508296	43925
8550	46508297	75
8550	46508298	1
8550	46508299	11
8550	46508300	1430
8550	46508301	1
8550	46508302	121
8550	46508303	10
8550	46508304	86
8550	46508305	164
8550	46508306	9
8550	46508307	30
8550	46508308	5539
8550	46508309	15
8550	46508310	29
8550	46508311	19
8550	46508312	30486
8550	46508313	2
8550	46508314	25795
8550	46508315	8
8550	46508316	107799
8550	46508317	107799
8550	46508318	107799
8550	46508319	107799
8550	46508320	107799
8550	46508321	107799
8550	46508322	107799
8550	46508323	107799
8550	46508324	107799
8550	46508325	107799
8550	46508326	43925
8550	46508327	201
8550	46508328	22
8550	46508329	47
8550	46508330	8
8550	46508331	6149
8550	46508332	2
8550	46508333	60
8550	46508334	71
8550	46508335	15675
8550	46508336	29
8550	46508337	84
8550	46508338	7
8550	46508339	3834
8550	46508340	4215
8550	46508341	1
8550	46508342	252
8550	46508343	13
8550	46508344	70
8550	46508345	24
8550	46508346	229
8550	46508347	15213
8550	46508348	60
8550	46508349	16
8550	46508350	2532
8550	46508351	19
8550	46508352	78
8550	46508353	1006
8550	46508354	79
8550	46508355	5970
8550	46508356	3
8550	46508357	15273
8550	46508358	157
8550	46508359	8
8550	46508360	503
8550	46508361	768
8550	46508362	19
8550	46508363	30486
8550	46508364	2
8550	46508365	25795
8550	46508366	391
8550	46508367	24
8550	46508368	2381
8550	46508369	1259
8550	46508370	19
8550	46508371	45209
8550	46508372	2
8550	46508373	3707
8550	46508374	43925
8550	46508375	89445
8550	46508376	23
8550	46508377	83
8550	46508378	568747
8550	46508379	38
8550	46508380	100
8550	46508381	13
8550	46508382	223
8550	46508383	15126
8550	46508384	17
8550	46508385	3
8550	46508386	234
8550	46508387	60
8550	46508388	160592
8550	46508389	2
8550	46508390	25795
8550	46508391	659
8550	46508392	155
8550	46508393	944
8550	46508394	29
8550	46508395	1
8550	46508396	84
8550	46508397	1
8550	46508398	1177
8550	46508399	11
8550	46508400	3
8550	46508401	234
8550	46508402	19
8550	46508403	45209
8550	46508404	2
8550	46508405	3707
8550	46508406	43925
8550	46508407	248
8550	46508408	1
8550	46508409	16
8550	46508410	863
8550	46508411	1
8550	46508412	424
8550	46508413	1
8550	46508414	22
8550	46508415	18230
8550	46508416	553
8550	46508417	26
8550	46508418	16
8550	46508419	112
8550	46508420	1
8550	46508421	588
8550	46508422	16
8550	46508423	403
8550	46508424	1711
8550	46508425	1
8550	46508426	32452
8550	46508427	17
8550	46508428	2611
8550	46508429	26
8550	46508430	12
8550	46508431	99
8550	46508432	1
8550	46508433	3627
8550	46508434	1
8550	46508435	47
8550	46508436	8
8550	46508437	2311
8550	46508438	94
8550	46508439	114
8550	46508440	9954
8550	46508441	1
8550	46508442	7
8550	46508443	16359
8550	46508444	280
8550	46508445	26
8550	46508446	38
8550	46508447	636
8550	46508448	64
8550	46508449	12
8550	46508450	14326
8550	46508451	92
8550	46508452	1088
8550	46508453	602
8550	46508454	6
8550	46508455	4499
8550	46508456	1
8550	46508457	51
8550	46508458	1
8550	46508459	518
8550	46508460	7
8550	46508461	1463
8550	46508462	1
8550	46508463	8
8550	46508464	91
8550	46508465	24
8550	46508466	38
8550	46508467	9549
8550	46508468	26
8550	46508469	5
8550	46508470	7
8550	46508471	1866
8550	46508472	1
8550	46508473	8
8550	46508474	198
8550	46508475	180
8550	46508476	1
8550	46508477	7
8550	46508478	2188
8550	46508479	6
8550	46508480	13686
8550	46508481	1
8550	46508482	51
8550	46508483	410
8550	46508484	10348
8550	46508485	6
8550	46508486	488
8550	46508487	635
8550	46508488	9
8550	46508489	297
8550	46508490	2
8550	46508491	30486
8550	46508492	2
8550	46508493	42679
8550	46508494	78
8550	46508495	4915
8550	46508496	79
8550	46508497	67
8550	46508498	1522
8550	46508499	165
8550	46508500	7
8550	46508501	77
8550	46508502	30
8550	46508503	50
8550	46508504	16267
8550	46508505	19
8550	46508506	45209
8550	46508507	2
8550	46508508	3707
8550	46508509	43925
8550	46508510	8
8550	46508511	820
8550	46508512	24
8550	46508513	26
8550	46508514	8
8550	46508515	61
8550	46508516	24
8550	46508517	107799
8550	46508518	107799
8550	46508519	107799
8550	46508520	107799
8550	46508521	107799
8550	46508522	107799
8550	46508523	107799
8550	46508524	107799
8550	46508525	107799
8550	46508526	107799
8550	46508527	135
8550	46508528	171
8550	46508529	117
8550	46508530	6228
8550	46508531	26
8550	46508532	20
8550	46508533	1
8550	46508534	854
8550	46508535	12
8550	46508536	30
8550	46508537	1
8550	46508538	12
8550	46508539	2471
8550	46508540	13
8550	46508541	1
8550	46508542	20336
8550	46508543	2
8550	46508544	30486
8550	46508545	2
8550	46508546	80066
8550	46508547	655
8550	46508548	1
8550	46508549	339
8550	46508550	23
8550	46508551	247
8550	46508552	218234
8550	46508553	2
8550	46508554	3707
8550	46508555	43925
8550	46508556	84523
8550	46508557	20305
8550	46508558	12
8550	46508559	22
8550	46508560	86
8550	46508561	20827
8550	46508562	2
8550	46508563	706
8550	46508564	16267
8550	46508565	58
8550	46508566	24
8550	46508567	41308
8550	46508568	7
8550	46508569	1413
8550	46508570	1606
8550	46508571	1532
8550	46508572	12
8550	46508573	39958
8550	46508574	1
8550	46508575	60
8550	46508576	7
8550	46508577	1413
8550	46508578	51
8550	46508579	1
8550	46508580	30562
8550	46508581	16
8550	46508582	10512
8550	46508583	1
8550	46508584	20876
8550	46508585	166
8550	46508586	9
8550	46508587	17462
8550	46508588	16
8550	46508589	2046
8550	46508590	2
8550	46508591	30486
8550	46508592	2
8550	46508593	25795
8550	46508594	391
8550	46508595	35
8550	46508596	186
8550	46508597	1377
8550	46508598	25
8550	46508599	16
8550	46508600	302
8550	46508601	1337
8550	46508602	9
8550	46508603	1729
8550	46508604	25
8550	46508605	3
8550	46508606	2975
8550	46508607	6
8550	46508608	43
8550	46508609	176
8550	46508610	77
8550	46508611	88
8550	46508612	22
8550	46508613	1917
8550	46508614	6
8550	46508615	83
8550	46508616	218234
8550	46508617	2
8550	46508618	3707
8550	46508619	43925
8550	46508620	208
8550	46508621	521
8550	46508622	88
8550	46508623	16
8550	46508624	4499
8550	46508625	23
8550	46508626	246
8550	46508627	1
8550	46508628	14
8550	46508629	198
8550	46508630	30
8550	46508631	191
8550	46508632	26
8550	46508633	12
8550	46508634	198
8550	46508635	6650
8550	46508636	15467
8550	46508637	5
8550	46508638	864
8550	46508639	2
8550	46508640	75
8550	46508641	1
8550	46508642	135
8550	46508643	35
8550	46508644	5338
8550	46508645	30
8550	46508646	265
8550	46508647	50429
8550	46508648	1
8550	46508649	65
8550	46508650	58
8550	46508651	25671
8550	46508652	117
8550	46508653	1
8550	46508654	104
8550	46508655	1
8550	46508656	16469
8550	46508657	1
8550	46508658	13
8550	46508659	135
8550	46508660	5211
8550	46508661	69
8550	46508662	211
8550	46508663	15
8550	46508664	50
8550	46508665	6542
8550	46508666	1406
8550	46508667	23
8550	46508668	83
8550	46508669	75
8550	46508670	46
8550	46508671	91
8550	46508672	24
8550	46508673	30
8550	46508674	1
8550	46508675	35
8550	46508676	563
8550	46508677	80
8550	46508678	21430
8550	46508679	3
8550	46508680	1027
8550	46508681	60
8550	46508682	160592
8550	46508683	2
8550	46508684	80066
8550	46508685	655
8550	46508686	23
8550	46508687	35
8550	46508688	186
8550	46508689	23
8550	46508690	45209
8550	46508691	2
8550	46508692	3707
8550	46508693	43925
8550	46508694	8
8550	46508695	749
8550	46508696	13
8550	46508697	8009
8550	46508698	69
8550	46508699	54518
8550	46508700	4154
8550	46508701	1
8550	46508702	5
8550	46508703	80
8550	46508704	105
8550	46508705	6521
8550	46508706	13
8550	46508707	9
8550	46508708	1130
8550	46508709	239
8550	46508710	69
8550	46508711	4179
8550	46508712	2
8550	46508713	160
8550	46508714	1554
8550	46508715	1
8550	46508716	8
8550	46508717	1359
8550	46508718	107799
8550	46508719	107799
8550	46508720	107799
8550	46508721	107799
8550	46508722	107799
8550	46508723	107799
8550	46508724	107799
8550	46508725	107799
8550	46508726	107799
8550	46508727	107799
8550	46508728	30486
8550	46508729	2
8550	46508730	25795
8550	46508731	27898
8550	46508732	1
8550	46508733	105
8550	46508734	1
8550	46508735	105
8550	46508736	85
8550	46508737	8
8550	46508738	4306
8550	46508739	8
8550	46508740	105
8550	46508741	9158
8550	46508742	2
8550	46508743	31446
8550	46508744	35
8550	46508745	1587
8550	46508746	1542
8550	46508747	2
8550	46508748	649
8550	46508749	35
8550	46508750	2339
8550	46508751	495
8550	46508752	20
8550	46508753	34
8550	46508754	60
8550	46508755	35
8550	46508756	1426
8550	46508757	99
8550	46508758	388
8550	46508759	1
8550	46508760	8
8550	46508761	2173
8550	46508762	60
8550	46508763	78
8550	46508764	14771
8550	46508765	28
8550	46508766	140
8550	46508767	33
8550	46508768	16
8550	46508769	796
8550	46508770	79
8550	46508771	179500
8550	46508772	2
8550	46508773	3707
8550	46508774	43925
8550	46508775	391
8550	46508776	14
8550	46508777	618
8550	46508778	23
8550	46508779	30486
8550	46508780	2
8550	46508781	25795
8550	46508782	75
8550	46508783	8
8550	46508784	80
8550	46508785	1071
8550	46508786	1
8550	46508787	83
8550	46508788	104
8550	46508789	8
8550	46508790	91
8550	46508791	1
8550	46508792	83
8550	46508793	151
8550	46508794	13
8550	46508795	9419
8550	46508796	34
8550	46508797	9
8550	46508798	769
8550	46508799	2
8550	46508800	1002
8550	46508801	1
8550	46508802	339
8550	46508803	88
8550	46508804	8
8550	46508805	80
8550	46508806	19935
8550	46508807	203
8550	46508808	2
8550	46508809	78
8550	46508810	900
8550	46508811	29
8550	46508812	3
8550	46508813	537
8550	46508814	79
8550	46508815	179500
8550	46508816	2
8550	46508817	3707
8550	46508818	43925
8550	46508819	137288
8550	46508820	233
8550	46508821	23
8550	46508822	78
8550	46508823	1006
8550	46508824	79
8550	46508825	350
8550	46508826	48
8550	46508827	43
8550	46508828	60
8550	46508829	7
8550	46508830	4090
8550	46508831	88
8550	46508832	23
8550	46508833	65
8550	46508834	9
8550	46508835	11858
8550	46508836	19
8550	46508837	30486
8550	46508838	2
8550	46508839	25795
8550	46508840	8
8550	46508841	2173
8550	46508842	1
8550	46508843	9
8550	46508844	2224
8550	46508845	3
8550	46508846	3008
8550	46508847	88
8550	46508848	1527
8550	46508849	2
8550	46508850	45209
8550	46508851	2
8550	46508852	3707
8550	46508853	43925
8550	46508854	1801
8550	46508855	23
8550	46508856	8
8550	46508857	223
8550	46508858	2177
8550	46508859	3
8550	46508860	4499
8550	46508861	6
8550	46508862	16
8550	46508863	1753
8550	46508864	47
8550	46508865	8
8550	46508866	635
8550	46508867	2
8550	46508868	78
8550	46508869	25795
8550	46508870	17926
8550	46508871	74
8550	46508872	7
8550	46508873	453
8550	46508874	79
8550	46508875	78
8550	46508876	1006
8550	46508877	79
8550	46508878	1653
8550	46508879	233
8550	46508880	23
8550	46508881	8
8550	46508882	157
8550	46508883	276
8550	46508884	18879
8550	46508885	9
8550	46508886	226
8550	46508887	49
8550	46508888	151
8550	46508889	26
8550	46508890	83
8550	46508891	38
8550	46508892	1
8550	46508893	556
8550	46508894	1
8550	46508895	148
8550	46508896	153
8550	46508897	7420
8550	46508898	35
8550	46508899	403
8550	46508900	3889
8550	46508901	2
8550	46508902	88
8550	46508903	2899
8550	46508904	10261
8550	46508905	1
8550	46508906	20336
8550	46508907	26
8550	46508908	13
8550	46508909	70
8550	46508910	8049
8550	46508911	69
8550	46508912	908
8550	46508913	26
8550	46508914	5
8550	46508915	13
8550	46508916	70
8550	46508917	35
8550	46508918	4553
8550	46508919	107799
8550	46508920	107799
8550	46508921	107799
8550	46508922	107799
8550	46508923	107799
8550	46508924	107799
8550	46508925	107799
8550	46508926	107799
8550	46508927	107799
8550	46508928	107799
8550	46508929	20584
8550	46508930	11
8550	46508931	34
8550	46508932	26
8550	46508933	14
8550	46508934	22
8550	46508935	20
8550	46508936	34
8550	46508937	12
8550	46508938	22
8550	46508939	703
8550	46508940	9122
8550	46508941	2
8550	46508942	45209
8550	46508943	2
8550	46508944	3707
8550	46508945	43925
8550	46508946	168
8550	46508947	1
8550	46508948	20
8550	46508949	69
8550	46508950	1150
8550	46508951	1
8550	46508952	12
8550	46508953	223
8550	46508954	30
8550	46508955	24882
8550	46508956	2
8550	46508957	60
8550	46508958	9487
8550	46508959	1
8550	46508960	20336
8550	46508961	26
8550	46508962	749
8550	46508963	34
8550	46508964	69
8550	46508965	750
8550	46508966	32
8550	46508967	1391
8550	46508968	85
8550	46508969	8
8550	46508970	80
8550	46508971	24
8550	46508972	12609
8550	46508973	13
8550	46508974	6632
8550	46508975	2
8550	46508976	194518
8550	46508977	223
8550	46508978	24
8550	46508979	30
8550	46508980	26345
8550	46508981	2
8550	46508982	559
8550	46508983	26
8550	46508984	103261
8550	46508985	1
8550	46508986	35
8550	46508987	233
8550	46508988	85
8550	46508989	64
8550	46508990	43
8550	46508991	198
8550	46508992	229
8550	46508993	3223
8550	46508994	11
8550	46508995	1172
8550	46508996	2
8550	46508997	30486
8550	46508998	2
8550	46508999	25795
8550	46509000	350
8550	46509001	1
8550	46509002	339
8550	46509003	23
8550	46509004	45209
8550	46509005	2
8550	46509006	3707
8550	46509007	43925
8550	46509008	78
8550	46509009	1006
8550	46509010	79
8550	46509011	8
8550	46509012	223
8550	46509013	6621
8550	46509014	298
8550	46509015	247
8550	46509016	71
8550	46509017	80
8550	46509018	1
8550	46509019	7321
8550	46509020	1
8550	46509021	1569
8550	46509022	69
8550	46509023	1637
8550	46509024	20
8550	46509025	3
8550	46509026	174
8550	46509027	326453
8550	46509028	2
8550	46509029	80066
8550	46509030	205
8550	46509031	1
8550	46509032	339
8550	46509033	2
8550	46509034	45209
8550	46509035	2
8550	46509036	3707
8550	46509037	43925
8550	46509038	78
8550	46509039	530
8550	46509040	28
8550	46509041	136
8550	46509042	79
8550	46509043	559
8550	46509044	1
8550	46509045	35
8550	46509046	320
8550	46509047	2
8550	46509048	78
8550	46509049	1006
8550	46509050	79
8550	46509051	6386
8550	46509052	1
8550	46509053	470
8550	46509054	186
8550	46509055	23
8550	46509056	27582
8550	46509057	134619
8550	46509058	5
8550	46509059	101581
8550	46509060	3246
8550	46509061	73032
8550	46509062	2
8550	46509063	17366
8550	46509064	2
8550	46509065	53728
8550	46509066	4
8550	46509067	1255
8550	46509068	43
8550	46509069	198
8550	46509070	229
8550	46509071	3223
8550	46509072	11
8550	46509073	1172
8550	46509074	2
8550	46509075	4
8550	46509076	60
8550	46509077	8588
8550	46509078	121
8550	46509079	48
8550	46509080	24
8550	46509081	90
8550	46509082	1949
8550	46509083	102
8550	46509084	1
8550	46509085	8
8550	46509086	119
8550	46509087	86
8550	46509088	24396
8550	46509089	85
8550	46509090	5
8550	46509091	104
8550	46509092	8
8550	46509093	61
8550	46509094	27
8550	46509095	145
8550	46509096	32
8550	46509097	14
8550	46509098	1
8550	46509099	110
8550	46509100	773
8550	46509101	1
8550	46509102	8
8550	46509103	820
8550	46509104	8
8550	46509105	198
8550	46509106	105
8550	46509107	30
8550	46509108	1795
8550	46509109	23
8550	46509110	14426
8550	46509111	2731
8550	46509112	2427
8550	46509113	60
8550	46509114	3
8550	46509115	26124
8550	46509116	6
8550	46509117	3
8550	46509118	3008
8550	46509119	2
8550	46509120	107799
8550	46509121	107799
8550	46509122	107799
8550	46509123	107799
8550	46509124	107799
8550	46509125	107799
8550	46509126	107799
8550	46509127	107799
8550	46509128	107799
8550	46509129	107799
8550	46509130	6
8550	46509131	648
8550	46509132	1647
8550	46509133	3855
8550	46509134	1
8550	46509135	191
8550	46509136	1925
8550	46509137	1010
8550	46509138	263
8550	46509139	31661
8550	46509140	7
8550	46509141	1356722
8550	46509142	15
8550	46509143	3
8550	46509144	2125
8550	46509145	2
8550	46509146	35291
8550	46509147	485
8550	46509148	1
8550	46509149	33
8550	46509150	3
8550	46509151	1545
8550	46509152	1
8550	46509153	7
8550	46509154	185
8550	46509155	5718
8550	46509156	1
8550	46509157	18678
8550	46509158	11
8550	46509159	2126
8550	46509160	26
8550	46509161	33
8550	46509162	3
8550	46509163	2457
8550	46509164	249
8550	46509165	1
8550	46509166	7
8550	46509167	163
8550	46509168	1
8550	46509169	13028
8550	46509170	7
8550	46509171	1473
8550	46509172	65407
8550	46509173	26
8550	46509174	164
8550	46509175	1285
8550	46509176	1
8550	46509177	29030
8550	46509178	29589
8550	46509179	26
8550	46509180	7
8550	46509181	465
8550	46509182	10932
8550	46509183	726
8550	46509184	3
8550	46509185	3821
8550	46509186	2
8550	46509187	232831
8550	46509188	22
8550	46509189	4942
8550	46509190	3963
8550	46509191	11096
8550	46509192	3
8550	46509193	8739
8550	46509194	6
8550	46509195	3
8550	46509196	9478
8550	46509197	1
8550	46509198	45
8550	46509199	7
8550	46509200	2415
8550	46509201	1
8550	46509202	51
8550	46509203	22
8550	46509204	9502
8550	46509205	2059
8550	46509206	26
8550	46509207	11
8550	46509208	16
8550	46509209	14995
8550	46509210	22
8550	46509211	7
8550	46509212	1502498
8550	46509213	2
8550	46509214	17921
8550	46509215	2169
8550	46509216	1374
8550	46509217	1
8550	46509218	845
8550	46509219	7
8550	46509220	130106
8550	46509221	2
8550	46509222	10480
8550	46509223	2
8550	46509224	6245
8550	46509225	3492
8550	46509226	12423
8550	46509227	1
8550	46509228	147374
8550	46509229	26
8550	46509230	1199
8550	46509231	73979
8550	46509232	13
8550	46509233	59
8550	46509234	23
8550	46509235	44805
8550	46509236	2
8550	46509237	69737
8550	46509238	1577
8550	46509239	48
8550	46509240	252
8550	46509241	8
8550	46509242	119
8550	46509243	24
8550	46509244	3160
8550	46509245	15
8550	46509246	43
8550	46509247	622
8550	46509248	6
8550	46509249	34101
8550	46509250	85
8550	46509251	8
8550	46509252	131
8550	46509253	4430
8550	46509254	1
8550	46509255	8
8550	46509256	6187
8550	46509257	55404
8550	46509258	70005
8550	46509259	60
8550	46509260	6979
8550	46509261	1599
8550	46509262	88
8550	46509263	5566
8550	46509264	1
8550	46509265	1599
8550	46509266	23
8550	46509267	10480
8550	46509268	2
8550	46509269	6245
8550	46509270	109
8550	46509271	81
8550	46509272	19
8550	46509273	44805
8550	46509274	2
8550	46509275	69737
8550	46509276	31
8550	46509277	5943
8550	46509278	717
8550	46509279	74770
8550	46509280	60
8550	46509281	61
8550	46509282	27
8550	46509283	13
8550	46509284	111
8550	46509285	88
8550	46509286	184
8550	46509287	85
8550	46509288	60
8550	46509289	78
8550	46509290	12
8550	46509291	5385
8550	46509292	40
8550	46509293	7
8550	46509294	230
8550	46509295	308
8550	46509296	4791
8550	46509297	1
8550	46509298	3
8550	46509299	2415
8550	46509300	2776
8550	46509301	29
8550	46509302	79
8550	46509303	10480
8550	46509304	2
8550	46509305	6245
8550	46509306	237
8550	46509307	363
8550	46509308	76
8550	46509309	7100
8550	46509310	23
8550	46509311	44805
8550	46509312	2
8550	46509313	99935
8550	46509314	78
8550	46509315	33
8550	46509316	3
8550	46509317	552
8550	46509318	79
8550	46509319	205
8550	46509320	26
8550	46509321	107799
8550	46509322	107799
8550	46509323	107799
8550	46509324	107799
8550	46509325	107799
8550	46509326	107799
8550	46509327	107799
8550	46509328	107799
8550	46509329	107799
8550	46509330	107799
8550	46509331	2139
8550	46509332	79
8550	46509333	331
8550	46509334	3
8550	46509335	76886
8550	46509336	1
8550	46509337	8
8550	46509338	820
8550	46509339	2
8550	46509340	44805
8550	46509341	2
8550	46509342	133199
8550	46509343	241
8550	46509344	26
8550	46509345	143
8550	46509346	35
8550	46509347	4768
8550	46509348	2
8550	46509349	10480
8550	46509350	2
8550	46509351	6245
8550	46509352	391
8550	46509353	46
8550	46509354	151
8550	46509355	19
8550	46509356	44805
8550	46509357	2
8550	46509358	69737
8550	46509359	55899
8550	46509360	7
8550	46509361	230
8550	46509362	3899
8550	46509363	1036
8550	46509364	8216
8550	46509365	72
8550	46509366	2
8550	46509367	227
8550	46509368	1677
8550	46509369	10
8550	46509370	69
8550	46509371	1821
8550	46509372	1
8550	46509373	339
8550	46509374	26
8550	46509375	13
8550	46509376	44
8550	46509377	27
8550	46509378	442
8550	46509379	34
8550	46509380	5179
8550	46509381	3
8550	46509382	2415
8550	46509383	85
8550	46509384	5
8550	46509385	81
8550	46509386	54
8550	46509387	223
8550	46509388	105
8550	46509389	30
8550	46509390	653
8550	46509391	9
8550	46509392	171
8550	46509393	114
8550	46509394	4480
8550	46509395	2
8550	46509396	10480
8550	46509397	2
8550	46509398	6245
8550	46509399	4230
8550	46509400	554
8550	46509401	3
8550	46509402	1371
8550	46509403	2
8550	46509404	127
8550	46509405	59
8550	46509406	81
8550	46509407	1
8550	46509408	147374
8550	46509409	1
8550	46509410	93
8550	46509411	46
8550	46509412	2376
8550	46509413	6152
8550	46509414	73
8550	46509415	61369
8550	46509416	16
8550	46509417	3048
8550	46509418	33
8550	46509419	3
8550	46509420	1215
8550	46509421	36
8550	46509422	3176
8550	46509423	26
8550	46509424	11225
8550	46509425	9
8550	46509426	9490
8550	46509427	55
8550	46509428	9005
8550	46509429	2
8550	46509430	44805
8550	46509431	2
8550	46509432	69737
8550	46509433	1577
8550	46509434	6152
8550	46509435	10
8550	46509436	24
8550	46509437	267
8550	46509438	1638
8550	46509439	1
8550	46509440	339
8550	46509441	26
8550	46509442	55
8550	46509443	12
8550	46509444	44
8550	46509445	63
8550	46509446	3156
8550	46509447	648
8550	46509448	7
8550	46509449	103155
8550	46509450	1
8550	46509451	354
8550	46509452	12579
8550	46509453	332
8550	46509454	2138
8550	46509455	2
8550	46509456	10480
8550	46509457	2
8550	46509458	6245
8550	46509459	350
8550	46509460	553
8550	46509461	5
8550	46509462	1054
8550	46509463	23
8550	46509464	44805
8550	46509465	2
8550	46509466	69737
8550	46509467	67
8550	46509468	65
8550	46509469	7
8550	46509470	9221
8550	46509471	33629
8550	46509472	4488
8550	46509473	527
8550	46509474	3
8550	46509475	961
8550	46509476	23
8550	46509477	10480
8550	46509478	2
8550	46509479	6245
8550	46509480	109
8550	46509481	7
8550	46509482	2588
8550	46509483	238
8550	46509484	23
8550	46509485	44805
8550	46509486	2
8550	46509487	133199
8550	46509488	205
8550	46509489	26
8550	46509490	9
8550	46509491	1513
8550	46509492	182
8550	46509493	36
8550	46509494	381
8550	46509495	15986
8550	46509496	78
8550	46509497	44843
8550	46509498	79
8550	46509499	75
8550	46509500	81
8550	46509501	54
8550	46509502	147
8550	46509503	102
8550	46509504	1
8550	46509505	23901
8550	46509506	1
8550	46509507	65
8550	46509508	48
8550	46509509	69
8550	46509510	2832
8550	46509511	19
8550	46509512	10480
8550	46509513	2
8550	46509514	6245
8550	46509515	462
8550	46509516	111
8550	46509517	20336
8550	46509518	1
8550	46509519	5
8550	46509520	487
8550	46509521	3
8550	46509522	107799
8550	46509523	107799
8550	46509524	107799
8550	46509525	107799
8550	46509526	107799
8550	46509527	107799
8550	46509528	107799
8550	46509529	107799
8550	46509530	107799
8550	46509531	107799
8550	46509532	69
8550	46509533	76886
8550	46509534	1
8550	46509535	147374
8550	46509536	2
8550	46509537	2364
8550	46509538	23
8550	46509539	7
8550	46509540	185
8550	46509541	65407
8550	46509542	23
8550	46509543	46
8550	46509544	387
8550	46509545	27
8550	46509546	115
8550	46509547	26
8550	46509548	14
8550	46509549	4027
8550	46509550	15
8550	46509551	3
8550	46509552	813
8550	46509553	26
8550	46509554	3
8550	46509555	2164
8550	46509556	198
8550	46509557	30
8550	46509558	229
8550	46509559	1536519
8550	46509560	60
8550	46509561	848
8550	46509562	110
8550	46509563	14329
8550	46509564	70
8550	46509565	2056
8550	46509566	1473
8550	46509567	981
8550	46509568	85
8550	46509569	567
8550	46509570	117
8550	46509571	5711
8550	46509572	85
8550	46509573	65
8550	46509574	48
8550	46509575	43
8550	46509576	19
8550	46509577	78
8550	46509578	270
8550	46509579	15
8550	46509580	3
8550	46509581	1647
8550	46509582	163
8550	46509583	33
8550	46509584	3
8550	46509585	1906
8550	46509586	79
8550	46509587	44805
8550	46509588	2
8550	46509589	99935
8550	46509590	78
8550	46509591	45442
8550	46509592	62
8550	46509593	79
8550	46509594	649
8550	46509595	117
8550	46509596	2224
8550	46509597	102
8550	46509598	1
8550	46509599	339
8550	46509600	85
8550	46509601	35
8550	46509602	1022
8550	46509603	28467
8550	46509604	34
8550	46509605	43
8550	46509606	22
8550	46509607	3
8550	46509608	116141
8550	46509609	2
8550	46509610	10480
8550	46509611	2
8550	46509612	6245
8550	46509613	1002
8550	46509614	54
8550	46509615	95
8550	46509616	487
8550	46509617	14
8550	46509618	20
8550	46509619	3
8550	46509620	2406
8550	46509621	2
8550	46509622	75
8550	46509623	104
8550	46509624	54
8550	46509625	5132
8550	46509626	114
8550	46509627	2352
8550	46509628	108
8550	46509629	3
8550	46509630	1737
8550	46509631	1
8550	46509632	13
8550	46509633	198
8550	46509634	14047
8550	46509635	6799
8550	46509636	26
8550	46509637	5
8550	46509638	1
8550	46509639	93
8550	46509640	3
8550	46509641	2120
8550	46509642	21493
8550	46509643	1
8550	46509644	16739
8550	46509645	17
8550	46509646	69
8550	46509647	499
8550	46509648	32
8550	46509649	3
8550	46509650	31136
8550	46509651	2
8550	46509652	44805
8550	46509653	2
8550	46509654	69737
8550	46509655	1812
8550	46509656	1
8550	46509657	339
8550	46509658	1
8550	46509659	121
8550	46509660	48
8550	46509661	90
8550	46509662	8554
8550	46509663	11
8550	46509664	46
8550	46509665	2
8550	46509666	10480
8550	46509667	2
8550	46509668	6245
8550	46509669	146
8550	46509670	2183
8550	46509671	86
8550	46509672	641
8550	46509673	6
8550	46509674	15430
8550	46509675	114
8550	46509676	106
8550	46509677	218
8550	46509678	3
8550	46509679	1285
8550	46509680	59
8550	46509681	6190
8550	46509682	85
8550	46509683	54
8550	46509684	131
8550	46509685	1895
8550	46509686	53
8550	46509687	2
8550	46509688	44805
8550	46509689	2
8550	46509690	69737
8550	46509691	341
8550	46509692	64
8550	46509693	35
8550	46509694	211
8550	46509695	339
8550	46509696	1
8550	46509697	8
8550	46509698	2798
8550	46509699	9
8550	46509700	30
8550	46509701	11040
8550	46509702	17
8550	46509703	3
8550	46509704	682
8550	46509705	6
8550	46509706	3318
8550	46509707	85
8550	46509708	576
8550	46509709	8
8550	46509710	70
8550	46509711	255
8550	46509712	11357
8550	46509713	1
8550	46509714	8
8550	46509715	119
8550	46509716	7
8550	46509717	254
8550	46509718	77
8550	46509719	2
8550	46509720	10480
8550	46509721	2
8550	46509722	6245
8550	46509723	107799
8550	46509724	107799
8550	46509725	107799
8550	46509726	107799
8550	46509727	107799
8550	46509728	107799
8550	46509729	107799
8550	46509730	107799
8550	46509731	107799
8550	46509732	107799
8550	46509733	223
8550	46509734	54
8550	46509735	7498
8550	46509736	152
8550	46509737	339
8550	46509738	19
8550	46509739	10480
8550	46509740	2
8550	46509741	6245
8550	46509742	2064
8550	46509743	4412
8550	46509744	26
8550	46509745	43
8550	46509746	85
8550	46509747	446
8550	46509748	1
8550	46509749	1539
8550	46509750	1
8550	46509751	5
8550	46509752	4921
8550	46509753	306
8550	46509754	2
8550	46509755	78
8550	46509756	42
8550	46509757	23203
8550	46509758	9
8550	46509759	4778
8550	46509760	82
8550	46509761	6
8550	46509762	3
8550	46509763	1285
8550	46509764	26
8550	46509765	415
8550	46509766	147374
8550	46509767	2501
8550	46509768	79
8550	46509769	44805
8550	46509770	2
8550	46509771	99935
8550	46509772	68147
8550	46509773	1
8550	46509774	23901
8550	46509775	23
8550	46509776	10480
8550	46509777	2
8550	46509778	6245
8550	46509779	109
8550	46509780	48
8550	46509781	3
8550	46509782	449
8550	46509783	19
8550	46509784	44805
8550	46509785	2
8550	46509786	69737
8550	46509787	8
8550	46509788	964
8550	46509789	7
8550	46509790	1381
8550	46509791	33
8550	46509792	3
8550	46509793	981
8550	46509794	2
8550	46509795	10480
8550	46509796	2
8550	46509797	6245
8550	46509798	30861
8550	46509799	60
8550	46509800	48709
8550	46509801	2
8550	46509802	78
8550	46509803	69737
8550	46509804	5870
8550	46509805	15
8550	46509806	3
8550	46509807	690
8550	46509808	6
8550	46509809	3
8550	46509810	981
8550	46509811	1
8550	46509812	7116
8550	46509813	7
8550	46509814	204
8550	46509815	1
8550	46509816	5
8550	46509817	10474
8550	46509818	2240
8550	46509819	15
8550	46509820	6245
8550	46509821	79
8550	46509822	44805
8550	46509823	2
8550	46509824	69737
8550	46509825	38371
8550	46509826	23
8550	46509827	1285
8550	46509828	11182
8550	46509829	23
8550	46509830	320295
8550	46509831	34765
8550	46509832	23
8550	46509833	10480
8550	46509834	2
8550	46509835	6245
8550	46509836	462
8550	46509837	72934
8550	46509838	84
8550	46509839	23
8550	46509840	30
8550	46509841	710
8550	46509842	1
8550	46509843	5
8550	46509844	9864
8550	46509845	5702
8550	46509846	78
8550	46509847	42
8550	46509848	16833
8550	46509849	358
8550	46509850	3
8550	46509851	10932
8550	46509852	2
8550	46509853	4741
8550	46509854	16568
8550	46509855	48584
8550	46509856	1
8550	46509857	17
8550	46509858	7
8550	46509859	543
8550	46509860	5
8550	46509861	7
8550	46509862	465
8550	46509863	3114
8550	46509864	6
8550	46509865	3904
8550	46509866	79
8550	46509867	16439
8550	46509868	2
8550	46509869	4741
8550	46509870	1201
8550	46509871	16447
8550	46509872	192
8550	46509873	1
8550	46509874	588
8550	46509875	23
8550	46509876	206
8550	46509877	219
8550	46509878	805
8550	46509879	451
8550	46509880	38
8550	46509881	4741
8550	46509882	131
8550	46509883	30
8550	46509884	1127
8550	46509885	9
8550	46509886	6698
8550	46509887	1354
8550	46509888	23
8550	46509889	361
8550	46509890	121
8550	46509891	48
8550	46509892	159324
8550	46509893	5
8550	46509894	72616
8550	46509895	1
8550	46509896	5
8550	46509897	7
8550	46509898	403
8550	46509899	3652
8550	46509900	6
8550	46509901	5037
8550	46509902	99903
8550	46509903	26
8550	46509904	5
8550	46509905	11357
8550	46509906	5
8550	46509907	1516556
8550	46509908	1
8550	46509909	5
8550	46509910	7
8550	46509911	4524
8550	46509912	6
8550	46509913	3724
8550	46509914	116479
8550	46509915	85
8550	46509916	38
8550	46509917	556
8550	46509918	1
8550	46509919	23129
8550	46509920	1
8550	46509921	3
8550	46509922	5903
8550	46509923	714
8550	46509924	107799
8550	46509925	107799
8550	46509926	107799
8550	46509927	107799
8550	46509928	107799
8550	46509929	107799
8550	46509930	107799
8550	46509931	107799
8550	46509932	107799
8550	46509933	107799
8550	46509934	131
8550	46509935	134
8550	46509936	20
8550	46509937	1354
8550	46509938	23
8550	46509939	35
8550	46509940	1026
8550	46509941	22
8550	46509942	503
8550	46509943	9
8550	46509944	30
8550	46509945	7
8550	46509946	1595
8550	46509947	2
8550	46509948	1002
8550	46509949	12
8550	46509950	1392
8550	46509951	314
8550	46509952	16
8550	46509953	1391
8550	46509954	1
8550	46509955	7368
8550	46509956	1
8550	46509957	5
8550	46509958	1321
8550	46509959	15
8550	46509960	149
8550	46509961	1
8550	46509962	93
8550	46509963	7
8550	46509964	1528
8550	46509965	47567
8550	46509966	26
8550	46509967	5
8550	46509968	1622
8550	46509969	117
8550	46509970	64
8550	46509971	156
8550	46509972	130
8550	46509973	114
8550	46509974	4189
8550	46509975	32
8550	46509976	43
8550	46509977	87
8550	46509978	6
8550	46509979	174
8550	46509980	78
8550	46509981	24496
8550	46509982	79
8550	46509983	37
8550	46509984	223
8550	46509985	63
8550	46509986	3
8550	46509987	7614
8550	46509988	1354
8550	46509989	8
8550	46509990	91
8550	46509991	299
8550	46509992	1
8550	46509993	640
8550	46509994	26
8550	46509995	599
8550	46509996	104
8550	46509997	12
8550	46509998	22
8550	46509999	11225
8550	46510000	9
8550	46510001	171
8550	46510002	7
8550	46510003	2993
8550	46510004	6
8550	46510005	149
8550	46510006	1
8550	46510007	3
8550	46510008	2140
8550	46510009	12
8550	46510010	251
8550	46510011	14
8550	46510012	3
8550	46510013	1371
8550	46510014	2
8550	46510015	4741
8550	46510016	15767
8550	46510017	1354
8550	46510018	588
8550	46510019	23
8550	46510020	8
8550	46510021	135
8550	46510022	27
8550	46510023	63
8550	46510024	9552
8550	46510025	6
8550	46510026	14
8550	46510027	83
8550	46510028	78
8550	46510029	21
8550	46510030	519
8550	46510031	1
8550	46510032	9046
8550	46510033	1
8550	46510034	15
8550	46510035	3
8550	46510036	1354
8550	46510037	4606
8550	46510038	26
8550	46510039	2034
8550	46510040	14
8550	46510041	5
8550	46510042	1512
8550	46510043	26
8550	46510044	839
8550	46510045	3
8550	46510046	3904
8550	46510047	11
8550	46510048	3
8550	46510049	163
8550	46510050	2
8550	46510051	6245
8550	46510052	1777634
8550	46510053	357
8550	46510054	49
8550	46510055	26
8550	46510056	33929
8550	46510057	3
8550	46510058	163
8550	46510059	1
8550	46510060	5
8550	46510061	714
8550	46510062	154
8550	46510063	3
8550	46510064	3904
8550	46510065	2
8550	46510066	69737
8550	46510067	21471
8550	46510068	74
8550	46510069	7
8550	46510070	1831
8550	46510071	79
8550	46510072	16439
8550	46510073	1
8550	46510074	4741
8550	46510075	78
8550	46510076	5230
8550	46510077	79
8550	46510078	109
8550	46510079	11741
8550	46510080	38174
8550	46510081	22
8550	46510082	46
8550	46510083	73
8550	46510084	60446
8550	46510085	9
8550	46510086	1083
8550	46510087	16
8550	46510088	22834
8550	46510089	17
8550	46510090	7
8550	46510091	197
8550	46510092	6
8550	46510093	35
8550	46510094	3447
8550	46510095	2
8550	46510096	8
8550	46510097	4500
8550	46510098	180
8550	46510099	118
8550	46510100	46
8550	46510101	13759
8550	46510102	264736
8550	46510103	26
8550	46510104	38
8550	46510105	13
8550	46510106	223
8550	46510107	15417
8550	46510108	14
8550	46510109	1
8550	46510110	262716
8550	46510111	23
8550	46510112	78
8550	46510113	21
8550	46510114	10279
8550	46510115	3
8550	46510116	163
8550	46510117	1
8550	46510118	845
8550	46510119	62
8550	46510120	28
8550	46510121	543
8550	46510122	85
8550	46510123	38
8550	46510124	9406
8550	46510125	107799
8550	46510126	107799
8550	46510127	107799
8550	46510128	107799
8550	46510129	107799
8550	46510130	107799
8550	46510131	107799
8550	46510132	107799
8550	46510133	107799
8550	46510134	107799
8550	46510135	19203
8550	46510136	79
8550	46510137	16439
8550	46510138	2
8550	46510139	4741
8550	46510140	474
8550	46510141	6358
8550	46510142	259522
8550	46510143	1
8550	46510144	227
8550	46510145	1678
8550	46510146	22
8550	46510147	92
8550	46510148	100421
8550	46510149	1527574
8550	46510150	596629
8550	46510151	23
8550	46510152	10480
8550	46510153	2
8550	46510154	6245
8550	46510155	628
8550	46510156	376
8550	46510157	13
8550	46510158	70
8550	46510159	203
8550	46510160	9
8550	46510161	3510
8550	46510162	1
8550	46510163	1905
8550	46510164	3801
8550	46510165	49793
8550	46510166	2
8550	46510167	44805
8550	46510168	2
8550	46510169	69737
8550	46510170	1624
8550	46510171	40
8550	46510172	3
8550	46510173	2537
8550	46510174	6
8550	46510175	69
8550	46510176	5012
8550	46510177	1
8550	46510178	147374
8550	46510179	2
8550	46510180	16439
8550	46510181	2
8550	46510182	4741
8550	46510183	71
8550	46510184	447
8550	46510185	1
8550	46510186	4654
8550	46510187	23
8550	46510188	5
8550	46510189	196
8550	46510190	68
8550	46510191	13
8550	46510192	145
8550	46510193	102
8550	46510194	1
8550	46510195	5
8550	46510196	65
8550	46510197	61
8550	46510198	13
8550	46510199	340
8550	46510200	23
8550	46510201	10480
8550	46510202	2
8550	46510203	6245
8550	46510204	8
8550	46510205	123
8550	46510206	159
8550	46510207	3
8550	46510208	395
8550	46510209	1
8550	46510210	354
8550	46510211	5136
8550	46510212	332
8550	46510213	1172
8550	46510214	2
8550	46510215	1912
8550	46510216	13
8550	46510217	1
8550	46510218	17
8550	46510219	69
8550	46510220	1252
8550	46510221	133
8550	46510222	631
8550	46510223	1
8550	46510224	24828
8550	46510225	72
8550	46510226	15
8550	46510227	34
8550	46510228	3
8550	46510229	106
8550	46510230	15
8550	46510231	69
8550	46510232	17890
8550	46510233	2247
8550	46510234	19
8550	46510235	16439
8550	46510236	2
8550	46510237	4741
8550	46510238	8140
8550	46510239	1
8550	46510240	3
8550	46510241	5162
8550	46510242	1
8550	46510243	3
8550	46510244	708102
8550	46510245	5162
8550	46510246	23
8550	46510247	10480
8550	46510248	2
8550	46510249	6245
8550	46510250	71
8550	46510251	80
8550	46510252	24
8550	46510253	23
8550	46510254	84
8550	46510255	8
8550	46510256	131
8550	46510257	2664
8550	46510258	14
8550	46510259	298
8550	46510260	2
8550	46510261	16439
8550	46510262	2
8550	46510263	4741
8550	46510264	24338
8550	46510265	23
8550	46510266	36558
8550	46510267	23
8550	46510268	18858
8550	46510269	23
8550	46510270	44805
8550	46510271	2
8550	46510272	69737
8550	46510273	794
8550	46510274	82
8550	46510275	1111
8550	46510276	4692
8550	46510277	15
8550	46510278	13
8550	46510279	32
8550	46510280	46
8550	46510281	1685
8550	46510282	1
8550	46510283	110
8550	46510284	429
8550	46510285	2
8550	46510286	16439
8550	46510287	2
8550	46510288	4741
8550	46510289	11085
8550	46510290	1
8550	46510291	10400
8550	46510292	1
8550	46510293	21301
8550	46510294	23
8550	46510295	1745
8550	46510296	1
8550	46510297	8
8550	46510298	223
8550	46510299	62524
8550	46510300	17
8550	46510301	2208
8550	46510302	23
8550	46510303	78
8550	46510304	21
8550	46510305	22114
8550	46510306	40
8550	46510307	3
8550	46510308	163
8550	46510309	2
8550	46510310	69737
8550	46510311	1
8550	46510312	73
8550	46510313	18
8550	46510314	56
8550	46510315	5855
8550	46510316	1
8550	46510317	5870
8550	46510318	498
8550	46510319	263
8550	46510320	6245
8550	46510321	79
8550	46510322	44805
8550	46510323	2
8550	46510324	69737
8550	46510325	4076
8550	46510326	107799
8550	46510327	107799
8550	46510328	107799
8550	46510329	107799
8550	46510330	107799
8550	46510331	107799
8550	46510332	107799
8550	46510333	107799
8550	46510334	107799
8550	46510335	107799
8550	46510336	10480
8550	46510337	2
8550	46510338	6245
8550	46510339	462
8550	46510340	72934
8550	46510341	128
8550	46510342	2
8550	46510343	78
8550	46510344	42
8550	46510345	16833
8550	46510346	358
8550	46510347	3
8550	46510348	10932
8550	46510349	79
8550	46510350	3246
8550	46510351	1540613
8550	46510352	26
8550	46510353	12
8550	46510354	1751
8550	46510355	47
8550	46510356	12
8550	46510357	16568
8550	46510358	2
8550	46510359	43819
8550	46510360	2
8550	46510361	127954
8550	46510362	1201
8550	46510363	133
8550	46510364	1823
8550	46510365	135
8550	46510366	14334
8550	46510367	16
8550	46510368	1026
8550	46510369	36
8550	46510370	1676
8550	46510371	2
8550	46510372	8
8550	46510373	5641
8550	46510374	3
8550	46510375	5903
8550	46510376	2983
8550	46510377	739
8550	46510378	759
8550	46510379	3
8550	46510380	163
8550	46510381	17
8550	46510382	4561
8550	46510383	26
8550	46510384	5
8550	46510385	86
8550	46510386	1854
8550	46510387	1
8550	46510388	100
8550	46510389	43
8550	46510390	110
8550	46510391	197
8550	46510392	12615
8550	46510393	137
8550	46510394	603
8550	46510395	17
8550	46510396	16
8550	46510397	1354
8550	46510398	2
8550	46510399	78
8550	46510400	12
8550	46510401	519
8550	46510402	759
8550	46510403	3
8550	46510404	4606
8550	46510405	26
8550	46510406	17921
8550	46510407	5
8550	46510408	232831
8550	46510409	11437
8550	46510410	358
8550	46510411	29
8550	46510412	1
8550	46510413	16955
8550	46510414	29
8550	46510415	1
8550	46510416	51868
8550	46510417	3
8550	46510418	163
8550	46510419	1
8550	46510420	5
8550	46510421	15606
8550	46510422	29
8550	46510423	256
8550	46510424	26
8550	46510425	139528
8550	46510426	19651
8550	46510427	1
8550	46510428	5
8550	46510429	7624
8550	46510430	9
8550	46510431	495
8550	46510432	2
8550	46510433	44805
8550	46510434	2
8550	46510435	69737
8550	46510436	1002
8550	46510437	1
8550	46510438	110
8550	46510439	429
8550	46510440	1
8550	46510441	121
8550	46510442	48
8550	46510443	7
8550	46510444	1351
8550	46510445	20
8550	46510446	3
8550	46510447	174
8550	46510448	20
8550	46510449	13
8550	46510450	85
8550	46510451	8449
8550	46510452	3
8550	46510453	2367
8550	46510454	4553
8550	46510455	9496
8550	46510456	2
8550	46510457	78
8550	46510458	15919
8550	46510459	3
8550	46510460	163
8550	46510461	79
8550	46510462	210000
8550	46510463	2
8550	46510464	127954
8550	46510465	248
8550	46510466	1
8550	46510467	4741
8550	46510468	23
8550	46510469	16439
8550	46510470	2
8550	46510471	4741
8550	46510472	72616
8550	46510473	23
8550	46510474	43819
8550	46510475	2
8550	46510476	127954
8550	46510477	109
8550	46510478	48
8550	46510479	3
8550	46510480	449
8550	46510481	19
8550	46510482	59
8550	46510483	179
8550	46510484	5137
8550	46510485	1901
8550	46510486	10006
8550	46510487	19
8550	46510488	10480
8550	46510489	2
8550	46510490	6245
8550	46510491	241
8550	46510492	1
8550	46510493	133
8550	46510494	893
8550	46510495	1
8550	46510496	82
8550	46510497	338
8550	46510498	12196
8550	46510499	151
8550	46510500	2
8550	46510501	8
8550	46510502	157
8550	46510503	7
8550	46510504	1714
8550	46510505	2
8550	46510506	71
8550	46510507	1337
8550	46510508	9
8550	46510509	30
8550	46510510	7
8550	46510511	5370
8550	46510512	2160
8550	46510513	88
8550	46510514	102
8550	46510515	1
8550	46510516	570
8550	46510517	43
8550	46510518	3448
8550	46510519	1
8550	46510520	5
8550	46510521	473
8550	46510522	34
8550	46510523	196
8550	46510524	8
8550	46510525	223
8550	46510526	299
8550	46510527	107799
8550	46510528	107799
8550	46510529	107799
8550	46510530	107799
8550	46510531	107799
8550	46510532	107799
8550	46510533	107799
8550	46510534	107799
8550	46510535	107799
8550	46510536	107799
8550	46510537	29649
8550	46510538	1
8550	46510539	69
8550	46510540	7432
8550	46510541	61760
8550	46510542	34
8550	46510543	26
8550	46510544	3627
8550	46510545	1
8550	46510546	8
8550	46510547	157
8550	46510548	7
8550	46510549	1714
8550	46510550	298
8550	46510551	71
8550	46510552	131
8550	46510553	152
8550	46510554	1
8550	46510555	23901
8550	46510556	1
8550	46510557	83
8550	46510558	16439
8550	46510559	2
8550	46510560	4741
8550	46510561	248
8550	46510562	1
8550	46510563	72616
8550	46510564	1
8550	46510565	13
8550	46510566	44
8550	46510567	27
8550	46510568	30
8550	46510569	165
8550	46510570	7
8550	46510571	5162
8550	46510572	23
8550	46510573	43819
8550	46510574	2
8550	46510575	127954
8550	46510576	6270
8550	46510577	34
8550	46510578	828
8550	46510579	1
8550	46510580	110
8550	46510581	197
8550	46510582	2
8550	46510583	60
8550	46510584	160
8550	46510585	3
8550	46510586	152
8550	46510587	238
8550	46510588	1
8550	46510589	23901
8550	46510590	60
8550	46510591	16439
8550	46510592	2
8550	46510593	4741
8550	46510594	71
8550	46510595	223
8550	46510596	24
8550	46510597	6621
8550	46510598	35
8550	46510599	2247
8550	46510600	2
8550	46510601	78
8550	46510602	7624
8550	46510603	9
8550	46510604	2982
8550	46510605	16
8550	46510606	170730
8550	46510607	79
8550	46510608	210000
8550	46510609	2
8550	46510610	127954
8550	46510611	1730
8550	46510612	3
8550	46510613	2457
8550	46510614	163
8550	46510615	88
8550	46510616	7
8550	46510617	3360
8550	46510618	33
8550	46510619	3
8550	46510620	1906
8550	46510621	66401
8550	46510622	15
8550	46510623	3
8550	46510624	981
8550	46510625	60
8550	46510626	3
8550	46510627	1175
8550	46510628	1637
8550	46510629	1
8550	46510630	33
8550	46510631	3
8550	46510632	1545
8550	46510633	1
8550	46510634	32
8550	46510635	3
8550	46510636	2610
8550	46510637	2
8550	46510638	83
8550	46510639	17921
8550	46510640	3605
8550	46510641	2922
8550	46510642	15
8550	46510643	3
8550	46510644	163
8550	46510645	1
8550	46510646	1399
8550	46510647	45
8550	46510648	232831
8550	46510649	26
8550	46510650	42
8550	46510651	51868
8550	46510652	3
8550	46510653	163
8550	46510654	5
8550	46510655	3246
8550	46510656	2
8550	46510657	31
8550	46510658	163
8550	46510659	15233
8550	46510660	26160
8550	46510661	357
8550	46510662	53
8550	46510663	26
8550	46510664	5
8550	46510665	3
8550	46510666	3904
8550	46510667	59
8550	46510668	1394
8550	46510669	1
8550	46510670	45
8550	46510671	3
8550	46510672	2246
8550	46510673	1
8550	46510674	90
8550	46510675	802
8550	46510676	40
8550	46510677	3
8550	46510678	163
8550	46510679	2
8550	46510680	139528
8550	46510681	5
8550	46510682	53246
8550	46510683	11497
8550	46510684	79
8550	46510685	44805
8550	46510686	2
8550	46510687	99935
8550	46510688	78
8550	46510689	414
8550	46510690	15
8550	46510691	3
8550	46510692	12786
8550	46510693	79
8550	46510694	109
8550	46510695	3
8550	46510696	1776
8550	46510697	59
8550	46510698	13
8550	46510699	1321
8550	46510700	32
8550	46510701	19
8550	46510702	10480
8550	46510703	2
8550	46510704	6245
8550	46510705	78
8550	46510706	5230
8550	46510707	79
8550	46510708	8
8550	46510709	91
8550	46510710	299
8550	46510711	86
8550	46510712	3360
8550	46510713	26
8550	46510714	3
8550	46510715	7104
8550	46510716	22
8550	46510717	4503
8550	46510718	33
8550	46510719	188
8550	46510720	249
8550	46510721	2
8550	46510722	43819
8550	46510723	2
8550	46510724	369614
8550	46510725	205
8550	46510726	1
8550	46510727	23901
8550	46510728	107799
8550	46510729	107799
8550	46510730	107799
8550	46510731	107799
8550	46510732	107799
8550	46510733	107799
8550	46510734	107799
8550	46510735	107799
8550	46510736	107799
8550	46510737	107799
8550	46510738	16439
8550	46510739	2
8550	46510740	4741
8550	46510741	71
8550	46510742	147
8550	46510743	687337
8550	46510744	1
8550	46510745	23901
8550	46510746	2
8550	46510747	10480
8550	46510748	2
8550	46510749	6245
8550	46510750	38532
8550	46510751	3
8550	46510752	163
8550	46510753	1
8550	46510754	147374
8550	46510755	1
8550	46510756	25
8550	46510757	8
8550	46510758	198
8550	46510759	135988
8550	46510760	46
8550	46510761	8138
8550	46510762	2537
8550	46510763	2
8550	46510764	44805
8550	46510765	2
8550	46510766	69737
8550	46510767	38532
8550	46510768	3
8550	46510769	163
8550	46510770	23
8550	46510771	46
8550	46510772	48
8550	46510773	120
8550	46510774	1275
8550	46510775	1
8550	46510776	588
8550	46510777	23
8550	46510778	248
8550	46510779	1
8550	46510780	339
8550	46510781	1
8550	46510782	3
8550	46510783	163
8550	46510784	99
8550	46510785	24
8550	46510786	143
8550	46510787	5959
8550	46510788	578
8550	46510789	1
8550	46510790	38
8550	46510791	3
8550	46510792	3904
8550	46510793	70
8550	46510794	17988
8550	46510795	1
8550	46510796	6
8550	46510797	66
8550	46510798	142
8550	46510799	12710
8550	46510800	1
8550	46510801	905
8550	46510802	7
8550	46510803	10051
8550	46510804	242
8550	46510805	2
8550	46510806	10480
8550	46510807	2
8550	46510808	6245
8550	46510809	67
8550	46510810	394
8550	46510811	48
8550	46510812	3
8550	46510813	130106
8550	46510814	19
8550	46510815	44805
8550	46510816	2
8550	46510817	69737
8550	46510818	52
8550	46510819	48
8550	46510820	579
8550	46510821	2597
8550	46510822	2
8550	46510823	10480
8550	46510824	2
8550	46510825	6245
8550	46510826	46436
8550	46510827	23
8550	46510828	65
8550	46510829	157
8550	46510830	8
8550	46510831	9
8550	46510832	115
8550	46510833	23
8550	46510834	43819
8550	46510835	2
8550	46510836	127954
8550	46510837	55285
8550	46510838	14
8550	46510839	1
8550	46510840	23901
8550	46510841	2
8550	46510842	16439
8550	46510843	2
8550	46510844	4741
8550	46510845	71
8550	46510846	70
8550	46510847	2083
8550	46510848	6
8550	46510849	87
8550	46510850	20
8550	46510851	3227
8550	46510852	1
8550	46510853	23901
8550	46510854	2
8550	46510855	43819
8550	46510856	2
8550	46510857	369614
8550	46510858	71
8550	46510859	70
8550	46510860	3
8550	46510861	403
8550	46510862	174
8550	46510863	427
8550	46510864	13
8550	46510865	1
8550	46510866	23901
8550	46510867	16439
8550	46510868	2
8550	46510869	4741
8550	46510870	67
8550	46510871	13
8550	46510872	95
8550	46510873	30
8550	46510874	10034
8550	46510875	11
8550	46510876	3
8550	46510877	271
8550	46510878	1
8550	46510879	23901
8550	46510880	2
8550	46510881	78
8550	46510882	64222
8550	46510883	16568
8550	46510884	3963
8550	46510885	1
8550	46510886	17
8550	46510887	7
8550	46510888	543
8550	46510889	2
8550	46510890	79
8550	46510891	17366
8550	46510892	2
8550	46510893	53728
8550	46510894	101949
8550	46510895	131
8550	46510896	30
8550	46510897	11
8550	46510898	3
8550	46510899	3008
8550	46510900	1
8550	46510901	5
8550	46510902	198
8550	46510903	1135
8550	46510904	3442
8550	46510905	2
8550	46510906	237
8550	46510907	2247
8550	46510908	198
8550	46510909	63
8550	46510910	310
8550	46510911	7648
8550	46510912	1
8550	46510913	38
8550	46510914	8
8550	46510915	70
8550	46510916	24
8550	46510917	26
8550	46510918	5
8550	46510919	8
8550	46510920	61
8550	46510921	27
8550	46510922	213
8550	46510923	21
8550	46510924	195
8550	46510925	30
8550	46510926	1156
8550	46510927	344
8550	46510928	9
8550	46510929	107799
8550	46510930	107799
8550	46510931	107799
8550	46510932	107799
8550	46510933	107799
8550	46510934	107799
8550	46510935	107799
8550	46510936	107799
8550	46510937	107799
8550	46510938	107799
8550	46510939	2
8550	46510940	168
8550	46510941	121
8550	46510942	48
8550	46510943	35
8550	46510944	142
8550	46510945	363
8550	46510946	271047
8550	46510947	1
8550	46510948	189
8550	46510949	247
8550	46510950	16439
8550	46510951	2
8550	46510952	4741
8550	46510953	76
8550	46510954	1677
8550	46510955	22
8550	46510956	11357
8550	46510957	2
8550	46510958	78
8550	46510959	53246
8550	46510960	5
8550	46510961	139528
8550	46510962	6719
8550	46510963	4
8550	46510964	20811
8550	46510965	1
8550	46510966	11357
8550	46510967	2
8550	46510968	4
8550	46510969	79
8550	46510970	44805
8550	46510971	2
8550	46510972	69737
8550	46510973	350
8550	46510974	1
8550	46510975	11357
8550	46510976	19
8550	46510977	88
8550	46510978	78
8550	46510979	8570
8550	46510980	79
8550	46510981	20811
8550	46510982	1
8550	46510983	35
8550	46510984	872
8550	46510985	20811
8550	46510986	23
8550	46510987	17366
8550	46510988	2
8550	46510989	53728
8550	46510990	265726
8550	46510991	36
8550	46510992	222
8550	46510993	23
8550	46510994	646
8550	46510995	59
8550	46510996	13
8550	46510997	1
8550	46510998	147374
8550	46510999	19
8550	46511000	16439
8550	46511001	2
8550	46511002	4741
8550	46511003	493
8550	46511004	1
8550	46511005	11357
8550	46511006	1
8550	46511007	11357
8550	46511008	2
8550	46511009	43819
8550	46511010	2
8550	46511011	127954
8550	46511012	493
8550	46511013	1
8550	46511014	11357
8550	46511015	1
8550	46511016	11357
8550	46511017	2
8550	46511018	44805
8550	46511019	2
8550	46511020	133199
8550	46511021	241
8550	46511022	1
8550	46511023	556
8550	46511024	26
8550	46511025	43
8550	46511026	249
8550	46511027	1
8550	46511028	11357
8550	46511029	1
8550	46511030	43
8550	46511031	106
8550	46511032	2
8550	46511033	60
8550	46511034	78
8550	46511035	64222
8550	46511036	519
8550	46511037	295
8550	46511038	3
8550	46511039	163
8550	46511040	79
8550	46511041	44805
8550	46511042	2
8550	46511043	69737
8550	46511044	27898
8550	46511045	1
8550	46511046	35
8550	46511047	1419
8550	46511048	1
8550	46511049	1474
8550	46511050	1
8550	46511051	12723
8550	46511052	96
8550	46511053	194
8550	46511054	1
8550	46511055	11357
8550	46511056	60
8550	46511057	567
8550	46511058	117
8550	46511059	72
8550	46511060	2
8550	46511061	17366
8550	46511062	2
8550	46511063	34848
8550	46511064	109
8550	46511065	1
8550	46511066	22
8550	46511067	69
8550	46511068	1026
8550	46511069	17
8550	46511070	13
8550	46511071	19
8550	46511072	10480
8550	46511073	2
8550	46511074	6245
8550	46511075	205
8550	46511076	1
8550	46511077	35
8550	46511078	133
8550	46511079	233
8550	46511080	26
8550	46511081	38
8550	46511082	8
8550	46511083	61
8550	46511084	27
8550	46511085	8292
8550	46511086	35
8550	46511087	11794
8550	46511088	1
8550	46511089	576
8550	46511090	14
8550	46511091	122067
8550	46511092	34
8550	46511093	1
8550	46511094	11
8550	46511095	13
8550	46511096	1
8550	46511097	7
8550	46511098	325
8550	46511099	9
8550	46511100	7462
8550	46511101	34
8550	46511102	15
8550	46511103	20336
8550	46511104	2
8550	46511105	17366
8550	46511106	2
8550	46511107	34848
8550	46511108	659
8550	46511109	13
8550	46511110	337
8550	46511111	6
8550	46511112	46
8550	46511113	19
8550	46511114	75
8550	46511115	196
8550	46511116	223
8550	46511117	8
8550	46511118	442
8550	46511119	13
8550	46511120	72
8550	46511121	19
8550	46511122	44805
8550	46511123	2
8550	46511124	69737
8550	46511125	31
8550	46511126	3904
8550	46511127	59
8550	46511128	125
8550	46511129	1
8550	46511130	107799
8550	46511131	107799
8550	46511132	107799
8550	46511133	107799
8550	46511134	107799
8550	46511135	107799
8550	46511136	107799
8550	46511137	107799
8550	46511138	107799
8550	46511139	107799
8550	46511140	1
8550	46511141	5
8550	46511142	29231
8550	46511143	3
8550	46511144	163
8550	46511145	79
8550	46511146	16439
8550	46511147	2
8550	46511148	4741
8550	46511149	75
8550	46511150	20811
8550	46511151	83
8550	46511152	20811
8550	46511153	23
8550	46511154	43819
8550	46511155	2
8550	46511156	127954
8550	46511157	75
8550	46511158	20811
8550	46511159	83
8550	46511160	20811
8550	46511161	23
8550	46511162	10480
8550	46511163	2
8550	46511164	6245
8550	46511165	78
8550	46511166	414
8550	46511167	72
8550	46511168	79
8550	46511169	67
8550	46511170	81
8550	46511171	1
8550	46511172	35
8550	46511173	872
8550	46511174	233
8550	46511175	1
8550	46511176	20
8550	46511177	69
8550	46511178	2247
8550	46511179	60
8550	46511180	17366
8550	46511181	2
8550	46511182	14883
8550	46511183	8140
8550	46511184	1
8550	46511185	64432
8550	46511186	23
8550	46511187	8
8550	46511188	964
8550	46511189	7
8550	46511190	1062
8550	46511191	33
8550	46511192	3
8550	46511193	981
8550	46511194	85
8550	46511195	8
8550	46511196	131
8550	46511197	2995
8550	46511198	2
8550	46511199	14426
8550	46511200	73032
8550	46511201	1
8550	46511202	45
8550	46511203	3
8550	46511204	1473
8550	46511205	981
8550	46511206	2
8550	46511207	10480
8550	46511208	2
8550	46511209	6245
8550	46511210	67
8550	46511211	1166
8550	46511212	803
8550	46511213	13
8550	46511214	2
8550	46511215	15335
8550	46511216	17921
8550	46511217	1
8550	46511218	609
8550	46511219	41365
8550	46511220	2
8550	46511221	44805
8550	46511222	2
8550	46511223	69737
8550	46511224	22546
8550	46511225	1
8550	46511226	11357
8550	46511227	1
8550	46511228	570
8550	46511229	34
8550	46511230	17
8550	46511231	13
8550	46511232	2
8550	46511233	14426
8550	46511234	232831
8550	46511235	1
8550	46511236	3
8550	46511237	244
8550	46511238	106
8550	46511239	2
8550	46511240	3246
8550	46511241	534006
8550	46511242	1
8550	46511243	45
8550	46511244	3
8550	46511245	185
8550	46511246	981
8550	46511247	2
8550	46511248	7160
8550	46511249	2
8550	46511250	81714
8550	46511251	31
8550	46511252	5903
8550	46511253	36
8550	46511254	4561
8550	46511255	46726
8550	46511256	85
8550	46511257	8
8550	46511258	131
8550	46511259	7453
8550	46511260	90
8550	46511261	2611
8550	46511262	6
8550	46511263	43
8550	46511264	1186517
8550	46511265	88
8550	46511266	109
8550	46511267	99
8550	46511268	1319
8550	46511269	6
8550	46511270	4741
8550	46511271	1
8550	46511272	8
8550	46511273	1660
8550	46511274	19
8550	46511275	16439
8550	46511276	2
8550	46511277	4741
8550	46511278	456365
8550	46511279	83
8550	46511280	190012
8550	46511281	23
8550	46511282	43819
8550	46511283	2
8550	46511284	251428
8550	46511285	159324
8550	46511286	83
8550	46511287	190012
8550	46511288	23
8550	46511289	7160
8550	46511290	2
8550	46511291	81714
8550	46511292	510
8550	46511293	2821
8550	46511294	19
8550	46511295	78
8550	46511296	270
8550	46511297	295
8550	46511298	3
8550	46511299	7104
8550	46511300	79
8550	46511301	16439
8550	46511302	2
8550	46511303	4741
8550	46511304	8140
8550	46511305	1
8550	46511306	133
8550	46511307	218848
8550	46511308	23
8550	46511309	3013
8550	46511310	1
8550	46511311	3013
8550	46511312	23
8550	46511313	31
8550	46511314	3904
8550	46511315	59
8550	46511316	11
8550	46511317	3
8550	46511318	2457
8550	46511319	163
8550	46511320	26
8550	46511321	4129
8550	46511322	1
8550	46511323	4129
8550	46511324	1
8550	46511325	55
8550	46511326	8
8550	46511327	223
8550	46511328	63
8550	46511329	35
8550	46511330	17279
8550	46511331	107799
8550	46511332	107799
8550	46511333	107799
8550	46511334	107799
8550	46511335	107799
8550	46511336	107799
8550	46511337	107799
8550	46511338	107799
8550	46511339	107799
8550	46511340	107799
8550	46511341	163
8550	46511342	79
8550	46511343	248
8550	46511344	1
8550	46511345	3454
8550	46511346	4741
8550	46511347	1
8550	46511348	73
8550	46511349	7433
8550	46511350	13
8550	46511351	467
8550	46511352	19
8550	46511353	127954
8550	46511354	102
8550	46511355	1
8550	46511356	416
8550	46511357	19
8550	46511358	88
8550	46511359	166522
8550	46511360	2
8550	46511361	369614
8550	46511362	205
8550	46511363	26
8550	46511364	5
8550	46511365	331291
8550	46511366	555
8550	46511367	9
8550	46511368	145
8550	46511369	72
8550	46511370	2
8550	46511371	60
8550	46511372	8
8550	46511373	131
8550	46511374	111
8550	46511375	3
8550	46511376	5903
8550	46511377	2
8550	46511378	14426
8550	46511379	139528
8550	46511380	1
8550	46511381	11
8550	46511382	4168
8550	46511383	16439
8550	46511384	2
8550	46511385	4741
8550	46511386	48035
8550	46511387	156
8550	46511388	130
8550	46511389	3
8550	46511390	106
8550	46511391	1
8550	46511392	110
8550	46511393	77
8550	46511394	1
8550	46511395	8
8550	46511396	131
8550	46511397	111
8550	46511398	3
8550	46511399	5903
8550	46511400	152
8550	46511401	2
8550	46511402	83
8550	46511403	1582
8550	46511404	9719
8550	46511405	83
8550	46511406	165
8550	46511407	31005
8550	46511408	533
8550	46511409	23
8550	46511410	78
8550	46511411	46741
8550	46511412	1263
8550	46511413	3
8550	46511414	981
8550	46511415	79
8550	46511416	7160
8550	46511417	2
8550	46511418	81714
8550	46511419	109
8550	46511420	9719
8550	46511421	1
8550	46511422	3454
8550	46511423	4741
8550	46511424	19
8550	46511425	8
8550	46511426	2945
8550	46511427	13
8550	46511428	1
8550	46511429	65
8550	46511430	31005
8550	46511431	212
8550	46511432	19
8550	46511433	534006
8550	46511434	2776
8550	46511435	49
8550	46511436	242
8550	46511437	3246
8550	46511438	1
8550	46511439	45
8550	46511440	3
8550	46511441	1473
8550	46511442	981
8550	46511443	1
8550	46511444	26239
8550	46511445	594593
8550	46511446	5
8550	46511447	26239
8550	46511448	1758117
8550	46511449	26
8550	46511450	3
8550	46511451	1550
8550	46511452	17
8550	46511453	7
8550	46511454	565
8550	46511455	76886
8550	46511456	1
8550	46511457	3
8550	46511458	1417
8550	46511459	172
8550	46511460	48995
8550	46511461	2
8550	46511462	45209
8550	46511463	2
8550	46511464	3707
8550	46511465	43925
8550	46511466	127
8550	46511467	147
8550	46511468	3405
8550	46511469	3
8550	46511470	696
8550	46511471	6
8550	46511472	1398
8550	46511473	1
8550	46511474	30
8550	46511475	8928
8550	46511476	2
8550	46511477	38640
8550	46511478	23
8550	46511479	61
8550	46511480	13
8550	46511481	370
8550	46511482	203
8550	46511483	19
8550	46511484	38884
8550	46511485	2
8550	46511486	3707
8550	46511487	72199
8550	46511488	975
8550	46511489	2
8550	46511490	45209
8550	46511491	2
8550	46511492	3707
8550	46511493	43925
8550	46511494	8
8550	46511495	135
8550	46511496	1914
8550	46511497	1
8550	46511498	104
8550	46511499	3
8550	46511500	9164
8550	46511501	818
8550	46511502	135
8550	46511503	63
8550	46511504	4816
8550	46511505	117
8550	46511506	1
8550	46511507	5
8550	46511508	1921
8550	46511509	15
8550	46511510	3
8550	46511511	2084
8550	46511512	1570
8550	46511513	2
8550	46511514	38884
8550	46511515	2
8550	46511516	3707
8550	46511517	72199
8550	46511518	71
8550	46511519	135
8550	46511520	1914
8550	46511521	23
8550	46511522	45209
8550	46511523	2
8550	46511524	3707
8550	46511525	43925
8550	46511526	109
8550	46511527	1
8550	46511528	104
8550	46511529	166
8550	46511530	12
8550	46511531	135
8550	46511532	107799
8550	46511533	107799
8550	46511534	107799
8550	46511535	107799
8550	46511536	107799
8550	46511537	107799
8550	46511538	107799
8550	46511539	107799
8550	46511540	107799
8550	46511541	107799
8550	46511542	8
8550	46511543	820
8550	46511544	13
8550	46511545	195
8550	46511546	171
8550	46511547	29
8550	46511548	299
8550	46511549	1
8550	46511550	329
8550	46511551	1
8550	46511552	3
8550	46511553	2320
8550	46511554	6
8550	46511555	69
8550	46511556	7762
8550	46511557	2
8550	46511558	45209
8550	46511559	2
8550	46511560	3707
8550	46511561	43925
8550	46511562	63812
8550	46511563	23
8550	46511564	2127
8550	46511565	451
8550	46511566	16568
8550	46511567	85
8550	46511568	2223
8550	46511569	1006
8550	46511570	78
8550	46511571	42
8550	46511572	16833
8550	46511573	358
8550	46511574	3
8550	46511575	10932
8550	46511576	79
8550	46511577	3246
8550	46511578	53246
8550	46511579	1
8550	46511580	45
8550	46511581	3
8550	46511582	1473
8550	46511583	981
8550	46511584	2
8550	46511585	16439
8550	46511586	2
8550	46511587	4741
8550	46511588	3944
8550	46511589	8
8550	46511590	105
8550	46511591	12465
8550	46511592	29
8550	46511593	23
8550	46511594	52
8550	46511595	795
8550	46511596	10
8550	46511597	3
8550	46511598	5903
8550	46511599	8
8550	46511600	1085
8550	46511601	2
8550	46511602	268
8550	46511603	1
8550	46511604	102
8550	46511605	8
8550	46511606	157
8550	46511607	1
8550	46511608	210
8550	46511609	4184
8550	46511610	88
8550	46511611	78
8550	46511612	272215
8550	46511613	5
8550	46511614	650452
8550	46511615	59
8550	46511616	89
8550	46511617	414
8550	46511618	485
8550	46511619	1
8550	46511620	262
8550	46511621	1
8550	46511622	3246
8550	46511623	1069521
8550	46511624	2240
8550	46511625	1
8550	46511626	45
8550	46511627	3
8550	46511628	1473
8550	46511629	981
8550	46511630	85
8550	46511631	42
8550	46511632	16833
8550	46511633	128
8550	46511634	2
8550	46511635	44805
8550	46511636	2
8550	46511637	133199
8550	46511638	3302
8550	46511639	1
8550	46511640	125
8550	46511641	21
8550	46511642	21679
8550	46511643	88
8550	46511644	6270
8550	46511645	34
8550	46511646	828
8550	46511647	20
8550	46511648	1326
8550	46511649	7
8550	46511650	17246
8550	46511651	1
8550	46511652	166
8550	46511653	11
8550	46511654	3
8550	46511655	1054
8550	46511656	2
8550	46511657	237
8550	46511658	150
8550	46511659	1
8550	46511660	35
8550	46511661	320
8550	46511662	23
8550	46511663	78
8550	46511664	5870
8550	46511665	5
8550	46511666	76809
8550	46511667	5
8550	46511668	31819
8550	46511669	53246
8550	46511670	79
8550	46511671	16439
8550	46511672	2
8550	46511673	4741
8550	46511674	24338
8550	46511675	23
8550	46511676	36558
8550	46511677	23
8550	46511678	18858
8550	46511679	23
8550	46511680	78
8550	46511681	8100
8550	46511682	17
8550	46511683	232831
8550	46511684	79
8550	46511685	78
8550	46511686	272215
8550	46511687	5
8550	46511688	1519750
8550	46511689	446
8550	46511690	485
8550	46511691	1
8550	46511692	17
8550	46511693	1454
8550	46511694	79
8550	46511695	179500
8550	46511696	2
8550	46511697	3707
8550	46511698	43925
8550	46511699	15755
8550	46511700	22
8550	46511701	43
8550	46511702	37254
8550	46511703	19
8550	46511704	44805
8550	46511705	2
8550	46511706	99935
8550	46511707	78
8550	46511708	11
8550	46511709	2903
8550	46511710	79
8550	46511711	4741
8550	46511712	23
8550	46511713	16439
8550	46511714	2
8550	46511715	4741
8550	46511716	8140
8550	46511717	1
8550	46511718	35
8550	46511719	1599
8550	46511720	88
8550	46511721	14
8550	46511722	48
8550	46511723	1275
8550	46511724	69
8550	46511725	9091
8550	46511726	123
8550	46511727	47
8550	46511728	13
8550	46511729	68
8550	46511730	60
8550	46511731	20
8550	46511732	3
8550	46511733	107799
8550	46511734	107799
8550	46511735	107799
8550	46511736	107799
8550	46511737	107799
8550	46511738	107799
8550	46511739	107799
8550	46511740	107799
8550	46511741	107799
8550	46511742	107799
8550	46511743	2
8550	46511744	69737
8550	46511745	237
8550	46511746	1599
8550	46511747	1
8550	46511748	35
8550	46511749	279
8550	46511750	36
8550	46511751	271047
8550	46511752	60
8550	46511753	5
8550	46511754	8
8550	46511755	225
8550	46511756	43
8550	46511757	10
8550	46511758	11357
8550	46511759	2
8550	46511760	45209
8550	46511761	2
8550	46511762	3707
8550	46511763	43925
8550	46511764	646
8550	46511765	22
8550	46511766	69
8550	46511767	1026
8550	46511768	19
8550	46511769	44805
8550	46511770	2
8550	46511771	69737
8550	46511772	237
8550	46511773	1599
8550	46511774	1
8550	46511775	8
8550	46511776	8582
8550	46511777	83
8550	46511778	61
8550	46511779	27
8550	46511780	132
8550	46511781	2
8550	46511782	16439
8550	46511783	2
8550	46511784	4741
8550	46511785	37
8550	46511786	3937
8550	46511787	1
8550	46511788	23901
8550	46511789	26
8550	46511790	12
8550	46511791	3937
8550	46511792	30411
8550	46511793	85
8550	46511794	12
8550	46511795	610
8550	46511796	265
8550	46511797	701
8550	46511798	25
8550	46511799	16
8550	46511800	1026
8550	46511801	99
8550	46511802	1399
8550	46511803	20811
8550	46511804	15
8550	46511805	20336
8550	46511806	36
8550	46511807	1637
8550	46511808	2
8550	46511809	45209
8550	46511810	2
8550	46511811	3707
8550	46511812	43925
8550	46511813	438
8550	46511814	35
8550	46511815	563
8550	46511816	36
8550	46511817	1637
8550	46511818	23
8550	46511819	127
8550	46511820	131
8550	46511821	30
8550	46511822	13253
8550	46511823	2
8550	46511824	60
8550	46511825	883
8550	46511826	423
8550	46511827	1
8550	46511828	7478
8550	46511829	88
8550	46511830	154
8550	46511831	2
8550	46511832	78
8550	46511833	27582
8550	46511834	2
8550	46511835	272215
8550	46511836	19172
8550	46511837	932035
8550	46511838	427
8550	46511839	29
8550	46511840	26
8550	46511841	53246
8550	46511842	48584
8550	46511843	5
8550	46511844	16261
8550	46511845	79
8550	46511846	2731
8550	46511847	3155
8550	46511848	83
8550	46511849	58341
8550	46511850	36
8550	46511851	1637
8550	46511852	2
8550	46511853	3246
8550	46511854	101581
8550	46511855	1
8550	46511856	1399
8550	46511857	45
8550	46511858	17921
8550	46511859	2
8550	46511860	30486
8550	46511861	2
8550	46511862	25795
8550	46511863	8
8550	46511864	1840702
8550	46511865	13
8550	46511866	9
8550	46511867	487
8550	46511868	34
8550	46511869	2
8550	46511870	10480
8550	46511871	2
8550	46511872	6245
8550	46511873	1065
8550	46511874	20336
8550	46511875	83335
8550	46511876	3
8550	46511877	230
8550	46511878	1193
8550	46511879	6
8550	46511880	5455
8550	46511881	35
8550	46511882	1467
8550	46511883	14001
8550	46511884	34
8550	46511885	19
8550	46511886	20578
8550	46511887	61
8550	46511888	13
8550	46511889	134
8550	46511890	19
8550	46511891	30486
8550	46511892	2
8550	46511893	25795
8550	46511894	438
8550	46511895	35
8550	46511896	186
8550	46511897	2
8550	46511898	10480
8550	46511899	2
8550	46511900	6245
8550	46511901	78
8550	46511902	9350
8550	46511903	28
8550	46511904	136
8550	46511905	79
8550	46511906	25670
8550	46511907	34
8550	46511908	1
8550	46511909	104
8550	46511910	8
8550	46511911	57086
8550	46511912	13
8550	46511913	7
8550	46511914	950
8550	46511915	1911
8550	46511916	2
8550	46511917	1745
8550	46511918	1
8550	46511919	20336
8550	46511920	23
8550	46511921	8
8550	46511922	16044
8550	46511923	1
8550	46511924	4205
8550	46511925	5796
8550	46511926	69
8550	46511927	15863
8550	46511928	6761
8550	46511929	85
8550	46511930	8
8550	46511931	61
8550	46511932	24
8550	46511933	535
8550	46511934	107799
8550	46511935	107799
8550	46511936	107799
8550	46511937	107799
8550	46511938	107799
8550	46511939	107799
8550	46511940	107799
8550	46511941	107799
8550	46511942	107799
8550	46511943	107799
8550	46511944	186
8550	46511945	91
8550	46511946	24
8550	46511947	63
8550	46511948	310
8550	46511949	14
8550	46511950	69
8550	46511951	908
8550	46511952	9
8550	46511953	3810
8550	46511954	34
8550	46511955	2
8550	46511956	30486
8550	46511957	2
8550	46511958	25795
8550	46511959	462
8550	46511960	2665
8550	46511961	13
8550	46511962	247
8550	46511963	10480
8550	46511964	2
8550	46511965	6245
8550	46511966	75
8550	46511967	24
8550	46511968	9
8550	46511969	19935
8550	46511970	69
8550	46511971	1876
8550	46511972	85
8550	46511973	51
8550	46511974	12
8550	46511975	376
8550	46511976	20336
8550	46511977	74933
8550	46511978	177
8550	46511979	2230
8550	46511980	2661
8550	46511981	85
8550	46511982	60
8550	46511983	51
8550	46511984	12
8550	46511985	73
8550	46511986	2471
8550	46511987	47
8550	46511988	8
8550	46511989	61
8550	46511990	198
8550	46511991	1028
8550	46511992	10036
8550	46511993	5369
8550	46511994	2
8550	46511995	30486
8550	46511996	2
8550	46511997	25795
8550	46511998	2981
8550	46511999	8
8550	46512000	91
8550	46512001	10671
8550	46512002	3
8550	46512003	1876
8550	46512004	13
8550	46512005	1359
8550	46512006	1
8550	46512007	13
8550	46512008	1
8550	46512009	23901
8550	46512010	1
8550	46512011	131
8550	46512012	9063
8550	46512013	34
8550	46512014	11
8550	46512015	3
8550	46512016	1596
8550	46512017	2
8550	46512018	10480
8550	46512019	2
8550	46512020	6245
8550	46512021	655
8550	46512022	23
8550	46512023	196
8550	46512024	19
8550	46512025	30486
8550	46512026	2
8550	46512027	25795
8550	46512028	474
8550	46512029	19502
8550	46512030	3
8550	46512031	3008
8550	46512032	2
8550	46512033	10480
8550	46512034	2
8550	46512035	6245
8550	46512036	8140
8550	46512037	1
8550	46512038	20336
8550	46512039	23
8550	46512040	41978
8550	46512041	40
8550	46512042	13
8550	46512043	210
8550	46512044	912
8550	46512045	1
8550	46512046	8
8550	46512047	135
8550	46512048	24
8550	46512049	11253
8550	46512050	30
8550	46512051	3886
8550	46512052	166
8550	46512053	15
8550	46512054	69
8550	46512055	28581
8550	46512056	85
8550	46512057	35
8550	46512058	320
8550	46512059	153
8550	46512060	5211
8550	46512061	15
8550	46512062	35
8550	46512063	2278
8550	46512064	1
8550	46512065	38
8550	46512066	14
8550	46512067	44
8550	46512068	30
8550	46512069	143
8550	46512070	17
8550	46512071	35
8550	46512072	150
8550	46512073	2
8550	46512074	30486
8550	46512075	2
8550	46512076	25795
8550	46512077	8
8550	46512078	131
8550	46512079	24
8550	46512080	1583
8550	46512081	15
8550	46512082	165
8550	46512083	1418
8550	46512084	2
8550	46512085	29649
8550	46512086	1
8550	46512087	8
8550	46512088	23713
8550	46512089	13
8550	46512090	9
8550	46512091	134
8550	46512092	83
8550	46512093	10480
8550	46512094	2
8550	46512095	6245
8550	46512096	160
8550	46512097	2278
8550	46512098	19
8550	46512099	251
8550	46512100	20336
8550	46512101	8099
8550	46512102	34
8550	46512103	1486
8550	46512104	49
8550	46512105	11
8550	46512106	2278
8550	46512107	19
8550	46512108	30486
8550	46512109	2
8550	46512110	25795
8550	46512111	109
8550	46512112	91
8550	46512113	8
8550	46512114	180
8550	46512115	23
8550	46512116	109
8550	46512117	22
8550	46512118	14
8550	46512119	13
8550	46512120	1359
8550	46512121	6
8550	46512122	34
8550	46512123	19
8550	46512124	10480
8550	46512125	2
8550	46512126	6245
8550	46512127	75
8550	46512128	9
8550	46512129	63
8550	46512130	1542
8550	46512131	11
8550	46512132	5702
8550	46512133	78
8550	46512134	6278
8550	46512135	107799
8550	46512136	107799
8550	46512137	107799
8550	46512138	107799
8550	46512139	107799
8550	46512140	107799
8550	46512141	107799
8550	46512142	107799
8550	46512143	107799
8550	46512144	107799
8550	46512145	86
8550	46512146	20827
8550	46512147	26
8550	46512148	33
8550	46512149	43
8550	46512150	872
8550	46512151	136
8550	46512152	1
8550	46512153	8
8550	46512154	25955
8550	46512155	50
8550	46512156	1408
8550	46512157	211
8550	46512158	2
8550	46512159	30486
8550	46512160	2
8550	46512161	25795
8550	46512162	29649
8550	46512163	1
8550	46512164	13
8550	46512165	59
8550	46512166	7
8550	46512167	24031
8550	46512168	83
8550	46512169	10480
8550	46512170	2
8550	46512171	6245
8550	46512172	8140
8550	46512173	23
8550	46512174	104
8550	46512175	148
8550	46512176	41
8550	46512177	64
8550	46512178	23
8550	46512179	247
8550	46512180	58341
8550	46512181	1
8550	46512182	41
8550	46512183	35
8550	46512184	2405
8550	46512185	17127
8550	46512186	5
8550	46512187	107431
8550	46512188	1
8550	46512189	166
8550	46512190	45
8550	46512191	69
8550	46512192	186
8550	46512193	88
8550	46512194	135
8550	46512195	8
8550	46512196	84
8550	46512197	30
8550	46512198	13206
8550	46512199	17
8550	46512200	3
8550	46512201	872
8550	46512202	26039
8550	46512203	8
8550	46512204	81846
8550	46512205	19
8550	46512206	30486
8550	46512207	2
8550	46512208	42679
8550	46512209	751073
8550	46512210	1
8550	46512211	23901
8550	46512212	23
8550	46512213	10480
8550	46512214	2
8550	46512215	6245
8550	46512216	1376
8550	46512217	92
8550	46512218	58341
8550	46512219	251
8550	46512220	24
8550	46512221	152452
8550	46512222	34
8550	46512223	26
8550	46512224	25
8550	46512225	8
8550	46512226	198
8550	46512227	14943
8550	46512228	3
8550	46512229	16017
8550	46512230	912
8550	46512231	1
8550	46512232	82
8550	46512233	138
8550	46512234	9
8550	46512235	22440
8550	46512236	496
8550	46512237	28
8550	46512238	4193
8550	46512239	26
8550	46512240	25
8550	46512241	3
8550	46512242	1790
8550	46512243	6
8550	46512244	86
8550	46512245	9265
8550	46512246	71281
8550	46512247	35
8550	46512248	2009
8550	46512249	15
8550	46512250	69
8550	46512251	211
8550	46512252	19
8550	46512253	88
8550	46512254	2528
8550	46512255	13
8550	46512256	24
8550	46512257	1078
8550	46512258	34
8550	46512259	19
8550	46512260	88
8550	46512261	436
8550	46512262	166
8550	46512263	718
8550	46512264	108
8550	46512265	34
8550	46512266	19
8550	46512267	88
8550	46512268	58341
8550	46512269	1
8550	46512270	70
8550	46512271	8
8550	46512272	7
8550	46512273	9265
8550	46512274	19
8550	46512275	30486
8550	46512276	2
8550	46512277	42679
8550	46512278	78
8550	46512279	28
8550	46512280	140
8550	46512281	37569
8550	46512282	79
8550	46512283	2336
8550	46512284	24
8550	46512285	35
8550	46512286	186
8550	46512287	624
8550	46512288	13
8550	46512289	1
8550	46512290	23901
8550	46512291	60
8550	46512292	10480
8550	46512293	2
8550	46512294	6245
8550	46512295	75
8550	46512296	11
8550	46512297	69
8550	46512298	211
8550	46512299	1
8550	46512300	20336
8550	46512301	88
8550	46512302	70
8550	46512303	8
8550	46512304	7
8550	46512305	9265
8550	46512306	11
8550	46512307	69
8550	46512308	211
8550	46512309	19
8550	46512310	30486
8550	46512311	2
8550	46512312	42679
8550	46512313	78
8550	46512314	28
8550	46512315	140
8550	46512316	172
8550	46512317	29854
8550	46512318	79
8550	46512319	8
8550	46512320	105
8550	46512321	190
8550	46512322	3
8550	46512323	77
8550	46512324	35
8550	46512325	186
8550	46512326	99
8550	46512327	13468
8550	46512328	2
8550	46512329	10480
8550	46512330	2
8550	46512331	6245
8550	46512332	35610
8550	46512333	1
8550	46512334	19356
8550	46512335	2466
8550	46512336	107799
8550	46512337	107799
8550	46512338	107799
8550	46512339	107799
8550	46512340	107799
8550	46512341	107799
8550	46512342	107799
8550	46512343	107799
8550	46512344	107799
8550	46512345	107799
8550	46512346	198
8550	46512347	2631
8550	46512348	60
8550	46512349	19
8550	46512350	78
8550	46512351	1248
8550	46512352	2648
8550	46512353	49
8550	46512354	759
8550	46512355	29
8550	46512356	79
8550	46512357	305901
8550	46512358	2
8550	46512359	42679
8550	46512360	101949
8550	46512361	1
8550	46512362	44
8550	46512363	13
8550	46512364	6621
8550	46512365	34
8550	46512366	19
8550	46512367	10480
8550	46512368	2
8550	46512369	6245
8550	46512370	235332
8550	46512371	6021
8550	46512372	1
8550	46512373	20336
8550	46512374	1
8550	46512375	69504
8550	46512376	1983
8550	46512377	1
8550	46512378	78
8550	46512379	5008
8550	46512380	49
8550	46512381	15
8550	46512382	16
8550	46512383	1426
8550	46512384	79
8550	46512385	17296
8550	46512386	20336
8550	46512387	1
8550	46512388	30812
8550	46512389	24
8550	46512390	1
8550	46512391	8546
8550	46512392	24
8550	46512393	2
8550	46512394	78
8550	46512395	17613
8550	46512396	49
8550	46512397	5
8550	46512398	13893
8550	46512399	212
8550	46512400	16
8550	46512401	2393
8550	46512402	79
8550	46512403	8043
8550	46512404	196
8550	46512405	3
8550	46512406	7184
8550	46512407	1413
8550	46512408	69
8550	46512409	5012
8550	46512410	31758
8550	46512411	1
8550	46512412	48030
8550	46512413	15
8550	46512414	3
8550	46512415	7210
8550	46512416	9481
8550	46512417	6139
8550	46512418	263
8550	46512419	3931
8550	46512420	2
8550	46512421	8
8550	46512422	80
8550	46512423	24
8550	46512424	38977
8550	46512425	20459
8550	46512426	43
8550	46512427	204
8550	46512428	1
8550	46512429	14599
8550	46512430	47
8550	46512431	14
8550	46512432	22
8550	46512433	1
8550	46512434	218
8550	46512435	20336
8550	46512436	36
8550	46512437	6747
8550	46512438	16642
8550	46512439	2
8550	46512440	60
8550	46512441	8
8550	46512442	1778
8550	46512443	43
8550	46512444	1988
8550	46512445	2664
8550	46512446	69
8550	46512447	186
8550	46512448	1
8550	46512449	8
8550	46512450	80
8550	46512451	16688
8550	46512452	35
8550	46512453	279
8550	46512454	26
8550	46512455	5
8550	46512456	14
8550	46512457	223
8550	46512458	9063
8550	46512459	35
8550	46512460	2260
8550	46512461	5
8550	46512462	20336
8550	46512463	36
8550	46512464	19088
8550	46512465	2
8550	46512466	31
8550	46512467	5903
8550	46512468	1
8550	46512469	69
8550	46512470	186
8550	46512471	1
8550	46512472	80
8550	46512473	24
8550	46512474	19187
8550	46512475	3
8550	46512476	5976
8550	46512477	6
8550	46512478	60
8550	46512479	3246
8550	46512480	73032
8550	46512481	1
8550	46512482	2240
8550	46512483	2
8550	46512484	17366
8550	46512485	2
8550	46512486	14883
8550	46512487	8140
8550	46512488	1
8550	46512489	3454
8550	46512490	23
8550	46512491	12
8550	46512492	48
8550	46512493	32
8550	46512494	3
8550	46512495	163
8550	46512496	88
8550	46512497	3
8550	46512498	5903
8550	46512499	88
8550	46512500	78
8550	46512501	7
8550	46512502	1381
8550	46512503	5902
8550	46512504	1
8550	46512505	1010
8550	46512506	130
8550	46512507	7
8550	46512508	163
8550	46512509	19248
8550	46512510	2
8550	46512511	1730
8550	46512512	272215
8550	46512513	1
8550	46512514	1821003
8550	46512515	1
8550	46512516	24575
8550	46512517	1
8550	46512518	5
8550	46512519	232831
8550	46512520	2
8550	46512521	25795
8550	46512522	68551
8550	46512523	26
8550	46512524	23354
8550	46512525	29087
8550	46512526	49
8550	46512527	79
8550	46512528	179500
8550	46512529	2
8550	46512530	3707
8550	46512531	43925
8550	46512532	474
8550	46512533	938
8550	46512534	23
8550	46512535	227
8550	46512536	1678
8550	46512537	107799
8550	46512538	107799
8550	46512539	107799
8550	46512540	107799
8550	46512541	107799
8550	46512542	107799
8550	46512543	107799
8550	46512544	107799
8550	46512545	107799
8550	46512546	107799
8550	46512547	16
8550	46512548	3385
8550	46512549	60
8550	46512550	10480
8550	46512551	2
8550	46512552	6245
8550	46512553	19352
8550	46512554	69
8550	46512555	19878
8550	46512556	1
8550	46512557	35
8550	46512558	1599
8550	46512559	26
8550	46512560	196117
8550	46512561	5538
8550	46512562	5824
8550	46512563	3
8550	46512564	2208
8550	46512565	51
8550	46512566	22
8550	46512567	983
8550	46512568	9
8550	46512569	8810
8550	46512570	40
8550	46512571	13
8550	46512572	1
8550	46512573	5
8550	46512574	370
8550	46512575	34
8550	46512576	2
8550	46512577	45209
8550	46512578	2
8550	46512579	3707
8550	46512580	43925
8550	46512581	67
8550	46512582	8671
8550	46512583	13
8550	46512584	9
8550	46512585	2116
8550	46512586	25
8550	46512587	113
8550	46512588	192
8550	46512589	13
8550	46512590	91
8550	46512591	2531
8550	46512592	80
8550	46512593	29293
8550	46512594	35
8550	46512595	4039
8550	46512596	19
8550	46512597	65
8550	46512598	1
8550	46512599	9
8550	46512600	2224
8550	46512601	35
8550	46512602	3008
8550	46512603	93
8550	46512604	7
8550	46512605	2030
8550	46512606	10379
8550	46512607	88
8550	46512608	23
8550	46512609	10480
8550	46512610	2
8550	46512611	6245
8550	46512612	883
8550	46512613	527
8550	46512614	1
8550	46512615	339
8550	46512616	26
8550	46512617	148
8550	46512618	1
8550	46512619	447
8550	46512620	1
8550	46512621	8
8550	46512622	91
8550	46512623	1203
8550	46512624	40
8550	46512625	20336
8550	46512626	36
8550	46512627	186
8550	46512628	2
8550	46512629	45209
8550	46512630	2
8550	46512631	3707
8550	46512632	43925
8550	46512633	462
8550	46512634	27773
8550	46512635	3
8550	46512636	11884
8550	46512637	6
8550	46512638	2867
8550	46512639	60
8550	46512640	9
8550	46512641	13451
8550	46512642	35
8550	46512643	563
8550	46512644	60
8550	46512645	10480
8550	46512646	2
8550	46512647	6245
8550	46512648	97193
8550	46512649	232
8550	46512650	83
8550	46512651	32575
8550	46512652	58341
8550	46512653	23
8550	46512654	26239
8550	46512655	1
8550	46512656	10539
8550	46512657	528
8550	46512658	1
8550	46512659	3
8550	46512660	77
8550	46512661	251
8550	46512662	24
8550	46512663	4054
8550	46512664	1
8550	46512665	73
8550	46512666	4500
8550	46512667	7023
8550	46512668	148
8550	46512669	88
8550	46512670	38884
8550	46512671	2
8550	46512672	3707
8550	46512673	72199
8550	46512674	350
8550	46512675	1
8550	46512676	104
8550	46512677	8
8550	46512678	9457
8550	46512679	14
8550	46512680	19
8550	46512681	10480
8550	46512682	2
8550	46512683	6245
8550	46512684	71
8550	46512685	2671
8550	46512686	20
8550	46512687	3
8550	46512688	1528
8550	46512689	16579
8550	46512690	2
8550	46512691	78
8550	46512692	20559
8550	46512693	1
8550	46512694	5
8550	46512695	22
8550	46512696	4317
8550	46512697	33
8550	46512698	29
8550	46512699	1
8550	46512700	3
8550	46512701	24575
8550	46512702	29721
8550	46512703	79
8550	46512704	179500
8550	46512705	2
8550	46512706	3707
8550	46512707	43925
8550	46512708	1931
8550	46512709	3236
8550	46512710	759
8550	46512711	35
8550	46512712	325
8550	46512713	23
8550	46512714	10480
8550	46512715	2
8550	46512716	6245
8550	46512717	71
8550	46512718	95
8550	46512719	1886
8550	46512720	34
8550	46512721	1224
8550	46512722	2
8550	46512723	60
8550	46512724	1002
8550	46512725	1
8550	46512726	26239
8550	46512727	1
8550	46512728	1067
8550	46512729	1133
8550	46512730	8
8550	46512731	31392
8550	46512732	35
8550	46512733	1610
8550	46512734	2
8550	46512735	45209
8550	46512736	2
8550	46512737	3707
8550	46512738	107799
8550	46512739	107799
8550	46512740	107799
8550	46512741	107799
8550	46512742	107799
8550	46512743	107799
8550	46512744	107799
8550	46512745	107799
8550	46512746	107799
8550	46512747	107799
8550	46512748	3707
8550	46512749	72199
8550	46512750	8140
8550	46512751	1
8550	46512752	35
8550	46512753	1599
8550	46512754	1
8550	46512755	25248
8550	46512756	23868
8550	46512757	14
8550	46512758	26
8550	46512759	12
8550	46512760	22
8550	46512761	2600
8550	46512762	6326
8550	46512763	17
8550	46512764	14
8550	46512765	2
8550	46512766	10480
8550	46512767	2
8550	46512768	6245
8550	46512769	35195
8550	46512770	47
8550	46512771	8
8550	46512772	157
8550	46512773	1
8550	46512774	8546
8550	46512775	1
8550	46512776	47844
8550	46512777	23
8550	46512778	78
8550	46512779	12988
8550	46512780	759
8550	46512781	29
8550	46512782	26
8550	46512783	3
8550	46512784	4077
8550	46512785	128
8550	46512786	3619
8550	46512787	29
8550	46512788	79
8550	46512789	11655
8550	46512790	1
8550	46512791	13
8550	46512792	10372
8550	46512793	25057
8550	46512794	759
8550	46512795	34
8550	46512796	60
8550	46512797	154
8550	46512798	1
8550	46512799	16103
8550	46512800	23
8550	46512801	83
8550	46512802	78
8550	46512803	1946
8550	46512804	242
8550	46512805	3
8550	46512806	4077
8550	46512807	79
8550	46512808	71
8550	46512809	61
8550	46512810	24
8550	46512811	132
8550	46512812	34
8550	46512813	26
8550	46512814	2596
8550	46512815	1
8550	46512816	218
8550	46512817	8
8550	46512818	80859
8550	46512819	298
8550	46512820	247
8550	46512821	218234
8550	46512822	2
8550	46512823	3707
8550	46512824	43925
8550	46512825	7469
8550	46512826	80
8550	46512827	30
8550	46512828	87
8550	46512829	344
8550	46512830	1
8550	46512831	1356
8550	46512832	3
8550	46512833	1367
8550	46512834	10480
8550	46512835	2
8550	46512836	6245
8550	46512837	109
8550	46512838	61
8550	46512839	13
8550	46512840	662
8550	46512841	19
8550	46512842	45209
8550	46512843	2
8550	46512844	3707
8550	46512845	43925
8550	46512846	1121
8550	46512847	8
8550	46512848	223
8550	46512849	16416
8550	46512850	114
8550	46512851	261421
8550	46512852	3832
8550	46512853	5
8550	46512854	20853
8550	46512855	7
8550	46512856	1367
8550	46512857	6
8550	46512858	320
8550	46512859	9
8550	46512860	737
8550	46512861	69
8550	46512862	7419
8550	46512863	26
8550	46512864	658
8550	46512865	1
8550	46512866	8
8550	46512867	626
8550	46512868	2173
8550	46512869	1
8550	46512870	13
8550	46512871	95
8550	46512872	1490
8550	46512873	69
8550	46512874	40271
8550	46512875	1
8550	46512876	23901
8550	46512877	26
8550	46512878	60
8550	46512879	3784
8550	46512880	2951
8550	46512881	1
8550	46512882	104
8550	46512883	13
8550	46512884	70
8550	46512885	2318
8550	46512886	2
8550	46512887	10480
8550	46512888	2
8550	46512889	6245
8550	46512890	67
8550	46512891	80
8550	46512892	13
8550	46512893	24
8550	46512894	370
8550	46512895	34
8550	46512896	19
8550	46512897	45209
8550	46512898	2
8550	46512899	3707
8550	46512900	43925
8550	46512901	1336
8550	46512902	3
8550	46512903	23901
8550	46512904	15
8550	46512905	3
8550	46512906	5188
8550	46512907	3485
8550	46512908	2
8550	46512909	10480
8550	46512910	2
8550	46512911	6245
8550	46512912	146893
8550	46512913	77
8550	46512914	2
8550	46512915	83
8550	46512916	9506
8550	46512917	1
8550	46512918	84
8550	46512919	1
8550	46512920	17
8550	46512921	64
8550	46512922	35
8550	46512923	211
8550	46512924	2
8550	46512925	7469
8550	46512926	13
8550	46512927	80
8550	46512928	535
8550	46512929	35
8550	46512930	2971
8550	46512931	26
8550	46512932	8
8550	46512933	2173
8550	46512934	24
8550	46512935	69
8550	46512936	1367
8550	46512937	6
8550	46512938	320
8550	46512939	107799
8550	46512940	107799
8550	46512941	107799
8550	46512942	107799
8550	46512943	107799
8550	46512944	107799
8550	46512945	107799
8550	46512946	107799
8550	46512947	107799
8550	46512948	107799
8550	46512949	59
8550	46512950	15
8550	46512951	34
8550	46512952	1
8550	46512953	47867
8550	46512954	38
8550	46512955	69
8550	46512956	2466
8550	46512957	563
8550	46512958	4504
8550	46512959	1
8550	46512960	5
8550	46512961	8
8550	46512962	4509
8550	46512963	13
8550	46512964	1
8550	46512965	559
8550	46512966	1
8550	46512967	23377
8550	46512968	15
8550	46512969	3
8550	46512970	3485
8550	46512971	2
8550	46512972	78
8550	46512973	47
8550	46512974	42
8550	46512975	365
8550	46512976	72
8550	46512977	1
8550	46512978	6245
8550	46512979	2501
8550	46512980	1
8550	46512981	24611
8550	46512982	32
8550	46512983	20336
8550	46512984	1
8550	46512985	5
8550	46512986	32294
8550	46512987	9
8550	46512988	6861
8550	46512989	49
8550	46512990	26
8550	46512991	3
8550	46512992	1962
8550	46512993	25221
8550	46512994	29
8550	46512995	26
8550	46512996	12
8550	46512997	3929
8550	46512998	53
8550	46512999	40
8550	46513000	29
8550	46513001	14550
8550	46513002	1
8550	46513003	5
8550	46513004	18490
8550	46513005	16
8550	46513006	906
8550	46513007	2
8550	46513008	69737
8550	46513009	2776
8550	46513010	1
8550	46513011	22181
8550	46513012	2
8550	46513013	270116
8550	46513014	5
8550	46513015	72199
8550	46513016	365
8550	46513017	72
8550	46513018	33
8550	46513019	3
8550	46513020	2457
8550	46513021	249
8550	46513022	1
8550	46513023	14386
8550	46513024	1847218
8550	46513025	5186
8550	46513026	79
8550	46513027	13417
8550	46513028	3155
8550	46513029	2
8550	46513030	2731
8550	46513031	5596
8550	46513032	60
8550	46513033	50
8550	46513034	1176
8550	46513035	11
8550	46513036	3
8550	46513037	3008
8550	46513038	2
8550	46513039	3246
8550	46513040	101581
8550	46513041	2912
8550	46513042	45
8550	46513043	41365
8550	46513044	2
8550	46513045	17366
8550	46513046	2
8550	46513047	14883
8550	46513048	8140
8550	46513049	1
8550	46513050	3454
8550	46513051	60
8550	46513052	3454
8550	46513053	23
8550	46513054	30486
8550	46513055	2
8550	46513056	25795
8550	46513057	109
8550	46513058	48
8550	46513059	3
8550	46513060	449
8550	46513061	19
8550	46513062	17366
8550	46513063	2
8550	46513064	14883
8550	46513065	8140
8550	46513066	1
8550	46513067	3454
8550	46513068	23
8550	46513069	165
8550	46513070	209
8550	46513071	47
8550	46513072	8
8550	46513073	158
8550	46513074	9
8550	46513075	226
8550	46513076	13
8550	46513077	23
8550	46513078	247
8550	46513079	111296
8550	46513080	2
8550	46513081	42679
8550	46513082	78
8550	46513083	37230
8550	46513084	79
8550	46513085	246
8550	46513086	1
8550	46513087	84
8550	46513088	1
8550	46513089	473
8550	46513090	53
8550	46513091	2
8550	46513092	17366
8550	46513093	2
8550	46513094	34848
8550	46513095	8
8550	46513096	119
8550	46513097	7141
8550	46513098	273
8550	46513099	13
8550	46513100	61
8550	46513101	27
8550	46513102	1569
8550	46513103	69
8550	46513104	731
8550	46513105	100
8550	46513106	13
8550	46513107	964
8550	46513108	53
8550	46513109	2
8550	46513110	71
8550	46513111	131
8550	46513112	132
8550	46513113	1
8550	46513114	84
8550	46513115	1
8550	46513116	148
8550	46513117	1
8550	46513118	2647
8550	46513119	1047
8550	46513120	1265
8550	46513121	4195
8550	46513122	240
8550	46513123	174
8550	46513124	26
8550	46513125	8
8550	46513126	70
8550	46513127	1
8550	46513128	194
8550	46513129	3190
8550	46513130	1
8550	46513131	777
8550	46513132	1
8550	46513133	1987
8550	46513134	1
8550	46513135	5
8550	46513136	4292
8550	46513137	26
8550	46513138	170
8550	46513139	589
8550	46513140	107799
8550	46513141	107799
8550	46513142	107799
8550	46513143	107799
8550	46513144	107799
8550	46513145	107799
8550	46513146	107799
8550	46513147	107799
8550	46513148	107799
8550	46513149	107799
8550	46513150	69
8550	46513151	186
8550	46513152	1555
8550	46513153	11089
8550	46513154	45
8550	46513155	34
8550	46513156	1
8550	46513157	17
8550	46513158	46
8550	46513159	512
8550	46513160	77
8550	46513161	73
8550	46513162	519
8550	46513163	191
8550	46513164	34984
8550	46513165	346
8550	46513166	83
8550	46513167	111296
8550	46513168	2
8550	46513169	25795
8550	46513170	1336
8550	46513171	663
8550	46513172	1
8550	46513173	11357
8550	46513174	1
8550	46513175	5
8550	46513176	365
8550	46513177	306
8550	46513178	26
8550	46513179	38
8550	46513180	65
8550	46513181	22
8550	46513182	64
8550	46513183	43
8550	46513184	15
8550	46513185	34
8550	46513186	19
8550	46513187	17366
8550	46513188	2
8550	46513189	34848
8550	46513190	109
8550	46513191	22
8550	46513192	14
8550	46513193	23
8550	46513194	13
8550	46513195	223
8550	46513196	370
8550	46513197	2
8550	46513198	103
8550	46513199	459
8550	46513200	94
8550	46513201	7
8550	46513202	843
8550	46513203	222
8550	46513204	1
8550	46513205	38
8550	46513206	8
8550	46513207	404
8550	46513208	188
8550	46513209	338
8550	46513210	2
8550	46513211	88
8550	46513212	4
8550	46513213	241
8550	46513214	1
8550	46513215	4
8550	46513216	39
8550	46513217	69
8550	46513218	186
8550	46513219	1
8550	46513220	4
8550	46513221	54
8550	46513222	131
8550	46513223	442
8550	46513224	3
8550	46513225	2238
8550	46513226	134
8550	46513227	306
8550	46513228	26
8550	46513229	14
8550	46513230	198
8550	46513231	171
8550	46513232	50
8550	46513233	2048
8550	46513234	108
8550	46513235	6245
8550	46513236	92
8550	46513237	80
8550	46513238	30
8550	46513239	3244
8550	46513240	15
8550	46513241	29
8550	46513242	654
8550	46513243	16
8550	46513244	150
8550	46513245	2
8550	46513246	4
8550	46513247	30486
8550	46513248	2
8550	46513249	25795
8550	46513250	443
8550	46513251	6245
8550	46513252	19
8550	46513253	17366
8550	46513254	2
8550	46513255	14883
8550	46513256	4
8550	46513257	2114
8550	46513258	1
8550	46513259	4
8550	46513260	825
8550	46513261	69
8550	46513262	186
8550	46513263	1
8550	46513264	8
8550	46513265	725
8550	46513266	9
8550	46513267	2423
8550	46513268	3
8550	46513269	4298
8550	46513270	6
8550	46513271	20336
8550	46513272	1
8550	46513273	262
8550	46513274	1
8550	46513275	47
8550	46513276	16
8550	46513277	2640
8550	46513278	1
8550	46513279	28
8550	46513280	3014
8550	46513281	80
8550	46513282	15114
8550	46513283	49
8550	46513284	9
8550	46513285	14621
8550	46513286	7
8550	46513287	2971
8550	46513288	1565687
8550	46513289	15
8550	46513290	64
8550	46513291	966
8550	46513292	2
8550	46513293	4
8550	46513294	83
8550	46513295	111296
8550	46513296	2
8550	46513297	25795
8550	46513298	307
8550	46513299	1
8550	46513300	191
8550	46513301	23
8550	46513302	17366
8550	46513303	2
8550	46513304	14883
8550	46513305	4
8550	46513306	75
8550	46513307	1
8550	46513308	636
8550	46513309	64
8550	46513310	1
8550	46513311	28
8550	46513312	2903
8550	46513313	1
8550	46513314	100
8550	46513315	21
8550	46513316	15991
8550	46513317	25
8550	46513318	3
8550	46513319	16661
8550	46513320	22
8550	46513321	28
8550	46513322	36034
8550	46513323	477
8550	46513324	1
8550	46513325	3
8550	46513326	440
8550	46513327	6
8550	46513328	5903
8550	46513329	1740505
8550	46513330	4
8550	46513331	83
8550	46513332	111296
8550	46513333	2
8550	46513334	25795
8550	46513335	10067
8550	46513336	23
8550	46513337	14883
8550	46513338	23
8550	46513339	65
8550	46513340	22
8550	46513341	107799
8550	46513342	107799
8550	46513343	107799
8550	46513344	107799
8550	46513345	107799
8550	46513346	107799
8550	46513347	107799
8550	46513348	107799
8550	46513349	107799
8550	46513350	107799
8550	46513351	16
8550	46513352	2232
8550	46513353	302
8550	46513354	1
8550	46513355	3454
8550	46513356	2
8550	46513357	30486
8550	46513358	2
8550	46513359	25795
8550	46513360	391
8550	46513361	14
8550	46513362	618
8550	46513363	23
8550	46513364	625
8550	46513365	26
8550	46513366	8
8550	46513367	81
8550	46513368	14268
8550	46513369	7
8550	46513370	593
8550	46513371	1393
8550	46513372	25
8550	46513373	9393
8550	46513374	14
8550	46513375	2
8550	46513376	78
8550	46513377	314
8550	46513378	1434
8550	46513379	1
8550	46513380	17
8550	46513381	50
8550	46513382	327
8550	46513383	6
8550	46513384	17838
8550	46513385	8401
8550	46513386	17
8550	46513387	7
8550	46513388	141
8550	46513389	4315
8550	46513390	79
8550	46513391	246
8550	46513392	1
8550	46513393	35
8550	46513394	43470
8550	46513395	186
8550	46513396	1
8550	46513397	15508
8550	46513398	13
8550	46513399	70
8550	46513400	2135
8550	46513401	69
8550	46513402	3580
8550	46513403	32
8550	46513404	35
8550	46513405	4558
8550	46513406	15
8550	46513407	7
8550	46513408	2418
8550	46513409	2085
8550	46513410	2
8550	46513411	227
8550	46513412	1677
8550	46513413	22
8550	46513414	81
8550	46513415	35
8550	46513416	1334
8550	46513417	26
8550	46513418	5
8550	46513419	1
8550	46513420	104
8550	46513421	3
8550	46513422	682
8550	46513423	6
8550	46513424	35
8550	46513425	2272
8550	46513426	61
8550	46513427	38
8550	46513428	24661
8550	46513429	34
8550	46513430	11
8550	46513431	3
8550	46513432	31582
8550	46513433	8
8550	46513434	1518689
8550	46513435	1
8550	46513436	321
8550	46513437	27785
8550	46513438	1778
8550	46513439	13
8550	46513440	30
8550	46513441	13258
8550	46513442	2
8550	46513443	17366
8550	46513444	2
8550	46513445	34848
8550	46513446	6782
8550	46513447	34
8550	46513448	1
8550	46513449	3454
8550	46513450	23
8550	46513451	13
8550	46513452	61
8550	46513453	24
8550	46513454	662
8550	46513455	9
8550	46513456	4229
8550	46513457	3
8550	46513458	176
8550	46513459	5903
8550	46513460	19
8550	46513461	88
8550	46513462	69
8550	46513463	186
8550	46513464	22
8550	46513465	414
8550	46513466	2
8550	46513467	30486
8550	46513468	2
8550	46513469	25795
8550	46513470	67
8550	46513471	81
8550	46513472	20
8550	46513473	7
8550	46513474	141
8550	46513475	16354
8550	46513476	2
8550	46513477	3246
8550	46513478	272215
8550	46513479	1
8550	46513480	11
8550	46513481	16
8550	46513482	271
8550	46513483	3231
8550	46513484	2
8550	46513485	14883
8550	46513486	14426
8550	46513487	2
8550	46513488	45209
8550	46513489	2
8550	46513490	3707
8550	46513491	43925
8550	46513492	78
8550	46513493	1006
8550	46513494	1
8550	46513495	3127
8550	46513496	79
8550	46513497	1653
8550	46513498	141
8550	46513499	192
8550	46513500	23
8550	46513501	8
8550	46513502	13142
8550	46513503	49
8550	46513504	2
8550	46513505	30486
8550	46513506	2
8550	46513507	42679
8550	46513508	78
8550	46513509	1006
8550	46513510	79
8550	46513511	67
8550	46513512	229
8550	46513513	1
8550	46513514	8
8550	46513515	157
8550	46513516	276
8550	46513517	2168
8550	46513518	9
8550	46513519	8010
8550	46513520	29
8550	46513521	2
8550	46513522	45209
8550	46513523	2
8550	46513524	3707
8550	46513525	43925
8550	46513526	20336
8550	46513527	1
8550	46513528	35
8550	46513529	324
8550	46513530	1
8550	46513531	3
8550	46513532	1034
8550	46513533	5
8550	46513534	10081
8550	46513535	70
8550	46513536	3153
8550	46513537	26
8550	46513538	3
8550	46513539	1367
8550	46513540	22
8550	46513541	29790
8550	46513542	107799
8550	46513543	107799
8550	46513544	107799
8550	46513545	107799
8550	46513546	107799
8550	46513547	107799
8550	46513548	107799
8550	46513549	107799
8550	46513550	107799
8550	46513551	107799
8550	46513552	179207
8550	46513553	19
8550	46513554	45209
8550	46513555	2
8550	46513556	3707
8550	46513557	43925
8550	46513558	2529
8550	46513559	26
8550	46513560	227
8550	46513561	1678
8550	46513562	22
8550	46513563	3
8550	46513564	1446
8550	46513565	6
8550	46513566	9941
8550	46513567	752
8550	46513568	2
8550	46513569	30486
8550	46513570	2
8550	46513571	25795
8550	46513572	75
8550	46513573	8
8550	46513574	70
8550	46513575	24
8550	46513576	28980
8550	46513577	6
8550	46513578	6062
8550	46513579	2
8550	46513580	45209
8550	46513581	2
8550	46513582	3707
8550	46513583	43925
8550	46513584	6251
8550	46513585	14
8550	46513586	1
8550	46513587	84
8550	46513588	1
8550	46513589	908
8550	46513590	2
8550	46513591	127
8550	46513592	131
8550	46513593	8242
8550	46513594	15
8550	46513595	3
8550	46513596	2901
8550	46513597	17677
8550	46513598	45
8550	46513599	3832
8550	46513600	2
8550	46513601	30486
8550	46513602	2
8550	46513603	25795
8550	46513604	109
8550	46513605	1
8550	46513606	104
8550	46513607	187
8550	46513608	2901
8550	46513609	59
8550	46513610	4196
8550	46513611	19
8550	46513612	45209
8550	46513613	2
8550	46513614	3707
8550	46513615	43925
8550	46513616	103
8550	46513617	59
8550	46513618	1
8550	46513619	4162
8550	46513620	1
8550	46513621	31270
8550	46513622	45
8550	46513623	87
8550	46513624	1
8550	46513625	5
8550	46513626	9266
8550	46513627	15766
8550	46513628	45
8550	46513629	1430
8550	46513630	1
8550	46513631	73
8550	46513632	22
8550	46513633	4051
8550	46513634	6
8550	46513635	3
8550	46513636	1817
8550	46513637	234
8550	46513638	2
8550	46513639	30486
8550	46513640	2
8550	46513641	25795
8550	46513642	438
8550	46513643	43
8550	46513644	62568
8550	46513645	1
8550	46513646	84
8550	46513647	1
8550	46513648	13
8550	46513649	44
8550	46513650	10253
8550	46513651	3
8550	46513652	4499
8550	46513653	6
8550	46513654	50
8550	46513655	3295
8550	46513656	893
8550	46513657	1
8550	46513658	385
8550	46513659	5464
8550	46513660	1821
8550	46513661	22
8550	46513662	247
8550	46513663	218234
8550	46513664	2
8550	46513665	3707
8550	46513666	43925
8550	46513667	8124
8550	46513668	1
8550	46513669	13
8550	46513670	44
8550	46513671	180
8550	46513672	2
8550	46513673	78
8550	46513674	1006
8550	46513675	79
8550	46513676	350
8550	46513677	21
8550	46513678	110841
8550	46513679	23
8550	46513680	83
8550	46513681	38
8550	46513682	69
8550	46513683	3537
8550	46513684	23270
8550	46513685	16
8550	46513686	2238
8550	46513687	26
8550	46513688	35
8550	46513689	183
8550	46513690	190
8550	46513691	29
8550	46513692	94
8550	46513693	69
8550	46513694	1637
8550	46513695	32
8550	46513696	2030
8550	46513697	2
8550	46513698	30486
8550	46513699	2
8550	46513700	25795
8550	46513701	75
8550	46513702	13
8550	46513703	91
8550	46513704	17035
8550	46513705	69
8550	46513706	142
8550	46513707	2164
8550	46513708	2
8550	46513709	45209
8550	46513710	2
8550	46513711	3707
8550	46513712	43925
8550	46513713	11661
8550	46513714	26
8550	46513715	187
8550	46513716	402
8550	46513717	6
8550	46513718	183
8550	46513719	59
8550	46513720	24
8550	46513721	9
8550	46513722	30
8550	46513723	42201
8550	46513724	2
8550	46513725	30486
8550	46513726	2
8550	46513727	25795
8550	46513728	67
8550	46513729	12
8550	46513730	131
8550	46513731	795
8550	46513732	30
8550	46513733	63885
8550	46513734	427
8550	46513735	7
8550	46513736	20583
8550	46513737	51
8550	46513738	105
8550	46513739	168551
8550	46513740	50
8550	46513741	7419
8550	46513742	753985
8550	46513743	107799
8550	46513744	107799
8550	46513745	107799
8550	46513746	107799
8550	46513747	107799
8550	46513748	107799
8550	46513749	107799
8550	46513750	107799
8550	46513751	107799
8550	46513752	107799
8550	46513753	1
8550	46513754	84
8550	46513755	1
8550	46513756	25
8550	46513757	12
8550	46513758	99
8550	46513759	5151
8550	46513760	50
8550	46513761	7419
8550	46513762	19
8550	46513763	30486
8550	46513764	2
8550	46513765	80066
8550	46513766	655
8550	46513767	1
8550	46513768	339
8550	46513769	23
8550	46513770	8111
8550	46513771	117
8550	46513772	1071
8550	46513773	14
8550	46513774	2
8550	46513775	3028
8550	46513776	13
8550	46513777	704
8550	46513778	86
8550	46513779	28581
8550	46513780	20
8550	46513781	29
8550	46513782	1
8550	46513783	19196
8550	46513784	25
8550	46513785	12
8550	46513786	198
8550	46513787	63
8550	46513788	7
8550	46513789	2037
8550	46513790	193
8550	46513791	1
8550	46513792	50
8550	46513793	13868
8550	46513794	186
8550	46513795	9
8550	46513796	13613
8550	46513797	16
8550	46513798	13954
8550	46513799	2
8550	46513800	45209
8550	46513801	2
8550	46513802	3707
8550	46513803	43925
8550	46513804	78
8550	46513805	1006
8550	46513806	79
8550	46513807	2567
8550	46513808	6500
8550	46513809	3
8550	46513810	14990
8550	46513811	4145
8550	46513812	23
8550	46513813	38
8550	46513814	13
8550	46513815	1337
8550	46513816	9
8550	46513817	1071
8550	46513818	25
8550	46513819	12
8550	46513820	22
8550	46513821	24
8550	46513822	229
8550	46513823	15391
8550	46513824	85
8550	46513825	12
8550	46513826	198
8550	46513827	172
8550	46513828	1202
8550	46513829	16
8550	46513830	40271
8550	46513831	26
8550	46513832	3627
8550	46513833	1
8550	46513834	78
8550	46513835	11238
8550	46513836	79
8550	46513837	13
8550	46513838	139
8550	46513839	8
8550	46513840	157
8550	46513841	16
8550	46513842	20502
8550	46513843	2
8550	46513844	78
8550	46513845	1006
8550	46513846	79
8550	46513847	8
8550	46513848	131
8550	46513849	6772
8550	46513850	49
8550	46513851	386
8550	46513852	425
8550	46513853	2
8550	46513854	30486
8550	46513855	2
8550	46513856	42679
8550	46513857	78
8550	46513858	1006
8550	46513859	1
8550	46513860	36479
8550	46513861	16
8550	46513862	622
8550	46513863	79
8550	46513864	1745
8550	46513865	23
8550	46513866	13
8550	46513867	59
8550	46513868	16
8550	46513869	20502
8550	46513870	1
8550	46513871	59
8550	46513872	13
8550	46513873	19
8550	46513874	78
8550	46513875	15
8550	46513876	29
8550	46513877	79
8550	46513878	3561
8550	46513879	1
8550	46513880	339
8550	46513881	23
8550	46513882	8
8550	46513883	6497
8550	46513884	24
8550	46513885	2631
8550	46513886	12
8550	46513887	80
8550	46513888	30
8550	46513889	24882
8550	46513890	2
8550	46513891	45209
8550	46513892	2
8550	46513893	3707
8550	46513894	43925
8550	46513895	75
8550	46513896	8
8550	46513897	473
8550	46513898	13
8550	46513899	12
8550	46513900	198
8550	46513901	60
8550	46513902	59
8550	46513903	24
8550	46513904	13
8550	46513905	16
8550	46513906	2640
8550	46513907	19
8550	46513908	88
8550	46513909	18909
8550	46513910	1
8550	46513911	104
8550	46513912	35273
8550	46513913	1
8550	46513914	11
8550	46513915	35773
8550	46513916	6
8550	46513917	3
8550	46513918	5033
8550	46513919	12
8550	46513920	99
8550	46513921	13571
8550	46513922	1
8550	46513923	12
8550	46513924	198
8550	46513925	166
8550	46513926	8838
8550	46513927	83
8550	46513928	111296
8550	46513929	2
8550	46513930	25795
8550	46513931	109
8550	46513932	1
8550	46513933	339
8550	46513934	19
8550	46513935	45209
8550	46513936	2
8550	46513937	3707
8550	46513938	43925
8550	46513939	742
8550	46513940	7567
8550	46513941	83
8550	46513942	38
8550	46513943	795
8550	46513944	107799
8550	46513945	107799
8550	46513946	107799
8550	46513947	107799
8550	46513948	107799
8550	46513949	107799
8550	46513950	107799
8550	46513951	107799
8550	46513952	107799
8550	46513953	107799
8550	46513954	9
8550	46513955	67223
8550	46513956	3
8550	46513957	136
8550	46513958	6
8550	46513959	3
8550	46513960	429
8550	46513961	2
8550	46513962	78
8550	46513963	1006
8550	46513964	79
8550	46513965	8
8550	46513966	223
8550	46513967	6621
8550	46513968	298
8550	46513969	229
8550	46513970	7
8550	46513971	78
8550	46513972	15
8550	46513973	49
8550	46513974	79
8550	46513975	75
8550	46513976	365
8550	46513977	1
8550	46513978	20336
8550	46513979	1
8550	46513980	12644
8550	46513981	94
8550	46513982	4168
8550	46513983	26
8550	46513984	5
8550	46513985	1
8550	46513986	9
8550	46513987	12838
8550	46513988	34
8550	46513989	1
8550	46513990	30
8550	46513991	553
8550	46513992	1
8550	46513993	120
8550	46513994	12022
8550	46513995	156591
8550	46513996	69
8550	46513997	193
8550	46513998	36
8550	46513999	5062
8550	46514000	1
8550	46514001	64
8550	46514002	6
8550	46514003	53
8550	46514004	85
8550	46514005	8
8550	46514006	44
8550	46514007	63
8550	46514008	3
8550	46514009	1367
8550	46514010	9
8550	46514011	33370
8550	46514012	187
8550	46514013	6
8550	46514014	3
8550	46514015	321
8550	46514016	2051
8550	46514017	301
8550	46514018	6
8550	46514019	11684
8550	46514020	2
8550	46514021	30486
8550	46514022	2
8550	46514023	25795
8550	46514024	8
8550	46514025	223
8550	46514026	4625
8550	46514027	1
8550	46514028	339
8550	46514029	2
8550	46514030	78
8550	46514031	1006
8550	46514032	1
8550	46514033	270
8550	46514034	79
8550	46514035	31
8550	46514036	136
8550	46514037	6
8550	46514038	3
8550	46514039	429
8550	46514040	23
8550	46514041	8
8550	46514042	157
8550	46514043	832
8550	46514044	9
8550	46514045	1914
8550	46514046	72
8550	46514047	2
8550	46514048	78
8550	46514049	5873
8550	46514050	5
8550	46514051	675
8550	46514052	7
8550	46514053	3981
8550	46514054	48420
8550	46514055	1
8550	46514056	5
8550	46514057	14902
8550	46514058	79
8550	46514059	179500
8550	46514060	2
8550	46514061	3707
8550	46514062	43925
8550	46514063	1653
8550	46514064	192
8550	46514065	1
8550	46514066	363
8550	46514067	192
8550	46514068	23
8550	46514069	66133
8550	46514070	1
8550	46514071	8
8550	46514072	276
8550	46514073	57756
8550	46514074	298
8550	46514075	20
8550	46514076	900
8550	46514077	574
8550	46514078	177
8550	46514079	309
8550	46514080	8697
8550	46514081	2
8550	46514082	75
8550	46514083	84
8550	46514084	1
8550	46514085	3
8550	46514086	57384
8550	46514087	6
8550	46514088	3
8550	46514089	156203
8550	46514090	26
8550	46514091	3
8550	46514092	5649
8550	46514093	8
8550	46514094	223
8550	46514095	2177
8550	46514096	20
8550	46514097	35
8550	46514098	3265
8550	46514099	7654
8550	46514100	23
8550	46514101	5
8550	46514102	3
8550	46514103	176
8550	46514104	183
8550	46514105	80
8550	46514106	30
8550	46514107	3
8550	46514108	689
8550	46514109	20
8550	46514110	14
8550	46514111	11
8550	46514112	3
8550	46514113	372
8550	46514114	85
8550	46514115	625
8550	46514116	1
8550	46514117	625
8550	46514118	1
8550	46514119	42
8550	46514120	95
8550	46514121	3754
8550	46514122	34
8550	46514123	599
8550	46514124	14
8550	46514125	2
8550	46514126	60
8550	46514127	307
8550	46514128	23
8550	46514129	121
8550	46514130	428
8550	46514131	3
8550	46514132	32203
8550	46514133	15
8550	46514134	3
8550	46514135	1367
8550	46514136	2
8550	46514137	313
8550	46514138	30822
8550	46514139	80
8550	46514140	581
8550	46514141	114
8550	46514142	1965
8550	46514143	15
8550	46514144	16
8550	46514145	107799
8550	46514146	107799
8550	46514147	107799
8550	46514148	107799
8550	46514149	107799
8550	46514150	107799
8550	46514151	107799
8550	46514152	107799
8550	46514153	107799
8550	46514154	107799
8550	46514155	110
8550	46514156	992
8550	46514157	26
8550	46514158	4955
8550	46514159	40
8550	46514160	7
8550	46514161	12506
8550	46514162	2
8550	46514163	16439
8550	46514164	2
8550	46514165	4741
8550	46514166	78
8550	46514167	5909
8550	46514168	79
8550	46514169	4
8550	46514170	2509
8550	46514171	8
8550	46514172	1072
8550	46514173	3
8550	46514174	19243
8550	46514175	6
8550	46514176	187
8550	46514177	301
8550	46514178	35978
8550	46514179	3
8550	46514180	26120
8550	46514181	6
8550	46514182	7210
8550	46514183	320
8550	46514184	1
8550	46514185	20
8550	46514186	1673
8550	46514187	13784
8550	46514188	214
8550	46514189	4
8550	46514190	247
8550	46514191	218234
8550	46514192	2
8550	46514193	3707
8550	46514194	43925
8550	46514195	350
8550	46514196	81
8550	46514197	1
8550	46514198	4741
8550	46514199	19
8550	46514200	16439
8550	46514201	2
8550	46514202	4741
8550	46514203	78
8550	46514204	5909
8550	46514205	79
8550	46514206	4
8550	46514207	2268
8550	46514208	11450
8550	46514209	166
8550	46514210	9
8550	46514211	27924
8550	46514212	66
8550	46514213	4781
8550	46514214	36
8550	46514215	136
8550	46514216	2
8550	46514217	4
8550	46514218	45209
8550	46514219	2
8550	46514220	3707
8550	46514221	43925
8550	46514222	109
8550	46514223	70
8550	46514224	13
8550	46514225	125
8550	46514226	1
8550	46514227	8
8550	46514228	1359
8550	46514229	1
8550	46514230	4741
8550	46514231	19
8550	46514232	16439
8550	46514233	2
8550	46514234	4741
8550	46514235	8140
8550	46514236	1
8550	46514237	35
8550	46514238	1599
8550	46514239	1
8550	46514240	8
8550	46514241	119
8550	46514242	3641
8550	46514243	35
8550	46514244	1301
8550	46514245	2
8550	46514246	201
8550	46514247	22
8550	46514248	3
8550	46514249	8637
8550	46514250	10764
8550	46514251	1448
8550	46514252	11
8550	46514253	3
8550	46514254	2376
8550	46514255	1699
8550	46514256	6
8550	46514257	898
8550	46514258	6
8550	46514259	47659
8550	46514260	5
8550	46514261	3
8550	46514262	435
8550	46514263	719716
8550	46514264	85
8550	46514265	5
8550	46514266	14
8550	46514267	80
8550	46514268	5236
8550	46514269	114
8550	46514270	585
8550	46514271	923
8550	46514272	1
8550	46514273	45
8550	46514274	998
8550	46514275	6821
8550	46514276	7
8550	46514277	230
8550	46514278	302
8550	46514279	2
8550	46514280	3302
8550	46514281	1
8550	46514282	8769
8550	46514283	23
8550	46514284	8111
8550	46514285	34
8550	46514286	828
8550	46514287	20
8550	46514288	50
8550	46514289	32203
8550	46514290	85
8550	46514291	8
8550	46514292	95
8550	46514293	15252
8550	46514294	8
8550	46514295	1265679
8550	46514296	35
8550	46514297	773
8550	46514298	2
8550	46514299	78
8550	46514300	270
8550	46514301	1
8550	46514302	10474
8550	46514303	79
8550	46514304	75
8550	46514305	65
8550	46514306	1
8550	46514307	35
8550	46514308	1599
8550	46514309	1
8550	46514310	65
8550	46514311	223
8550	46514312	54
8550	46514313	115
8550	46514314	17
8550	46514315	16
8550	46514316	11741
8550	46514317	11765
8550	46514318	19
8550	46514319	45209
8550	46514320	2
8550	46514321	3707
8550	46514322	43925
8550	46514323	20015
8550	46514324	11
8550	46514325	133
8550	46514326	87
8550	46514327	1
8550	46514328	4741
8550	46514329	60
8550	46514330	8
8550	46514331	725
8550	46514332	9
8550	46514333	30
8550	46514334	828
8550	46514335	2
8550	46514336	16439
8550	46514337	2
8550	46514338	4741
8550	46514339	1812
8550	46514340	1
8550	46514341	35
8550	46514342	1599
8550	46514343	1
8550	46514344	78
8550	46514345	270
8550	46514346	107799
8550	46514347	107799
8550	46514348	107799
8550	46514349	107799
8550	46514350	107799
8550	46514351	107799
8550	46514352	107799
8550	46514353	107799
8550	46514354	107799
8550	46514355	107799
8550	46514356	9
8550	46514357	63
8550	46514358	50
8550	46514359	20502
8550	46514360	19
8550	46514361	45209
8550	46514362	2
8550	46514363	3707
8550	46514364	43925
8550	46514365	2529
8550	46514366	2
8550	46514367	8
8550	46514368	223
8550	46514369	2878
8550	46514370	46
8550	46514371	596
8550	46514372	2
8550	46514373	16439
8550	46514374	2
8550	46514375	4741
8550	46514376	37
8550	46514377	61
8550	46514378	27
8550	46514379	8767
8550	46514380	14
8550	46514381	1
8550	46514382	35
8550	46514383	1599
8550	46514384	1
8550	46514385	78
8550	46514386	270
8550	46514387	1
8550	46514388	10474
8550	46514389	79
8550	46514390	5
8550	46514391	73
8550	46514392	22
8550	46514393	9
8550	46514394	2343
8550	46514395	346
8550	46514396	3
8550	46514397	1200
8550	46514398	19
8550	46514399	45209
8550	46514400	2
8550	46514401	3707
8550	46514402	43925
8550	46514403	8
8550	46514404	223
8550	46514405	115
8550	46514406	46
8550	46514407	2
8550	46514408	16439
8550	46514409	2
8550	46514410	4741
8550	46514411	71
8550	46514412	23
8550	46514413	3
8550	46514414	20502
8550	46514415	23
8550	46514416	239
8550	46514417	64
8550	46514418	43390
8550	46514419	23
8550	46514420	71
8550	46514421	274
8550	46514422	665
8550	46514423	442
8550	46514424	34
8550	46514425	115
8550	46514426	14
8550	46514427	2
8550	46514428	16439
8550	46514429	2
8550	46514430	4741
8550	46514431	2899
8550	46514432	4585
8550	46514433	26
8550	46514434	8
8550	46514435	223
8550	46514436	115
8550	46514437	14
8550	46514438	298
8550	46514439	2
8550	46514440	16439
8550	46514441	2
8550	46514442	4741
8550	46514443	8140
8550	46514444	1
8550	46514445	120
8550	46514446	265
8550	46514447	1
8550	46514448	35
8550	46514449	1599
8550	46514450	2
8550	46514451	1376
8550	46514452	1320
8550	46514453	69
8550	46514454	1200
8550	46514455	30
8550	46514456	1502
8550	46514457	344
8550	46514458	2
8550	46514459	45209
8550	46514460	2
8550	46514461	3707
8550	46514462	43925
8550	46514463	2529
8550	46514464	83
8550	46514465	4476
8550	46514466	34
8550	46514467	2
8550	46514468	16439
8550	46514469	2
8550	46514470	4741
8550	46514471	1316
8550	46514472	1502
8550	46514473	2
8550	46514474	178
8550	46514475	13
8550	46514476	3660
8550	46514477	1103
8550	46514478	1
8550	46514479	567
8550	46514480	34
8550	46514481	14112
8550	46514482	15
8550	46514483	13
8550	46514484	3
8550	46514485	7758
8550	46514486	6
8550	46514487	3
8550	46514488	1367
8550	46514489	4368
8550	46514490	32
8550	46514491	75006
8550	46514492	1
8550	46514493	11
8550	46514494	3
8550	46514495	585
8550	46514496	6
8550	46514497	14763
8550	46514498	3
8550	46514499	92617
8550	46514500	1
8550	46514501	55
8550	46514502	6
8550	46514503	3
8550	46514504	2430
8550	46514505	1264391
8550	46514506	60
8550	46514507	8
8550	46514508	70
8550	46514509	53
8550	46514510	1139
8550	46514511	45
8550	46514512	211
8550	46514513	2
8550	46514514	45209
8550	46514515	2
8550	46514516	3707
8550	46514517	43925
8550	46514518	8
8550	46514519	473
8550	46514520	13
8550	46514521	1
8550	46514522	8
8550	46514523	157
8550	46514524	8759
8550	46514525	85
8550	46514526	365
8550	46514527	2
8550	46514528	16439
8550	46514529	2
8550	46514530	4741
8550	46514531	8140
8550	46514532	1
8550	46514533	8
8550	46514534	119
8550	46514535	270
8550	46514536	2
8550	46514537	78
8550	46514538	270
8550	46514539	1
8550	46514540	10474
8550	46514541	79
8550	46514542	75
8550	46514543	3
8550	46514544	1200
8550	46514545	635
8550	46514546	9
8550	46514547	107799
8550	46514548	107799
8550	46514549	107799
8550	46514550	107799
8550	46514551	107799
8550	46514552	107799
8550	46514553	107799
8550	46514554	107799
8550	46514555	107799
8550	46514556	107799
8550	46514557	30
8550	46514558	11
8550	46514559	60
8550	46514560	11
8550	46514561	247
8550	46514562	52665
8550	46514563	26
8550	46514564	8769
8550	46514565	1
8550	46514566	46
8550	46514567	48
8550	46514568	3
8550	46514569	338
8550	46514570	1
8550	46514571	966070
8550	46514572	2
8550	46514573	45209
8550	46514574	2
8550	46514575	3707
8550	46514576	43925
8550	46514577	36769
8550	46514578	1
8550	46514579	197
8550	46514580	23
8550	46514581	76390
8550	46514582	8
8550	46514583	473
8550	46514584	13
8550	46514585	2
8550	46514586	16439
8550	46514587	2
8550	46514588	4741
8550	46514589	8140
8550	46514590	23
8550	46514591	8
8550	46514592	119
8550	46514593	270
8550	46514594	1
8550	46514595	35
8550	46514596	1599
8550	46514597	78
8550	46514598	5909
8550	46514599	47
8550	46514600	21
8550	46514601	519
8550	46514602	79
8550	46514603	4
8550	46514604	2268
8550	46514605	11450
8550	46514606	9
8550	46514607	27924
8550	46514608	66
8550	46514609	4781
8550	46514610	36
8550	46514611	136
8550	46514612	348
8550	46514613	1118
8550	46514614	2
8550	46514615	4
8550	46514616	14426
8550	46514617	266619
8550	46514618	2
8550	46514619	3707
8550	46514620	43925
8550	46514621	1201
8550	46514622	53263
8550	46514623	1
8550	46514624	11166
8550	46514625	110
8550	46514626	96148
8550	46514627	23
8550	46514628	21
8550	46514629	99
8550	46514630	276
8550	46514631	1045
8550	46514632	34
8550	46514633	74
8550	46514634	7
8550	46514635	1413
8550	46514636	2
8550	46514637	3246
8550	46514638	1611367
8550	46514639	2
8550	46514640	45209
8550	46514641	2
8550	46514642	3707
8550	46514643	43925
8550	46514644	268
8550	46514645	1
8550	46514646	35
8550	46514647	872
8550	46514648	5903
8550	46514649	1
8550	46514650	81
8550	46514651	10279
8550	46514652	3
8550	46514653	380
8550	46514654	51
8550	46514655	22
8550	46514656	170
8550	46514657	590
8550	46514658	9
8550	46514659	3223
8550	46514660	114
8550	46514661	10320
8550	46514662	5
8550	46514663	13934
8550	46514664	35
8550	46514665	2595
8550	46514666	20
8550	46514667	94049
8550	46514668	2
8550	46514669	38884
8550	46514670	2
8550	46514671	3707
8550	46514672	72199
8550	46514673	1812
8550	46514674	1
8550	46514675	43925
8550	46514676	1
8550	46514677	13
8550	46514678	70
8550	46514679	10175
8550	46514680	209
8550	46514681	422406
8550	46514682	15
8550	46514683	69
8550	46514684	142
8550	46514685	7294
8550	46514686	75
8550	46514687	1
8550	46514688	11
8550	46514689	3
8550	46514690	152
8550	46514691	238
8550	46514692	1
8550	46514693	8
8550	46514694	70
8550	46514695	86
8550	46514696	1430
8550	46514697	6
8550	46514698	69
8550	46514699	2595
8550	46514700	20
8550	46514701	113
8550	46514702	192
8550	46514703	1
8550	46514704	5
8550	46514705	1
8550	46514706	26967
8550	46514707	1
8550	46514708	104
8550	46514709	8
8550	46514710	18
8550	46514711	478
8550	46514712	35
8550	46514713	106
8550	46514714	1
8550	46514715	3
8550	46514716	818
8550	46514717	135
8550	46514718	63
8550	46514719	56
8550	46514720	980
8550	46514721	1795
8550	46514722	55
8550	46514723	10034
8550	46514724	613
8550	46514725	497
8550	46514726	2
8550	46514727	45209
8550	46514728	2
8550	46514729	3707
8550	46514730	43925
8550	46514731	655
8550	46514732	23
8550	46514733	13
8550	46514734	147
8550	46514735	189
8550	46514736	5371
8550	46514737	1
8550	46514738	35
8550	46514739	325
8550	46514740	1
8550	46514741	626
8550	46514742	189
8550	46514743	5371
8550	46514744	2
8550	46514745	38884
8550	46514746	2
8550	46514747	3707
8550	46514748	107799
8550	46514749	107799
8550	46514750	107799
8550	46514751	107799
8550	46514752	107799
8550	46514753	107799
8550	46514754	107799
8550	46514755	107799
8550	46514756	107799
8550	46514757	107799
8550	46514758	17
8550	46514759	3
8550	46514760	4499
8550	46514761	6
8550	46514762	7
8550	46514763	4990
8550	46514764	2
8550	46514765	71
8550	46514766	139
8550	46514767	121
8550	46514768	48
8550	46514769	86
8550	46514770	4657
8550	46514771	40
8550	46514772	3
8550	46514773	2345
8550	46514774	6
8550	46514775	7
8550	46514776	3512
8550	46514777	6
8550	46514778	4559
8550	46514779	19
8550	46514780	45209
8550	46514781	2
8550	46514782	3707
8550	46514783	43925
8550	46514784	1812
8550	46514785	2
8550	46514786	38884
8550	46514787	2
8550	46514788	3707
8550	46514789	72199
8550	46514790	67
8550	46514791	25
8550	46514792	43
8550	46514793	1367
8550	46514794	22
8550	46514795	10261
8550	46514796	6
8550	46514797	2333
8550	46514798	1
8550	46514799	16230
8550	46514800	1
8550	46514801	836150
8550	46514802	108
8550	46514803	2916
8550	46514804	60
8550	46514805	1014
8550	46514806	5245
8550	46514807	1
8550	46514808	6
8550	46514809	392
8550	46514810	23
8550	46514811	45209
8550	46514812	2
8550	46514813	3707
8550	46514814	43925
8550	46514815	1812
8550	46514816	2
8550	46514817	38884
8550	46514818	2
8550	46514819	3707
8550	46514820	72199
8550	46514821	67
8550	46514822	92
8550	46514823	104
8550	46514824	7
8550	46514825	77
8550	46514826	30
8550	46514827	32721
8550	46514828	6
8550	46514829	373
8550	46514830	5151
8550	46514831	50
8550	46514832	7419
8550	46514833	239
8550	46514834	3
8550	46514835	2901
8550	46514836	6
8550	46514837	11684
8550	46514838	60
8550	46514839	165
8550	46514840	20
8550	46514841	10479
8550	46514842	47
8550	46514843	6138
8550	46514844	7
8550	46514845	956
8550	46514846	233
8550	46514847	189
8550	46514848	1793
8550	46514849	88
8550	46514850	12
8550	46514851	22
8550	46514852	6493
8550	46514853	40
8550	46514854	3
8550	46514855	4548
8550	46514856	6
8550	46514857	40271
8550	46514858	19
8550	46514859	45209
8550	46514860	2
8550	46514861	3707
8550	46514862	43925
8550	46514863	1812
8550	46514864	1
8550	46514865	265
8550	46514866	1
8550	46514867	64
8550	46514868	43
8550	46514869	8
8550	46514870	139
8550	46514871	26
8550	46514872	38
8550	46514873	8
8550	46514874	379
8550	46514875	139
8550	46514876	25
8550	46514877	35
8550	46514878	563
8550	46514879	22
8550	46514880	16
8550	46514881	2640
8550	46514882	1
8550	46514883	5
8550	46514884	25
8550	46514885	21
8550	46514886	2471
8550	46514887	6245
8550	46514888	85
8550	46514889	22
8550	46514890	27
8550	46514891	46
8550	46514892	344
8550	46514893	2
8550	46514894	7815
8550	46514895	34
8550	46514896	1
8550	46514897	35
8550	46514898	325
8550	46514899	1
8550	46514900	121
8550	46514901	48
8550	46514902	86
8550	46514903	1027
8550	46514904	2
8550	46514905	559
8550	46514906	26
8550	46514907	9090
8550	46514908	17
8550	46514909	34
8550	46514910	15
8550	46514911	35
8550	46514912	173
8550	46514913	85
8550	46514914	8
8550	46514915	131
8550	46514916	5176
8550	46514917	212
8550	46514918	7
8550	46514919	3478
8550	46514920	6
8550	46514921	858
8550	46514922	2
8550	46514923	3246
8550	46514924	706945
8550	46514925	2
8550	46514926	7160
8550	46514927	2
8550	46514928	81714
8550	46514929	237
8550	46514930	1599
8550	46514931	1
8550	46514932	188
8550	46514933	192
8550	46514934	22
8550	46514935	1049
8550	46514936	2
8550	46514937	45209
8550	46514938	2
8550	46514939	3707
8550	46514940	43925
8550	46514941	391
8550	46514942	14
8550	46514943	191
8550	46514944	1
8550	46514945	1408
8550	46514946	218848
8550	46514947	23
8550	46514948	288
8550	46514949	107799
8550	46514950	107799
8550	46514951	107799
8550	46514952	107799
8550	46514953	107799
8550	46514954	107799
8550	46514955	107799
8550	46514956	107799
8550	46514957	107799
8550	46514958	107799
8550	46514959	3822
8550	46514960	60
8550	46514961	7
8550	46514962	319
8550	46514963	60
8550	46514964	7160
8550	46514965	2
8550	46514966	150952
8550	46514967	49963
8550	46514968	23
8550	46514969	23901
8550	46514970	1
8550	46514971	8
8550	46514972	119
8550	46514973	862
8550	46514974	110
8550	46514975	20
8550	46514976	46
8550	46514977	2
8550	46514978	45209
8550	46514979	2
8550	46514980	3707
8550	46514981	43925
8550	46514982	331
8550	46514983	7
8550	46514984	24623
8550	46514985	1
8550	46514986	110
8550	46514987	2160
8550	46514988	26
8550	46514989	8
8550	46514990	91
8550	46514991	145
8550	46514992	502
8550	46514993	7
8550	46514994	319
8550	46514995	1
8550	46514996	23954
8550	46514997	26
8550	46514998	8
8550	46514999	157
8550	46515000	50648
8550	46515001	32
8550	46515002	476
8550	46515003	11270
8550	46515004	2
8550	46515005	75
8550	46515006	365
8550	46515007	1
8550	46515008	159324
8550	46515009	26
8550	46515010	19970
8550	46515011	3
8550	46515012	12964
8550	46515013	9
8550	46515014	3897
8550	46515015	26
8550	46515016	3
8550	46515017	7977
8550	46515018	9
8550	46515019	3342
8550	46515020	1
8550	46515021	5
8550	46515022	3
8550	46515023	764
8550	46515024	9
8550	46515025	2863
8550	46515026	62
8550	46515027	2
8550	46515028	559
8550	46515029	1
8550	46515030	26239
8550	46515031	26
8550	46515032	154
8550	46515033	1
8550	46515034	159324
8550	46515035	23
8550	46515036	8022
8550	46515037	43925
8550	46515038	5
8550	46515039	1766046
8550	46515040	33
8550	46515041	82
8550	46515042	249
8550	46515043	2
8550	46515044	81714
8550	46515045	15200
8550	46515046	2
8550	46515047	2731
8550	46515048	2427
8550	46515049	60
8550	46515050	3
8550	46515051	1367
8550	46515052	2
8550	46515053	86193
8550	46515054	7977
8550	46515055	5
8550	46515056	12964
8550	46515057	26
8550	46515058	3704
8550	46515059	764
8550	46515060	10010
8550	46515061	7
8550	46515062	2218
8550	46515063	5547
8550	46515064	2
8550	46515065	356
8550	46515066	3
8550	46515067	2320
8550	46515068	6
8550	46515069	7
8550	46515070	2380
8550	46515071	813
8550	46515072	22
8550	46515073	50
8550	46515074	13377
8550	46515075	3555
8550	46515076	26
8550	46515077	291
8550	46515078	51
8550	46515079	22
8550	46515080	7
8550	46515081	778
8550	46515082	9953
8550	46515083	1
8550	46515084	19934
8550	46515085	45
8550	46515086	12420
8550	46515087	26
8550	46515088	3
8550	46515089	13705
8550	46515090	22
8550	46515091	3685
8550	46515092	1
8550	46515093	1187
8550	46515094	5
8550	46515095	1185
8550	46515096	26
8550	46515097	3
8550	46515098	377
8550	46515099	6
8550	46515100	3
8550	46515101	5903
8550	46515102	1
8550	46515103	25652
8550	46515104	33
8550	46515105	3
8550	46515106	3555
8550	46515107	2
8550	46515108	443
8550	46515109	3
8550	46515110	1446
8550	46515111	6
8550	46515112	3
8550	46515113	3555
8550	46515114	1
8550	46515115	4741
8550	46515116	1
8550	46515117	3
8550	46515118	32203
8550	46515119	1
8550	46515120	5
8550	46515121	33
8550	46515122	3
8550	46515123	1906
8550	46515124	1
8550	46515125	7
8550	46515126	429
8550	46515127	304
8550	46515128	18171
8550	46515129	1
8550	46515130	5823
8550	46515131	11
8550	46515132	9248
8550	46515133	2172
8550	46515134	26
8550	46515135	3045
8550	46515136	5
8550	46515137	868
8550	46515138	427
8550	46515139	53
8550	46515140	2
8550	46515141	115292
8550	46515142	1
8550	46515143	11
8550	46515144	2489
8550	46515145	22692
8550	46515146	1
8550	46515147	7404
8550	46515148	212
8550	46515149	383
8550	46515150	107799
8550	46515151	107799
8550	46515152	107799
8550	46515153	107799
8550	46515154	107799
8550	46515155	107799
8550	46515156	107799
8550	46515157	107799
8550	46515158	107799
8550	46515159	107799
8550	46515160	3
8550	46515161	13250
8550	46515162	1
8550	46515163	11
8550	46515164	7
8550	46515165	173
8550	46515166	746
8550	46515167	3
8550	46515168	813
8550	46515169	2
8550	46515170	8411
8550	46515171	11
8550	46515172	778
8550	46515173	4712
8550	46515174	1
8550	46515175	1844
8550	46515176	212
8550	46515177	14110
8550	46515178	3441
8550	46515179	1
8550	46515180	51
8550	46515181	25315
8550	46515182	1
8550	46515183	33
8550	46515184	383
8550	46515185	249
8550	46515186	6
8550	46515187	3
8550	46515188	813
8550	46515189	1
8550	46515190	40
8550	46515191	10709
8550	46515192	3
8550	46515193	3555
8550	46515194	1
8550	46515195	759
8550	46515196	3
8550	46515197	2909
8550	46515198	6
8550	46515199	3
8550	46515200	1171
8550	46515201	2
8550	46515202	231
8550	46515203	20534
8550	46515204	22
8550	46515205	3405
8550	46515206	3
8550	46515207	3555
8550	46515208	2
8550	46515209	968
8550	46515210	3
8550	46515211	764
8550	46515212	22
8550	46515213	1217
8550	46515214	1
8550	46515215	26239
8550	46515216	272215
8550	46515217	1512
8550	46515218	94
8550	46515219	7
8550	46515220	3482
8550	46515221	992
8550	46515222	1
8550	46515223	18935
8550	46515224	384272
8550	46515225	1
8550	46515226	73
8550	46515227	22
8550	46515228	1492
8550	46515229	16989
8550	46515230	5
8550	46515231	4171
8550	46515232	7
8550	46515233	27238
8550	46515234	33
8550	46515235	28
8550	46515236	161
8550	46515237	26
8550	46515238	28
8550	46515239	1093
8550	46515240	22
8550	46515241	3069
8550	46515242	45
8550	46515243	122
8550	46515244	2833
8550	46515245	2
8550	46515246	270116
8550	46515247	54255
8550	46515248	49
8550	46515249	15
8550	46515250	3
8550	46515251	3555
8550	46515252	26
8550	46515253	18270
8550	46515254	8985
8550	46515255	1
8550	46515256	5
8550	46515257	22114
8550	46515258	15
8550	46515259	3
8550	46515260	1545
8550	46515261	1
8550	46515262	726
8550	46515263	3
8550	46515264	1051
8550	46515265	8739
8550	46515266	6
8550	46515267	3
8550	46515268	1034
8550	46515269	3441
8550	46515270	2
8550	46515271	591
8550	46515272	20336
8550	46515273	22
8550	46515274	12407
8550	46515275	1
8550	46515276	3
8550	46515277	1034
8550	46515278	1
8550	46515279	73
8550	46515280	18
8550	46515281	4092
8550	46515282	32
8550	46515283	28
8550	46515284	1617
8550	46515285	1
8550	46515286	26895
8550	46515287	66
8550	46515288	1162
8550	46515289	2
8550	46515290	31
8550	46515291	764
8550	46515292	8084
8550	46515293	2
8550	46515294	78449
8550	46515295	2
8550	46515296	30486
8550	46515297	2
8550	46515298	25795
8550	46515299	6270
8550	46515300	3
8550	46515301	35442
8550	46515302	1961
8550	46515303	2
8550	46515304	78449
8550	46515305	2
8550	46515306	3246
8550	46515307	17921
8550	46515308	1
8550	46515309	12871
8550	46515310	45
8550	46515311	24575
8550	46515312	2
8550	46515313	11655
8550	46515314	650452
8550	46515315	5828
8550	46515316	85
8550	46515317	12
8550	46515318	2501
8550	46515319	726
8550	46515320	43925
8550	46515321	2
8550	46515322	6245
8550	46515323	5664
8550	46515324	15
8550	46515325	3
8550	46515326	1361
8550	46515327	249
8550	46515328	88
8550	46515329	361
8550	46515330	31692
8550	46515331	3
8550	46515332	3555
8550	46515333	1
8550	46515334	12
8550	46515335	11592
8550	46515336	82
8550	46515337	2393
8550	46515338	15
8550	46515339	3
8550	46515340	552
8550	46515341	1
8550	46515342	476
8550	46515343	7
8550	46515344	3205
8550	46515345	29480
8550	46515346	1
8550	46515347	16
8550	46515348	136
8550	46515349	33
8550	46515350	16
8550	46515351	107799
8550	46515352	107799
8550	46515353	107799
8550	46515354	107799
8550	46515355	107799
8550	46515356	107799
8550	46515357	107799
8550	46515358	107799
8550	46515359	107799
8550	46515360	107799
8550	46515361	1
8550	46515362	17
8550	46515363	70437
8550	46515364	20223
8550	46515365	18152
8550	46515366	1
8550	46515367	2136
8550	46515368	124615
8550	46515369	26
8550	46515370	716
8550	46515371	1
8550	46515372	289428
8550	46515373	17
8550	46515374	12420
8550	46515375	2
8550	46515376	232831
8550	46515377	2776
8550	46515378	16
8550	46515379	1026
8550	46515380	26
8550	46515381	5
8550	46515382	1
8550	46515383	47
8550	46515384	12
8550	46515385	4935
8550	46515386	1
8550	46515387	13433
8550	46515388	33
8550	46515389	676
8550	46515390	1101
8550	46515391	348
8550	46515392	3
8550	46515393	3555
8550	46515394	26
8550	46515395	845
8550	46515396	62
8550	46515397	16
8550	46515398	28123
8550	46515399	215
8550	46515400	85
8550	46515401	12
8550	46515402	714
8550	46515403	16
8550	46515404	238
8550	46515405	726
8550	46515406	6245
8550	46515407	2
8550	46515408	1005
8550	46515409	6
8550	46515410	3
8550	46515411	1962
8550	46515412	33142
8550	46515413	500
8550	46515414	358
8550	46515415	6245
8550	46515416	2
8550	46515417	78449
8550	46515418	2
8550	46515419	45209
8550	46515420	2
8550	46515421	3707
8550	46515422	43925
8550	46515423	350
8550	46515424	22
8550	46515425	43
8550	46515426	19
8550	46515427	109
8550	46515428	675
8550	46515429	3
8550	46515430	20613
8550	46515431	102
8550	46515432	19
8550	46515433	44805
8550	46515434	2
8550	46515435	69737
8550	46515436	331
8550	46515437	2058
8550	46515438	133
8550	46515439	1111
8550	46515440	1
8550	46515441	23901
8550	46515442	26
8550	46515443	5
8550	46515444	191
8550	46515445	1
8550	46515446	373
8550	46515447	69
8550	46515448	9091
8550	46515449	36
8550	46515450	3828
8550	46515451	1
8550	46515452	8
8550	46515453	95
8550	46515454	7132
8550	46515455	2
8550	46515456	78
8550	46515457	924
8550	46515458	1
8550	46515459	5
8550	46515460	32294
8550	46515461	9
8550	46515462	134
8550	46515463	26
8550	46515464	82
8550	46515465	6
8550	46515466	3
8550	46515467	1962
8550	46515468	15860
8550	46515469	16
8550	46515470	12275
8550	46515471	2
8550	46515472	69737
8550	46515473	2501
8550	46515474	79
8550	46515475	10480
8550	46515476	2
8550	46515477	6245
8550	46515478	237
8550	46515479	1823
8550	46515480	10
8550	46515481	7199
8550	46515482	17
8550	46515483	34
8550	46515484	1
8550	46515485	32
8550	46515486	3
8550	46515487	3041
8550	46515488	1
8550	46515489	47
8550	46515490	8
8550	46515491	4953
8550	46515492	1
8550	46515493	6
8550	46515494	3
8550	46515495	23329
8550	46515496	429
8550	46515497	1
8550	46515498	73
8550	46515499	1
8550	46515500	8
8550	46515501	11263
8550	46515502	22
8550	46515503	35
8550	46515504	32203
8550	46515505	2
8550	46515506	31
8550	46515507	598
8550	46515508	1
8550	46515509	47
8550	46515510	12
8550	46515511	149
8550	46515512	13354
8550	46515513	34
8550	46515514	1
8550	46515515	10
8550	46515516	1
8550	46515517	92
8550	46515518	9240
8550	46515519	45
8550	46515520	28
8550	46515521	5012
8550	46515522	60
8550	46515523	78
8550	46515524	147374
8550	46515525	1
8550	46515526	11
8550	46515527	17689
8550	46515528	2955
8550	46515529	6245
8550	46515530	36
8550	46515531	3576
8550	46515532	2
8550	46515533	4741
8550	46515534	5840
8550	46515535	11
8550	46515536	1777
8550	46515537	1
8550	46515538	5
8550	46515539	22
8550	46515540	983
8550	46515541	9
8550	46515542	495
8550	46515543	2
8550	46515544	25795
8550	46515545	18290
8550	46515546	15
8550	46515547	3
8550	46515548	20534
8550	46515549	2
8550	46515550	31739
8550	46515551	2
8550	46515552	107799
8550	46515553	107799
8550	46515554	107799
8550	46515555	107799
8550	46515556	107799
8550	46515557	107799
8550	46515558	107799
8550	46515559	107799
8550	46515560	107799
8550	46515561	107799
8550	46515562	79
8550	46515563	52
8550	46515564	44
8550	46515565	37516
8550	46515566	1312
8550	46515567	3
8550	46515568	2188
8550	46515569	6
8550	46515570	43
8550	46515571	1367
8550	46515572	1
8550	46515573	9
8550	46515574	37981
8550	46515575	43
8550	46515576	18553
8550	46515577	26
8550	46515578	436
8550	46515579	131
8550	46515580	3
8550	46515581	1965
8550	46515582	1071
8550	46515583	25
8550	46515584	12
8550	46515585	22
8550	46515586	348
8550	46515587	7
8550	46515588	20583
8550	46515589	51
8550	46515590	27268
8550	46515591	1
8550	46515592	5
8550	46515593	80
8550	46515594	35831
8550	46515595	1941
8550	46515596	2
8550	46515597	78
8550	46515598	6245
8550	46515599	35778
8550	46515600	17
8550	46515601	7
8550	46515602	3829
8550	46515603	5796
8550	46515604	79
8550	46515605	179500
8550	46515606	2
8550	46515607	3707
8550	46515608	43925
8550	46515609	78
8550	46515610	332129
8550	46515611	15
8550	46515612	72199
8550	46515613	79
8550	46515614	474
8550	46515615	6358
8550	46515616	389331
8550	46515617	1
8550	46515618	35
8550	46515619	563
8550	46515620	1751
8550	46515621	206
8550	46515622	219
8550	46515623	21
8550	46515624	18
8550	46515625	56
8550	46515626	1149
8550	46515627	7
8550	46515628	2640
8550	46515629	2
8550	46515630	30486
8550	46515631	2
8550	46515632	25795
8550	46515633	31
8550	46515634	1367
8550	46515635	22
8550	46515636	1049
8550	46515637	85
8550	46515638	567
8550	46515639	3
8550	46515640	2238
8550	46515641	4965
8550	46515642	2
8550	46515643	16439
8550	46515644	2
8550	46515645	4741
8550	46515646	31
8550	46515647	1965
8550	46515648	80
8550	46515649	817
8550	46515650	730
8550	46515651	2
8550	46515652	109
8550	46515653	22
8550	46515654	69
8550	46515655	279
8550	46515656	19
8550	46515657	78
8550	46515658	6245
8550	46515659	251
8550	46515660	24
8550	46515661	4460
8550	46515662	2
8550	46515663	270116
8550	46515664	18158
8550	46515665	16
8550	46515666	3140
8550	46515667	2339
8550	46515668	79
8550	46515669	179500
8550	46515670	2
8550	46515671	3707
8550	46515672	43925
8550	46515673	8
8550	46515674	80
8550	46515675	1078
8550	46515676	20
8550	46515677	29
8550	46515678	247
8550	46515679	6245
8550	46515680	2
8550	46515681	78
8550	46515682	6245
8550	46515683	20200
8550	46515684	951
8550	46515685	32
8550	46515686	253
8550	46515687	475
8550	46515688	79
8550	46515689	16439
8550	46515690	2
8550	46515691	4741
8550	46515692	78
8550	46515693	357
8550	46515694	12203
8550	46515695	3
8550	46515696	18171
8550	46515697	79
8550	46515698	659
8550	46515699	13
8550	46515700	7
8550	46515701	773
8550	46515702	19
8550	46515703	78
8550	46515704	6245
8550	46515705	22
8550	46515706	5601
8550	46515707	79
8550	46515708	88
8550	46515709	109
8550	46515710	22
8550	46515711	69
8550	46515712	3893
8550	46515713	19
8550	46515714	45209
8550	46515715	2
8550	46515716	3707
8550	46515717	43925
8550	46515718	8
8550	46515719	91
8550	46515720	152359
8550	46515721	25
8550	46515722	16
8550	46515723	2405
8550	46515724	63489
8550	46515725	29
8550	46515726	15
8550	46515727	2238
8550	46515728	45
8550	46515729	7
8550	46515730	3512
8550	46515731	6
8550	46515732	4559
8550	46515733	2
8550	46515734	78
8550	46515735	6245
8550	46515736	128
8550	46515737	20200
8550	46515738	2903
8550	46515739	79
8550	46515740	16439
8550	46515741	2
8550	46515742	4741
8550	46515743	78
8550	46515744	31652
8550	46515745	282
8550	46515746	9
8550	46515747	495
8550	46515748	26
8550	46515749	62683
8550	46515750	65983
8550	46515751	15
8550	46515752	3
8550	46515753	107799
8550	46515754	107799
8550	46515755	107799
8550	46515756	107799
8550	46515757	107799
8550	46515758	107799
8550	46515759	107799
8550	46515760	107799
8550	46515761	107799
8550	46515762	107799
8550	46515763	8
8550	46515764	1143
8550	46515765	9
8550	46515766	1402
8550	46515767	3
8550	46515768	439
8550	46515769	16905
8550	46515770	6
8550	46515771	114
8550	46515772	2519
8550	46515773	6412
8550	46515774	1
8550	46515775	47
8550	46515776	42
8550	46515777	59
8550	46515778	8975
8550	46515779	11
8550	46515780	114
8550	46515781	110
8550	46515782	19913
8550	46515783	26
8550	46515784	83
8550	46515785	100
8550	46515786	8
8550	46515787	1072
8550	46515788	3
8550	46515789	19243
8550	46515790	6
8550	46515791	187
8550	46515792	301
8550	46515793	35978
8550	46515794	3
8550	46515795	26120
8550	46515796	6
8550	46515797	7210
8550	46515798	320
8550	46515799	20
8550	46515800	1673
8550	46515801	13784
8550	46515802	214
8550	46515803	1
8550	46515804	210
8550	46515805	11450
8550	46515806	166
8550	46515807	9
8550	46515808	27924
8550	46515809	66
8550	46515810	4781
8550	46515811	36
8550	46515812	136
8550	46515813	348
8550	46515814	1118
8550	46515815	26
8550	46515816	83
8550	46515817	100
8550	46515818	8
8550	46515819	1072
8550	46515820	3
8550	46515821	14995
8550	46515822	5
8550	46515823	3
8550	46515824	9366
8550	46515825	1
8550	46515826	187
8550	46515827	13125
8550	46515828	6
8550	46515829	40271
8550	46515830	1
8550	46515831	3240
8550	46515832	40
8550	46515833	3
8550	46515834	17286
8550	46515835	77
8550	46515836	1
8550	46515837	73
8550	46515838	143
8550	46515839	13872
8550	46515840	7
8550	46515841	189
8550	46515842	4383
8550	46515843	912
8550	46515844	1
8550	46515845	55
8550	46515846	3842
8550	46515847	3463
8550	46515848	5928
8550	46515849	7
8550	46515850	3303
8550	46515851	85
8550	46515852	83
8550	46515853	312
8550	46515854	64
8550	46515855	43
8550	46515856	22
8550	46515857	5670
8550	46515858	1
8550	46515859	65
8550	46515860	223
8550	46515861	8
8550	46515862	180
8550	46515863	6
8550	46515864	3
8550	46515865	1965
8550	46515866	26
8550	46515867	6
8550	46515868	29
8550	46515869	73
8550	46515870	22
8550	46515871	3
8550	46515872	1406
8550	46515873	6
8550	46515874	7
8550	46515875	2238
8550	46515876	51
8550	46515877	22
8550	46515878	983
8550	46515879	9
8550	46515880	9644
8550	46515881	3
8550	46515882	705
8550	46515883	6
8550	46515884	64
8550	46515885	180038
8550	46515886	23
8550	46515887	45209
8550	46515888	2
8550	46515889	3707
8550	46515890	43925
8550	46515891	78
8550	46515892	1006
8550	46515893	79
8550	46515894	21547
8550	46515895	1
8550	46515896	65060
8550	46515897	23
8550	46515898	16439
8550	46515899	2
8550	46515900	4741
8550	46515901	278354
8550	46515902	8
8550	46515903	4356
8550	46515904	15
8550	46515905	3
8550	46515906	997
8550	46515907	6
8550	46515908	43
8550	46515909	18473
8550	46515910	20583
8550	46515911	1
8550	46515912	1882
8550	46515913	1
8550	46515914	16469
8550	46515915	38
8550	46515916	189
8550	46515917	265
8550	46515918	475
8550	46515919	15
8550	46515920	3
8550	46515921	403
8550	46515922	234
8550	46515923	23
8550	46515924	2007
8550	46515925	8
8550	46515926	495
8550	46515927	6
8550	46515928	7
8550	46515929	279
8550	46515930	10503
8550	46515931	1
8550	46515932	60
8550	46515933	7
8550	46515934	3008
8550	46515935	60861
8550	46515936	7775
8550	46515937	1
8550	46515938	60
8550	46515939	7
8550	46515940	35050
8550	46515941	36
8550	46515942	11220
8550	46515943	106909
8550	46515944	19
8550	46515945	88
8550	46515946	241
8550	46515947	26
8550	46515948	8
8550	46515949	80
8550	46515950	24
8550	46515951	5232
8550	46515952	179
8550	46515953	6548
8550	46515954	107799
8550	46515955	107799
8550	46515956	107799
8550	46515957	107799
8550	46515958	107799
8550	46515959	107799
8550	46515960	107799
8550	46515961	107799
8550	46515962	107799
8550	46515963	107799
8550	46515964	675
8550	46515965	13
8550	46515966	7966
8550	46515967	17
8550	46515968	3956
8550	46515969	85
8550	46515970	38
8550	46515971	8
8550	46515972	80
8550	46515973	34017
8550	46515974	26
8550	46515975	8
8550	46515976	80
8550	46515977	24739
8550	46515978	1138
8550	46515979	137
8550	46515980	13868
8550	46515981	15
8550	46515982	114
8550	46515983	2272
8550	46515984	26
8550	46515985	7
8550	46515986	2874
8550	46515987	137
8550	46515988	12310
8550	46515989	6
8550	46515990	114
8550	46515991	9493
8550	46515992	2
8550	46515993	60
8550	46515994	2273
8550	46515995	22
8550	46515996	2800
8550	46515997	88
8550	46515998	556
8550	46515999	26
8550	46516000	14
8550	46516001	22
8550	46516002	439
8550	46516003	88
8550	46516004	556
8550	46516005	26
8550	46516006	83
8550	46516007	12054
8550	46516008	23
8550	46516009	83
8550	46516010	8
8550	46516011	80
8550	46516012	15314
8550	46516013	94
8550	46516014	7
8550	46516015	230
8550	46516016	302
8550	46516017	60
8550	46516018	78
8550	46516019	4164
8550	46516020	11
8550	46516021	3
8550	46516022	12506
8550	46516023	79
8550	46516024	179500
8550	46516025	2
8550	46516026	3707
8550	46516027	43925
8550	46516028	2509
8550	46516029	21
8550	46516030	3046
8550	46516031	53
8550	46516032	2
8550	46516033	78
8550	46516034	1006
8550	46516035	79
8550	46516036	44805
8550	46516037	2
8550	46516038	99935
8550	46516039	78
8550	46516040	1006
8550	46516041	1
8550	46516042	12913
8550	46516043	79
8550	46516044	52760
8550	46516045	1
8550	46516046	147374
8550	46516047	26
8550	46516048	203
8550	46516049	6
8550	46516050	13
8550	46516051	229
8550	46516052	2
8550	46516053	16439
8550	46516054	2
8550	46516055	4741
8550	46516056	78
8550	46516057	373
8550	46516058	616
8550	46516059	3
8550	46516060	238
8550	46516061	79
8550	46516062	52
8550	46516063	22
8550	46516064	1
8550	46516065	1221
8550	46516066	1
8550	46516067	3524
8550	46516068	18439
8550	46516069	25
8550	46516070	43
8550	46516071	28640
8550	46516072	4990
8550	46516073	22
8550	46516074	2043
8550	46516075	1
8550	46516076	2346
8550	46516077	263
8550	46516078	3
8550	46516079	2901
8550	46516080	6
8550	46516081	11684
8550	46516082	1
8550	46516083	5
8550	46516084	99
8550	46516085	27844
8550	46516086	3
8550	46516087	10041
8550	46516088	6
8550	46516089	13954
8550	46516090	40
8550	46516091	118
8550	46516092	13868
8550	46516093	5341
8550	46516094	2
8550	46516095	45209
8550	46516096	2
8550	46516097	3707
8550	46516098	43925
8550	46516099	341
8550	46516100	10525
8550	46516101	15
8550	46516102	3
8550	46516103	1367
8550	46516104	85
8550	46516105	24
8550	46516106	375
8550	46516107	12
8550	46516108	99
8550	46516109	478
8550	46516110	50
8550	46516111	1567
8550	46516112	9
8550	46516113	5030
8550	46516114	149
8550	46516115	2
8550	46516116	16439
8550	46516117	2
8550	46516118	4741
8550	46516119	78
8550	46516120	11
8550	46516121	28
8550	46516122	142
8550	46516123	622
8550	46516124	79
8550	46516125	37
8550	46516126	264
8550	46516127	27
8550	46516128	5030
8550	46516129	149
8550	46516130	1
8550	46516131	35
8550	46516132	1599
8550	46516133	2
8550	46516134	60
8550	46516135	67
8550	46516136	1010
8550	46516137	263
8550	46516138	3
8550	46516139	11741
8550	46516140	11765
8550	46516141	73
8550	46516142	12734
8550	46516143	29
8550	46516144	247
8550	46516145	44805
8550	46516146	2
8550	46516147	99935
8550	46516148	78
8550	46516149	1006
8550	46516150	79
8550	46516151	1745
8550	46516152	23
8550	46516153	363
8550	46516154	133199
8550	46516155	107799
8550	46516156	107799
8550	46516157	107799
8550	46516158	107799
8550	46516159	107799
8550	46516160	107799
8550	46516161	107799
8550	46516162	107799
8550	46516163	107799
8550	46516164	107799
8550	46516165	2
8550	46516166	44805
8550	46516167	2
8550	46516168	99935
8550	46516169	8783
8550	46516170	429
8550	46516171	4741
8550	46516172	60
8550	46516173	16439
8550	46516174	2
8550	46516175	4741
8550	46516176	37
8550	46516177	18
8550	46516178	1221
8550	46516179	665
8550	46516180	30
8550	46516181	4321
8550	46516182	83
8550	46516183	44805
8550	46516184	2
8550	46516185	99935
8550	46516186	3872
8550	46516187	2
8550	46516188	78
8550	46516189	4243
8550	46516190	9
8550	46516191	134
8550	46516192	79
8550	46516193	16439
8550	46516194	2
8550	46516195	4741
8550	46516196	67
8550	46516197	10034
8550	46516198	11324
8550	46516199	2
8550	46516200	44805
8550	46516201	2
8550	46516202	99935
8550	46516203	78
8550	46516204	1006
8550	46516205	79
8550	46516206	1745
8550	46516207	13
8550	46516208	110
8550	46516209	135722
8550	46516210	23
8550	46516211	45209
8550	46516212	2
8550	46516213	3707
8550	46516214	43925
8550	46516215	1041
8550	46516216	7419
8550	46516217	22
8550	46516218	3
8550	46516219	244
8550	46516220	85
8550	46516221	3
8550	46516222	76
8550	46516223	7100
8550	46516224	36
8550	46516225	1467
8550	46516226	131
8550	46516227	1221
8550	46516228	6234
8550	46516229	108
8550	46516230	46
8550	46516231	6
8550	46516232	3
8550	46516233	4990
8550	46516234	2
8550	46516235	44805
8550	46516236	2
8550	46516237	69737
8550	46516238	5566
8550	46516239	23
8550	46516240	104
8550	46516241	46
8550	46516242	48
8550	46516243	64
8550	46516244	1
8550	46516245	69
8550	46516246	9091
8550	46516247	4410
8550	46516248	297
8550	46516249	528
8550	46516250	849
8550	46516251	2585
8550	46516252	660
8550	46516253	2
8550	46516254	237
8550	46516255	1026
8550	46516256	14
8550	46516257	639
8550	46516258	22
8550	46516259	9
8550	46516260	1490
8550	46516261	16
8550	46516262	9366
8550	46516263	85
8550	46516264	38
8550	46516265	1
8550	46516266	47
8550	46516267	8
8550	46516268	70
8550	46516269	776
8550	46516270	1
8550	46516271	288
8550	46516272	19623
8550	46516273	570
8550	46516274	35
8550	46516275	2146
8550	46516276	1
8550	46516277	5
8550	46516278	567
8550	46516279	34
8550	46516280	7134
8550	46516281	2
8550	46516282	78
8550	46516283	983
8550	46516284	9
8550	46516285	2506
8550	46516286	242
8550	46516287	16
8550	46516288	2146
8550	46516289	85
8550	46516290	3
8550	46516291	1962
8550	46516292	25221
8550	46516293	29
8550	46516294	79
8550	46516295	16439
8550	46516296	2
8550	46516297	4741
8550	46516298	14716
8550	46516299	98
8550	46516300	1
8550	46516301	3454
8550	46516302	54701
8550	46516303	1
8550	46516304	92
8550	46516305	104
8550	46516306	3
8550	46516307	4990
8550	46516308	22
8550	46516309	98061
8550	46516310	1
8550	46516311	3
8550	46516312	7100
8550	46516313	22
8550	46516314	9
8550	46516315	30
8550	46516316	10034
8550	46516317	2
8550	46516318	30486
8550	46516319	2
8550	46516320	42679
8550	46516321	78
8550	46516322	11
8550	46516323	7
8550	46516324	7592
8550	46516325	731
8550	46516326	79
8550	46516327	2950
8550	46516328	309
8550	46516329	6
8550	46516330	43
8550	46516331	85
8550	46516332	121
8550	46516333	639
8550	46516334	9
8550	46516335	30
8550	46516336	7
8550	46516337	1518
8550	46516338	14689
8550	46516339	6
8550	46516340	3
8550	46516341	2176
8550	46516342	1077
8550	46516343	6
8550	46516344	114
8550	46516345	312214
8550	46516346	2
8550	46516347	45209
8550	46516348	2
8550	46516349	3707
8550	46516350	43925
8550	46516351	78
8550	46516352	1006
8550	46516353	15
8550	46516354	72199
8550	46516355	79
8550	46516356	107799
8550	46516357	107799
8550	46516358	107799
8550	46516359	107799
8550	46516360	107799
8550	46516361	107799
8550	46516362	107799
8550	46516363	107799
8550	46516364	107799
8550	46516365	107799
8550	46516366	19
8550	46516367	38884
8550	46516368	2
8550	46516369	3707
8550	46516370	72199
8550	46516371	391
8550	46516372	14
8550	46516373	34025
8550	46516374	19
8550	46516375	45209
8550	46516376	2
8550	46516377	3707
8550	46516378	43925
8550	46516379	71
8550	46516380	223
8550	46516381	111
8550	46516382	2062
8550	46516383	2
8550	46516384	30486
8550	46516385	2
8550	46516386	25795
8550	46516387	31
8550	46516388	24410
8550	46516389	6245
8550	46516390	99
8550	46516391	422
8550	46516392	6
8550	46516393	65
8550	46516394	12
8550	46516395	22
8550	46516396	13043
8550	46516397	85
8550	46516398	54
8550	46516399	2142
8550	46516400	16
8550	46516401	935
8550	46516402	2
8550	46516403	10480
8550	46516404	2
8550	46516405	6245
8550	46516406	8
8550	46516407	61
8550	46516408	24
8550	46516409	3823
8550	46516410	3
8550	46516411	2335
8550	46516412	13376
8550	46516413	239
8550	46516414	34
8550	46516415	85
8550	46516416	83
8550	46516417	44805
8550	46516418	2
8550	46516419	99935
8550	46516420	78
8550	46516421	1006
8550	46516422	79
8550	46516423	1745
8550	46516424	1
8550	46516425	3
8550	46516426	1776
8550	46516427	1
8550	46516428	3
8550	46516429	1776
8550	46516430	23
8550	46516431	10480
8550	46516432	2
8550	46516433	6245
8550	46516434	75
8550	46516435	8
8550	46516436	12179
8550	46516437	6
8550	46516438	64
8550	46516439	187
8550	46516440	73
8550	46516441	6560
8550	46516442	3
8550	46516443	429
8550	46516444	58341
8550	46516445	1
8550	46516446	642
8550	46516447	14
8550	46516448	30
8550	46516449	618
8550	46516450	20
8550	46516451	7
8550	46516452	1714
8550	46516453	73
8550	46516454	22
8550	46516455	726
8550	46516456	49
8550	46516457	1
8550	46516458	9
8550	46516459	3313
8550	46516460	15
8550	46516461	3
8550	46516462	1035
8550	46516463	1553426
8550	46516464	6
8550	46516465	598
8550	46516466	26
8550	46516467	5
8550	46516468	642
8550	46516469	3
8550	46516470	4757
8550	46516471	6
8550	46516472	7
8550	46516473	11934
8550	46516474	4007
8550	46516475	45
8550	46516476	282
8550	46516477	1
8550	46516478	635
8550	46516479	24
8550	46516480	9
8550	46516481	8767
8550	46516482	28
8550	46516483	32630
8550	46516484	2
8550	46516485	45209
8550	46516486	2
8550	46516487	3707
8550	46516488	43925
8550	46516489	78
8550	46516490	1006
8550	46516491	79
8550	46516492	8783
8550	46516493	23
8550	46516494	38884
8550	46516495	2
8550	46516496	3707
8550	46516497	72199
8550	46516498	78
8550	46516499	1006
8550	46516500	79
8550	46516501	31
8550	46516502	818
8550	46516503	23
8550	46516504	44805
8550	46516505	2
8550	46516506	99935
8550	46516507	78
8550	46516508	1006
8550	46516509	1
8550	46516510	5443
8550	46516511	16
8550	46516512	215
8550	46516513	79
8550	46516514	1316
8550	46516515	265
8550	46516516	1
8550	46516517	1026
8550	46516518	6
8550	46516519	1123
8550	46516520	2
8550	46516521	16439
8550	46516522	2
8550	46516523	4741
8550	46516524	78
8550	46516525	36251
8550	46516526	79
8550	46516527	1201
8550	46516528	553
8550	46516529	7166
8550	46516530	1
8550	46516531	1762
8550	46516532	23
8550	46516533	7586
8550	46516534	6367
8550	46516535	436
8550	46516536	3257
8550	46516537	96
8550	46516538	50
8550	46516539	6230
8550	46516540	20
8550	46516541	64
8550	46516542	3501
8550	46516543	6
8550	46516544	144847
8550	46516545	2
8550	46516546	8
8550	46516547	6631
8550	46516548	3
8550	46516549	1367
8550	46516550	22
8550	46516551	6
8550	46516552	35
8550	46516553	1430
8550	46516554	2
8550	46516555	78
8550	46516556	3
8550	46516557	107799
8550	46516558	107799
8550	46516559	107799
8550	46516560	107799
8550	46516561	107799
8550	46516562	107799
8550	46516563	107799
8550	46516564	107799
8550	46516565	107799
8550	46516566	107799
8550	46516567	15
8550	46516568	72199
8550	46516569	79
8550	46516570	75
8550	46516571	964
8550	46516572	35
8550	46516573	563
8550	46516574	2
8550	46516575	30486
8550	46516576	2
8550	46516577	25795
8550	46516578	8
8550	46516579	5974
8550	46516580	17
8550	46516581	3
8550	46516582	32203
8550	46516583	2
8550	46516584	31
8550	46516585	24410
8550	46516586	36
8550	46516587	1506
8550	46516588	1
8550	46516589	1448
8550	46516590	314
8550	46516591	2460
8550	46516592	3227
8550	46516593	1
8550	46516594	22
8550	46516595	273
8550	46516596	618
8550	46516597	1
8550	46516598	278
8550	46516599	12516
8550	46516600	96
8550	46516601	16
8550	46516602	2554
8550	46516603	2975
8550	46516604	2
8550	46516605	38884
8550	46516606	2
8550	46516607	3707
8550	46516608	72199
8550	46516609	78
8550	46516610	15
8550	46516611	43925
8550	46516612	1
8550	46516613	73
8550	46516614	458
8550	46516615	5331
8550	46516616	79
8550	46516617	391
8550	46516618	21
8550	46516619	4666
8550	46516620	172
8550	46516621	19
8550	46516622	45209
8550	46516623	2
8550	46516624	3707
8550	46516625	43925
8550	46516626	78
8550	46516627	17
8550	46516628	4458
8550	46516629	79
8550	46516630	2529
8550	46516631	2
8550	46516632	16439
8550	46516633	2
8550	46516634	4741
8550	46516635	14716
8550	46516636	98
8550	46516637	1
8550	46516638	25
8550	46516639	3
8550	46516640	1965
8550	46516641	99
8550	46516642	203
8550	46516643	9
8550	46516644	180
8550	46516645	20
8550	46516646	149
8550	46516647	247
8550	46516648	17627
8550	46516649	143
8550	46516650	3926
8550	46516651	1
8550	46516652	84
8550	46516653	1
8550	46516654	9
8550	46516655	4965
8550	46516656	15
8550	46516657	2908
8550	46516658	2
8550	46516659	45209
8550	46516660	2
8550	46516661	3707
8550	46516662	43925
8550	46516663	25670
8550	46516664	34
8550	46516665	85
8550	46516666	2346
8550	46516667	263
8550	46516668	3
8550	46516669	31288
8550	46516670	1
8550	46516671	104
8550	46516672	15
8550	46516673	82
8550	46516674	6
8550	46516675	122
8550	46516676	1200
8550	46516677	899690
8550	46516678	3
8550	46516679	24410
8550	46516680	8365
8550	46516681	11
8550	46516682	7
8550	46516683	622
8550	46516684	26713
8550	46516685	1526
8550	46516686	45
8550	46516687	3
8550	46516688	1367
8550	46516689	1
8550	46516690	12
8550	46516691	22
8550	46516692	172
8550	46516693	119765
8550	46516694	2
8550	46516695	60
8550	46516696	8
8550	46516697	21448
8550	46516698	3
8550	46516699	1200
8550	46516700	2
8550	46516701	78
8550	46516702	3166
8550	46516703	62
8550	46516704	5
8550	46516705	6897
8550	46516706	7
8550	46516707	614
8550	46516708	33
8550	46516709	3
8550	46516710	32203
8550	46516711	36
8550	46516712	328
8550	46516713	79
8550	46516714	44805
8550	46516715	2
8550	46516716	99935
8550	46516717	78
8550	46516718	15
8550	46516719	6245
8550	46516720	79
8550	46516721	268
8550	46516722	1
8550	46516723	23901
8550	46516724	1
8550	46516725	20
8550	46516726	3
8550	46516727	320
8550	46516728	6
8550	46516729	64
8550	46516730	3
8550	46516731	7246
8550	46516732	1
8550	46516733	27021
8550	46516734	62
8550	46516735	64
8550	46516736	3
8550	46516737	141
8550	46516738	3661
8550	46516739	13
8550	46516740	70
8550	46516741	2
8550	46516742	30486
8550	46516743	2
8550	46516744	25795
8550	46516745	31
8550	46516746	1367
8550	46516747	37518
8550	46516748	3
8550	46516749	38892
8550	46516750	11
8550	46516751	35
8550	46516752	1599
8550	46516753	20502
8550	46516754	48
8550	46516755	21924
8550	46516756	3
8550	46516757	1200
8550	46516758	107799
8550	46516759	107799
8550	46516760	107799
8550	46516761	107799
8550	46516762	107799
8550	46516763	107799
8550	46516764	107799
8550	46516765	107799
8550	46516766	107799
8550	46516767	107799
8550	46516768	3
8550	46516769	1965
8550	46516770	2
8550	46516771	45209
8550	46516772	2
8550	46516773	3707
8550	46516774	43925
8550	46516775	78
8550	46516776	15
8550	46516777	72199
8550	46516778	79
8550	46516779	71
8550	46516780	281
8550	46516781	19
8550	46516782	354
8550	46516783	26642
8550	46516784	332
8550	46516785	3
8550	46516786	1965
8550	46516787	2
8550	46516788	30486
8550	46516789	2
8550	46516790	42679
8550	46516791	92801
8550	46516792	3
8550	46516793	152
8550	46516794	582
8550	46516795	2
8550	46516796	16439
8550	46516797	2
8550	46516798	4741
8550	46516799	4
8550	46516800	1482
8550	46516801	6
8550	46516802	3
8550	46516803	122
8550	46516804	17039
8550	46516805	22
8550	46516806	3
8550	46516807	278
8550	46516808	1094
8550	46516809	19
8550	46516810	4
8550	46516811	78
8550	46516812	6245
8550	46516813	6349
8550	46516814	79
8550	46516815	44805
8550	46516816	2
8550	46516817	133199
8550	46516818	20470
8550	46516819	1
8550	46516820	23901
8550	46516821	1
8550	46516822	61
8550	46516823	27
8550	46516824	200
8550	46516825	14
8550	46516826	137
8550	46516827	2857
8550	46516828	85
8550	46516829	104
8550	46516830	13
8550	46516831	61
8550	46516832	27
8550	46516833	5985
8550	46516834	69
8550	46516835	9366
8550	46516836	1
8550	46516837	8586
8550	46516838	6
8550	46516839	35
8550	46516840	796
8550	46516841	2
8550	46516842	16439
8550	46516843	2
8550	46516844	4741
8550	46516845	4
8550	46516846	1482
8550	46516847	6
8550	46516848	3
8550	46516849	122
8550	46516850	17039
8550	46516851	22
8550	46516852	3
8550	46516853	278
8550	46516854	1094
8550	46516855	19
8550	46516856	4
8550	46516857	10480
8550	46516858	2
8550	46516859	6245
8550	46516860	1201
8550	46516861	4320
8550	46516862	77
8550	46516863	44
8550	46516864	180
8550	46516865	1
8550	46516866	60
8550	46516867	3
8550	46516868	8961
8550	46516869	85
8550	46516870	7
8550	46516871	3886
8550	46516872	197
8550	46516873	44
8550	46516874	213
8550	46516875	60
8550	46516876	3
8550	46516877	15236
8550	46516878	2
8550	46516879	45209
8550	46516880	2
8550	46516881	3707
8550	46516882	43925
8550	46516883	78
8550	46516884	15
8550	46516885	72199
8550	46516886	79
8550	46516887	109
8550	46516888	343
8550	46516889	13
8550	46516890	15
8550	46516891	46
8550	46516892	19
8550	46516893	88
8550	46516894	78
8550	46516895	15
8550	46516896	3
8550	46516897	1367
8550	46516898	79
8550	46516899	31
8550	46516900	935
8550	46516901	2183
8550	46516902	9
8550	46516903	30
8550	46516904	24751
8550	46516905	19
8550	46516906	16439
8550	46516907	2
8550	46516908	4741
8550	46516909	183247
8550	46516910	23
8550	46516911	14
8550	46516912	48
8550	46516913	3420
8550	46516914	2
8550	46516915	9333
8550	46516916	6595
8550	46516917	2
8550	46516918	8
8550	46516919	157
8550	46516920	86
8550	46516921	1595
8550	46516922	1
8550	46516923	8
8550	46516924	6631
8550	46516925	26
8550	46516926	5
8550	46516927	229
8550	46516928	1
8550	46516929	5539
8550	46516930	15
8550	46516931	3025
8550	46516932	1
8550	46516933	8
8550	46516934	61
8550	46516935	24
8550	46516936	40729
8550	46516937	3
8550	46516938	164
8550	46516939	2272
8550	46516940	7
8550	46516941	3747
8550	46516942	2
8550	46516943	391
8550	46516944	121
8550	46516945	7
8550	46516946	3886
8550	46516947	197
8550	46516948	102
8550	46516949	73
8550	46516950	1385
8550	46516951	7771
8550	46516952	19
8550	46516953	78
8550	46516954	283
8550	46516955	2825
8550	46516956	3
8550	46516957	1367
8550	46516958	2
8550	46516959	107799
8550	46516960	107799
8550	46516961	107799
8550	46516962	107799
8550	46516963	107799
8550	46516964	107799
8550	46516965	107799
8550	46516966	107799
8550	46516967	107799
8550	46516968	107799
8550	46516969	72686
8550	46516970	79
8550	46516971	44805
8550	46516972	2
8550	46516973	133199
8550	46516974	205
8550	46516975	1
8550	46516976	8
8550	46516977	119
8550	46516978	270
8550	46516979	2
8550	46516980	8
8550	46516981	223
8550	46516982	30
8550	46516983	30928
8550	46516984	1416
8550	46516985	20
8550	46516986	69
8550	46516987	5117
8550	46516988	6
8550	46516989	3661
8550	46516990	2
8550	46516991	45209
8550	46516992	2
8550	46516993	3707
8550	46516994	43925
8550	46516995	2528
8550	46516996	24
8550	46516997	35
8550	46516998	563
8550	46516999	17035
8550	46517000	46
8550	46517001	110
8550	46517002	810181
8550	46517003	23
8550	46517004	38884
8550	46517005	2
8550	46517006	3707
8550	46517007	72199
8550	46517008	241
8550	46517009	26
8550	46517010	5
8550	46517011	35
8550	46517012	440
8550	46517013	80
8550	46517014	30
8550	46517015	12852
8550	46517016	53176
8550	46517017	45
8550	46517018	69
8550	46517019	597812
8550	46517020	2
8550	46517021	30486
8550	46517022	2
8550	46517023	42679
8550	46517024	92801
8550	46517025	3
8550	46517026	8082
8550	46517027	582
8550	46517028	2
8550	46517029	45209
8550	46517030	2
8550	46517031	3707
8550	46517032	43925
8550	46517033	78
8550	46517034	5053
8550	46517035	20336
8550	46517036	79
8550	46517037	109
8550	46517038	1
8550	46517039	3454
8550	46517040	1
8550	46517041	70
8550	46517042	13
8550	46517043	203
8550	46517044	9
8550	46517045	5021
8550	46517046	33
8550	46517047	3
8550	46517048	152
8550	46517049	582
8550	46517050	19
8550	46517051	30486
8550	46517052	2
8550	46517053	25795
8550	46517054	975
8550	46517055	2
8550	46517056	45209
8550	46517057	2
8550	46517058	3707
8550	46517059	43925
8550	46517060	67
8550	46517061	13
8550	46517062	243
8550	46517063	3
8550	46517064	935
8550	46517065	10
8550	46517066	4196
8550	46517067	19
8550	46517068	30486
8550	46517069	2
8550	46517070	25795
8550	46517071	31
8550	46517072	1367
8550	46517073	70
8550	46517074	2703
8550	46517075	2
8550	46517076	88
8550	46517077	84928
8550	46517078	3
8550	46517079	1119
8550	46517080	582
8550	46517081	2
8550	46517082	38884
8550	46517083	2
8550	46517084	3707
8550	46517085	72199
8550	46517086	78
8550	46517087	15
8550	46517088	43925
8550	46517089	1
8550	46517090	73
8550	46517091	22
8550	46517092	11
8550	46517093	41644
8550	46517094	79
8550	46517095	57
8550	46517096	18196
8550	46517097	265
8550	46517098	2
8550	46517099	16439
8550	46517100	2
8550	46517101	4741
8550	46517102	4
8550	46517103	1482
8550	46517104	1421
8550	46517105	6
8550	46517106	150
8550	46517107	22
8550	46517108	321
8550	46517109	16776
8550	46517110	15
8550	46517111	3
8550	46517112	1863
8550	46517113	6
8550	46517114	7
8550	46517115	8961
8550	46517116	19
8550	46517117	4
8550	46517118	10480
8550	46517119	2
8550	46517120	6245
8550	46517121	52
8550	46517122	22
8550	46517123	3
8550	46517124	2035
8550	46517125	1863
8550	46517126	6
8550	46517127	7
8550	46517128	3790
8550	46517129	9
8550	46517130	11064
8550	46517131	26
8550	46517132	5
8550	46517133	392
8550	46517134	38612
8550	46517135	3745
8550	46517136	143
8550	46517137	85
8550	46517138	11
8550	46517139	188
8550	46517140	164
8550	46517141	864
8550	46517142	1
8550	46517143	77
8550	46517144	20495
8550	46517145	3
8550	46517146	10741
8550	46517147	2
8550	46517148	45209
8550	46517149	2
8550	46517150	3707
8550	46517151	43925
8550	46517152	201
8550	46517153	87
8550	46517154	1
8550	46517155	170
8550	46517156	511
8550	46517157	1
8550	46517158	3
8550	46517159	1367
8550	46517160	107799
8550	46517161	107799
8550	46517162	107799
8550	46517163	107799
8550	46517164	107799
8550	46517165	107799
8550	46517166	107799
8550	46517167	107799
8550	46517168	107799
8550	46517169	107799
8550	46517170	2
8550	46517171	4741
8550	46517172	31
8550	46517173	935
8550	46517174	99
8550	46517175	24
8550	46517176	1177
8550	46517177	602
8550	46517178	2
8550	46517179	334873
8550	46517180	1
8550	46517181	588
8550	46517182	23
8550	46517183	65
8550	46517184	197
8550	46517185	6
8550	46517186	682
8550	46517187	44
8550	46517188	8242
8550	46517189	15
8550	46517190	7
8550	46517191	77
8550	46517192	11
8550	46517193	113
8550	46517194	13169
8550	46517195	19
8550	46517196	45209
8550	46517197	2
8550	46517198	3707
8550	46517199	43925
8550	46517200	78
8550	46517201	11
8550	46517202	7
8550	46517203	2208
8550	46517204	79
8550	46517205	71
8550	46517206	1
8550	46517207	3454
8550	46517208	1
8550	46517209	13
8550	46517210	83
8550	46517211	216
8550	46517212	13
8550	46517213	1071
8550	46517214	930
8550	46517215	214
8550	46517216	497
8550	46517217	19
8550	46517218	216
8550	46517219	13
8550	46517220	1071
8550	46517221	1056
8550	46517222	10358
8550	46517223	19
8550	46517224	16439
8550	46517225	2
8550	46517226	4741
8550	46517227	78
8550	46517228	558019
8550	46517229	17
8550	46517230	1413
8550	46517231	79
8550	46517232	10358
8550	46517233	10
8550	46517234	7
8550	46517235	5162
8550	46517236	2
8550	46517237	45209
8550	46517238	2
8550	46517239	3707
8550	46517240	43925
8550	46517241	71
8550	46517242	50611
8550	46517243	14450
8550	46517244	4354
8550	46517245	13550
8550	46517246	20
8550	46517247	46
8550	46517248	26
8550	46517249	5
8550	46517250	348
8550	46517251	1118
8550	46517252	416
8550	46517253	2
8550	46517254	78
8550	46517255	25795
8550	46517256	18290
8550	46517257	15
8550	46517258	3
8550	46517259	20534
8550	46517260	79
8550	46517261	29846
8550	46517262	2
8550	46517263	31739
8550	46517264	12213
8550	46517265	23
8550	46517266	30486
8550	46517267	2
8550	46517268	25795
8550	46517269	31
8550	46517270	1367
8550	46517271	80
8550	46517272	24
8550	46517273	3903
8550	46517274	43
8550	46517275	1418
8550	46517276	2
8550	46517277	45209
8550	46517278	2
8550	46517279	3707
8550	46517280	43925
8550	46517281	237
8550	46517282	563
8550	46517283	305
8550	46517284	439
8550	46517285	85
8550	46517286	54
8550	46517287	285
8550	46517288	2441
8550	46517289	1
8550	46517290	5
8550	46517291	24
8550	46517292	9360
8550	46517293	29715
8550	46517294	2
8550	46517295	30486
8550	46517296	2
8550	46517297	42679
8550	46517298	78
8550	46517299	120
8550	46517300	5574
8550	46517301	79
8550	46517302	237
8550	46517303	1599
8550	46517304	20502
8550	46517305	223
8550	46517306	63
8550	46517307	2441
8550	46517308	2
8550	46517309	45209
8550	46517310	2
8550	46517311	3707
8550	46517312	43925
8550	46517313	109
8550	46517314	23
8550	46517315	239
8550	46517316	3
8550	46517317	90358
8550	46517318	6
8550	46517319	3
8550	46517320	935
8550	46517321	19
8550	46517322	30486
8550	46517323	2
8550	46517324	80066
8550	46517325	205
8550	46517326	1
8550	46517327	35
8550	46517328	1599
8550	46517329	2
8550	46517330	45209
8550	46517331	2
8550	46517332	3707
8550	46517333	43925
8550	46517334	8
8550	46517335	19441
8550	46517336	13
8550	46517337	1
8550	46517338	3454
8550	46517339	26
8550	46517340	8
8550	46517341	19441
8550	46517342	69
8550	46517343	7909
8550	46517344	2
8550	46517345	30486
8550	46517346	2
8550	46517347	25795
8550	46517348	482
8550	46517349	2724
8550	46517350	6
8550	46517351	3
8550	46517352	24410
8550	46517353	36
8550	46517354	935
8550	46517355	22
8550	46517356	135268
8550	46517357	26
8550	46517358	599
8550	46517359	14
8550	46517360	22
8550	46517361	107799
8550	46517362	107799
8550	46517363	107799
8550	46517364	107799
8550	46517365	107799
8550	46517366	107799
8550	46517367	107799
8550	46517368	107799
8550	46517369	107799
8550	46517370	107799
8550	46517371	7026
8550	46517372	291
8550	46517373	3
8550	46517374	11674
8550	46517375	2272
8550	46517376	2
8550	46517377	75
8550	46517378	65
8550	46517379	3886
8550	46517380	5
8550	46517381	1802
8550	46517382	197
8550	46517383	44
8550	46517384	17600
8550	46517385	14
8550	46517386	2519
8550	46517387	8372
8550	46517388	9
8550	46517389	12718
8550	46517390	7
8550	46517391	10741
8550	46517392	51
8550	46517393	7781
8550	46517394	1
8550	46517395	227
8550	46517396	1678
8550	46517397	22
8550	46517398	1234
8550	46517399	1
8550	46517400	14001
8550	46517401	19
8550	46517402	241
8550	46517403	26
8550	46517404	227
8550	46517405	1678
8550	46517406	22
8550	46517407	24930
8550	46517408	33
8550	46517409	3
8550	46517410	2272
8550	46517411	9
8550	46517412	629
8550	46517413	148
8550	46517414	2519
8550	46517415	15
8550	46517416	14
8550	46517417	1
8550	46517418	51
8550	46517419	44
8550	46517420	39171
8550	46517421	14
8550	46517422	2
8550	46517423	227
8550	46517424	1677
8550	46517425	22
8550	46517426	17424
8550	46517427	85308
8550	46517428	9
8550	46517429	14976
8550	46517430	148
8550	46517431	13169
8550	46517432	1
8550	46517433	51
8550	46517434	1390
8550	46517435	578
8550	46517436	99
8550	46517437	40950
8550	46517438	26
8550	46517439	11
8550	46517440	51
8550	46517441	7
8550	46517442	3012
8550	46517443	10038
8550	46517444	8868
8550	46517445	33
8550	46517446	197
8550	46517447	85
8550	46517448	148
8550	46517449	13169
8550	46517450	25
8550	46517451	292
8550	46517452	15
8550	46517453	50
8550	46517454	11739
8550	46517455	234
8550	46517456	1
8550	46517457	7
8550	46517458	186717
8550	46517459	5
8550	46517460	8238
8550	46517461	26
8550	46517462	60
8550	46517463	3
8550	46517464	319
8550	46517465	6
8550	46517466	14520
8550	46517467	1
8550	46517468	5
8550	46517469	3
8550	46517470	193
8550	46517471	6
8550	46517472	3
8550	46517473	257661
8550	46517474	2
8550	46517475	38884
8550	46517476	2
8550	46517477	3707
8550	46517478	72199
8550	46517479	78
8550	46517480	15
8550	46517481	43925
8550	46517482	79
8550	46517483	57
8550	46517484	18196
8550	46517485	265
8550	46517486	2
8550	46517487	44805
8550	46517488	2
8550	46517489	69737
8550	46517490	5566
8550	46517491	23
8550	46517492	8
8550	46517493	119
8550	46517494	384
8550	46517495	5
8550	46517496	31841
8550	46517497	23
8550	46517498	45209
8550	46517499	2
8550	46517500	3707
8550	46517501	43925
8550	46517502	78
8550	46517503	11
8550	46517504	7
8550	46517505	2208
8550	46517506	79
8550	46517507	109
8550	46517508	3018
8550	46517509	1
8550	46517510	65
8550	46517511	9893
8550	46517512	14326
8550	46517513	13
8550	46517514	1
8550	46517515	3454
8550	46517516	23
8550	46517517	551
8550	46517518	13
8550	46517519	24
8550	46517520	1
8550	46517521	50
8550	46517522	380
8550	46517523	497
8550	46517524	1
8550	46517525	276
8550	46517526	17
8550	46517527	674
8550	46517528	11
8550	46517529	69
8550	46517530	112
8550	46517531	1
8550	46517532	17997
8550	46517533	20
8550	46517534	3
8550	46517535	1811673
8550	46517536	19
8550	46517537	30486
8550	46517538	2
8550	46517539	42679
8550	46517540	76
8550	46517541	1677
8550	46517542	22
8550	46517543	5212
8550	46517544	8
8550	46517545	68
8550	46517546	26
8550	46517547	38
8550	46517548	69
8550	46517549	7053
8550	46517550	1
8550	46517551	69
8550	46517552	4278
8550	46517553	5869
8550	46517554	70
8550	46517555	17213
8550	46517556	35
8550	46517557	211
8550	46517558	2
8550	46517559	78
8550	46517560	21
8550	46517561	5653
8550	46517562	107799
8550	46517563	107799
8550	46517564	107799
8550	46517565	107799
8550	46517566	107799
8550	46517567	107799
8550	46517568	107799
8550	46517569	107799
8550	46517570	107799
8550	46517571	107799
8550	46517572	270
8550	46517573	9
8550	46517574	115
8550	46517575	19
8550	46517576	30486
8550	46517577	2
8550	46517578	25795
8550	46517579	462
8550	46517580	14621
8550	46517581	2908
8550	46517582	33
8550	46517583	3
8550	46517584	77
8550	46517585	73
8550	46517586	99
8550	46517587	191
8550	46517588	14724
8550	46517589	13
8550	46517590	2
8550	46517591	45209
8550	46517592	2
8550	46517593	3707
8550	46517594	43925
8550	46517595	8
8550	46517596	9419
8550	46517597	13
8550	46517598	1
8550	46517599	3454
8550	46517600	1
8550	46517601	9
8550	46517602	14621
8550	46517603	2908
8550	46517604	2
8550	46517605	30486
8550	46517606	2
8550	46517607	42679
8550	46517608	78
8550	46517609	120
8550	46517610	4629
8550	46517611	79
8550	46517612	237
8550	46517613	1599
8550	46517614	1
8550	46517615	35
8550	46517616	908
8550	46517617	257
8550	46517618	7
8550	46517619	2640
8550	46517620	22
8550	46517621	29146
8550	46517622	2
8550	46517623	60
8550	46517624	6270
8550	46517625	3
8550	46517626	16661
8550	46517627	817
8550	46517628	730
8550	46517629	1
8550	46517630	5
8550	46517631	1583
8550	46517632	15
8550	46517633	16
8550	46517634	2908
8550	46517635	2
8550	46517636	78
8550	46517637	270116
8550	46517638	5
8550	46517639	72199
8550	46517640	5148
8550	46517641	578697
8550	46517642	1
8550	46517643	6245
8550	46517644	2169
8550	46517645	485
8550	46517646	79
8550	46517647	305901
8550	46517648	2
8550	46517649	42679
8550	46517650	78
8550	46517651	314
8550	46517652	7
8550	46517653	1434
8550	46517654	79
8550	46517655	6245
8550	46517656	1
8550	46517657	410
8550	46517658	440
8550	46517659	1
8550	46517660	5
8550	46517661	5976
8550	46517662	6
8550	46517663	3
8550	46517664	480
8550	46517665	11
8550	46517666	377
8550	46517667	6
8550	46517668	35
8550	46517669	321
8550	46517670	43470
8550	46517671	186
8550	46517672	1
8550	46517673	3707
8550	46517674	72199
8550	46517675	83
8550	46517676	218234
8550	46517677	2
8550	46517678	3707
8550	46517679	43925
8550	46517680	350
8550	46517681	23
8550	46517682	65
8550	46517683	23
8550	46517684	38884
8550	46517685	2
8550	46517686	3707
8550	46517687	72199
8550	46517688	350
8550	46517689	23
8550	46517690	65
8550	46517691	23
8550	46517692	30486
8550	46517693	2
8550	46517694	80066
8550	46517695	71
8550	46517696	59
8550	46517697	15391
8550	46517698	9
8550	46517699	2310
8550	46517700	5
8550	46517701	994
8550	46517702	20
8550	46517703	150
8550	46517704	1
8550	46517705	43
8550	46517706	136
8550	46517707	1
8550	46517708	18360
8550	46517709	15
8550	46517710	3
8550	46517711	30867
8550	46517712	6
8550	46517713	320
8550	46517714	1
8550	46517715	5
8550	46517716	3
8550	46517717	2832
8550	46517718	6
8550	46517719	676
8550	46517720	114
8550	46517721	4031
8550	46517722	1
8550	46517723	40
8550	46517724	114
8550	46517725	10541
8550	46517726	2
8550	46517727	44805
8550	46517728	2
8550	46517729	69737
8550	46517730	4992
8550	46517731	763
8550	46517732	2640
8550	46517733	23
8550	46517734	5566
8550	46517735	553
8550	46517736	2908
8550	46517737	23
8550	46517738	60
8550	46517739	646
8550	46517740	48
8550	46517741	11357
8550	46517742	19
8550	46517743	78
8550	46517744	12964
8550	46517745	30871
8550	46517746	26
8550	46517747	6245
8550	46517748	14954
8550	46517749	15
8550	46517750	20336
8550	46517751	85
8550	46517752	43925
8550	46517753	5
8550	46517754	72199
8550	46517755	59
8550	46517756	73761
8550	46517757	2
8550	46517758	6245
8550	46517759	4027
8550	46517760	58341
8550	46517761	15
8550	46517762	43925
8550	46517763	107799
8550	46517764	107799
8550	46517765	107799
8550	46517766	107799
8550	46517767	107799
8550	46517768	107799
8550	46517769	107799
8550	46517770	107799
8550	46517771	107799
8550	46517772	107799
8550	46517773	1706
8550	46517774	69
8550	46517775	5513
8550	46517776	1
8550	46517777	45
8550	46517778	7
8550	46517779	537
8550	46517780	8
8550	46517781	6016
8550	46517782	6245
8550	46517783	6
8550	46517784	14
8550	46517785	2
8550	46517786	17272
8550	46517787	25
8550	46517788	8
8550	46517789	70
8550	46517790	703
8550	46517791	3785
8550	46517792	17
8550	46517793	69
8550	46517794	2591
8550	46517795	2
8550	46517796	45209
8550	46517797	2
8550	46517798	3707
8550	46517799	43925
8550	46517800	17272
8550	46517801	1
8550	46517802	31556
8550	46517803	23
8550	46517804	88
8550	46517805	44123
8550	46517806	8
8550	46517807	119
8550	46517808	1224
8550	46517809	17
8550	46517810	892
8550	46517811	23
8550	46517812	60
8550	46517813	8179
8550	46517814	34
8550	46517815	1
8550	46517816	504
8550	46517817	13044
8550	46517818	14990
8550	46517819	2
8550	46517820	1002
8550	46517821	1
8550	46517822	6245
8550	46517823	1
8550	46517824	570
8550	46517825	49
8550	46517826	2
8550	46517827	83
8550	46517828	1219476
8550	46517829	23
8550	46517830	8
8550	46517831	1712
8550	46517832	85
8550	46517833	54
8550	46517834	131
8550	46517835	152
8550	46517836	63
8550	46517837	69
8550	46517838	186
8550	46517839	36
8550	46517840	5269
8550	46517841	88
8550	46517842	9487
8550	46517843	1
8550	46517844	72199
8550	46517845	1
8550	46517846	893
8550	46517847	80
8550	46517848	30
8550	46517849	176
8550	46517850	27194
8550	46517851	85
8550	46517852	4509
8550	46517853	69
8550	46517854	440
8550	46517855	1
8550	46517856	5
8550	46517857	637
8550	46517858	29
8550	46517859	470
8550	46517860	2
8550	46517861	38884
8550	46517862	2
8550	46517863	3707
8550	46517864	72199
8550	46517865	78
8550	46517866	9406
8550	46517867	149
8550	46517868	79
8550	46517869	443
8550	46517870	82
8550	46517871	1421
8550	46517872	3
8550	46517873	8351
8550	46517874	22
8550	46517875	7312
8550	46517876	2
8550	46517877	10480
8550	46517878	2
8550	46517879	6245
8550	46517880	78
8550	46517881	6278
8550	46517882	79
8550	46517883	237
8550	46517884	186
8550	46517885	23
8550	46517886	38884
8550	46517887	2
8550	46517888	3707
8550	46517889	72199
8550	46517890	78
8550	46517891	67004
8550	46517892	79
8550	46517893	1002
8550	46517894	85
8550	46517895	4223
8550	46517896	1
8550	46517897	5
8550	46517898	30
8550	46517899	2638
8550	46517900	2
8550	46517901	10480
8550	46517902	2
8550	46517903	6245
8550	46517904	443
8550	46517905	43
8550	46517906	136
8550	46517907	8
8550	46517908	24748
8550	46517909	10804
8550	46517910	1
8550	46517911	45
8550	46517912	4559
8550	46517913	5
8550	46517914	134689
8550	46517915	85
8550	46517916	50
8550	46517917	4313
8550	46517918	1
8550	46517919	424
8550	46517920	1
8550	46517921	15981
8550	46517922	1
8550	46517923	2808
8550	46517924	73
8550	46517925	58
8550	46517926	487
8550	46517927	58341
8550	46517928	2
8550	46517929	78
8550	46517930	69737
8550	46517931	4027
8550	46517932	346
8550	46517933	11357
8550	46517934	79
8550	46517935	44805
8550	46517936	2
8550	46517937	69737
8550	46517938	8
8550	46517939	23713
8550	46517940	1
8550	46517941	23901
8550	46517942	1
8550	46517943	25
8550	46517944	35
8550	46517945	1467
8550	46517946	198
8550	46517947	172
8550	46517948	30
8550	46517949	16066
8550	46517950	15
8550	46517951	1103
8550	46517952	1
8550	46517953	45
8550	46517954	3
8550	46517955	6484
8550	46517956	6
8550	46517957	49001
8550	46517958	1
8550	46517959	47
8550	46517960	45
8550	46517961	3
8550	46517962	3100
8550	46517963	6510
8550	46517964	107799
8550	46517965	107799
8550	46517966	107799
8550	46517967	107799
8550	46517968	107799
8550	46517969	107799
8550	46517970	107799
8550	46517971	107799
8550	46517972	107799
8550	46517973	107799
8550	46517974	20
8550	46517975	2
8550	46517976	16439
8550	46517977	2
8550	46517978	4741
8550	46517979	147374
8550	46517980	416
8550	46517981	23
8550	46517982	8
8550	46517983	223
8550	46517984	134
8550	46517985	24216
8550	46517986	2
8550	46517987	78
8550	46517988	21
8550	46517989	73062
8550	46517990	242
8550	46517991	26
8550	46517992	66549
8550	46517993	271047
8550	46517994	1
8550	46517995	47
8550	46517996	12
8550	46517997	14055
8550	46517998	15
8550	46517999	49
8550	46518000	79
8550	46518001	44805
8550	46518002	2
8550	46518003	69737
8550	46518004	109
8550	46518005	7
8550	46518006	38462
8550	46518007	110
8550	46518008	1776
8550	46518009	23
8550	46518010	45209
8550	46518011	2
8550	46518012	3707
8550	46518013	43925
8550	46518014	1812
8550	46518015	85
8550	46518016	888
8550	46518017	3
8550	46518018	37063
8550	46518019	6
8550	46518020	114
8550	46518021	141
8550	46518022	10242
8550	46518023	1
8550	46518024	99
8550	46518025	24
8550	46518026	56
8550	46518027	5302
8550	46518028	923
8550	46518029	47
8550	46518030	8
8550	46518031	9007
8550	46518032	14
8550	46518033	1
8550	46518034	1983
8550	46518035	10
8550	46518036	7
8550	46518037	180905
8550	46518038	3265
8550	46518039	5513
8550	46518040	1
8550	46518041	23954
8550	46518042	2
8550	46518043	83
8550	46518044	75
8550	46518045	446
8550	46518046	1
8550	46518047	3
8550	46518048	2564
8550	46518049	20349
8550	46518050	26
8550	46518051	5
8550	46518052	84
8550	46518053	3
8550	46518054	9894
8550	46518055	2
8550	46518056	8
8550	46518057	70
8550	46518058	869
8550	46518059	2362
8550	46518060	1
8550	46518061	461
8550	46518062	8
8550	46518063	105
8550	46518064	33864
8550	46518065	65
8550	46518066	44
8550	46518067	30
8550	46518068	3
8550	46518069	2338
8550	46518070	33
8550	46518071	50
8550	46518072	20120
8550	46518073	893
8550	46518074	11
8550	46518075	7
8550	46518076	3512
8550	46518077	6
8550	46518078	4559
8550	46518079	2
8550	46518080	10480
8550	46518081	2
8550	46518082	6245
8550	46518083	78
8550	46518084	7
8550	46518085	141
8550	46518086	23360
8550	46518087	79
8550	46518088	2567
8550	46518089	1523
8550	46518090	470
8550	46518091	44
8550	46518092	30
8550	46518093	7
8550	46518094	568
8550	46518095	558
8550	46518096	376
8550	46518097	8
8550	46518098	139
8550	46518099	1
8550	46518100	41
8550	46518101	12
8550	46518102	8928
8550	46518103	25
8550	46518104	16
8550	46518105	7403
8550	46518106	5
8550	46518107	15932
8550	46518108	44
8550	46518109	688
8550	46518110	17
8550	46518111	3009
8550	46518112	9341
8550	46518113	11
8550	46518114	3
8550	46518115	3512
8550	46518116	6
8550	46518117	82494
8550	46518118	2
8550	46518119	78
8550	46518120	7
8550	46518121	2564
8550	46518122	79
