505250	389419918	3076242
505250	389419919	1999317
505250	389419920	336
505250	389419921	29089
505250	389419922	1
505250	389419923	792198
505250	389419924	1055
505250	389419925	111275
505250	389419926	2
505250	389419927	14697
505250	389419928	44
505250	389419929	867
505250	389419930	9
505250	389419931	30
505250	389419932	3
505250	389419933	24292
505250	389419934	1037
505250	389419935	6
505250	389419936	5444
505250	389419937	1
505250	389419938	46
505250	389419939	77
505250	389419940	135
505250	389419941	30
505250	389419942	3415
505250	389419943	17
505250	389419944	8606
505250	389419945	2184
505250	389419946	275
505250	389419947	16
505250	389419948	2254
505250	389419949	1
505250	389419950	51
505250	389419951	1
505250	389419952	45
505250	389419953	66
505250	389419954	23818
505250	389419955	1
505250	389419956	637
505250	389419957	62
505250	389419958	20
505250	389419959	3
505250	389419960	18519
505250	389419961	6
505250	389419962	16
505250	389419963	2503
505250	389419964	524
505250	389419965	2
505250	389419966	37
505250	389419967	99
505250	389419968	3
505250	389419969	571
505250	389419970	1
505250	389419971	5
505250	389419972	91
505250	389419973	6473
505250	389419974	16
505250	389419975	850
505250	389419976	26
505250	389419977	5
505250	389419978	1
505250	389419979	433
505250	389419980	96
505250	389419981	151
505250	389419982	1
505250	389419983	12
505250	389419984	99
505250	389419985	3
505250	389419986	818
505250	389419987	1861305
505250	389419988	3
505250	389419989	321
505250	389419990	3584
505250	389419991	6
505250	389419992	2184
505250	389419993	1861307
505250	389419994	9
505250	389419995	1312
505250	389419996	16
505250	389419997	1823
505250	389419998	5
505250	389419999	325
505250	389420000	2
505250	389420001	17001
505250	389420002	1923
505250	389420003	25
505250	389420004	3
505250	389420005	818
505250	389420006	135
505250	389420007	5016
505250	389420008	2733
505250	389420009	15
505250	389420010	77
505250	389420011	1
505250	389420012	12
505250	389420013	99
505250	389420014	56
505250	389420015	4506
505250	389420016	16634
505250	389420017	20
505250	389420018	2296
505250	389420019	5
505250	389420020	3689
505250	389420021	1
505250	389420022	166
505250	389420023	32
505250	389420024	3
505250	389420025	4256
505250	389420026	6
505250	389420027	309
505250	389420028	6
505250	389420029	3
505250	389420030	10871
505250	389420031	5065
505250	389420032	64
505250	389420033	2184
505250	389420034	70
505250	389420035	20
505250	389420036	66
505250	389420037	142
505250	389420038	402
505250	389420039	26
505250	389420040	20
505250	389420041	3
505250	389420042	818
505250	389420043	6803
505250	389420044	433
505250	389420045	20
505250	389420046	3
505250	389420047	1267
505250	389420048	6
505250	389420049	16
505250	389420050	842
505250	389420051	400
505250	389420052	96
505250	389420053	12
505250	389420054	251
505250	389420055	20
505250	389420056	46
505250	389420057	6
505250	389420058	16
505250	389420059	142
505250	389420060	4918
505250	389420061	2
505250	389420062	6612
505250	389420063	1
505250	389420064	3
505250	389420065	1119
505250	389420066	440
505250	389420067	6
505250	389420068	3245
505250	389420069	1
505250	389420070	22
505250	389420071	4233
505250	389420072	540
505250	389420073	7
505250	389420074	8728
505250	389420075	6
505250	389420076	3464
505250	389420077	26
505250	389420078	3
505250	389420079	818
505250	389420080	1
505250	389420081	1221
505250	389420082	1
505250	389420083	10
505250	389420084	700
505250	389420085	3
505250	389420086	1119
505250	389420087	1600
505250	389420088	39088
505250	389420089	45
505250	389420090	77
505250	389420091	1
505250	389420092	599
505250	389420093	1
505250	389420094	518
505250	389420095	3
505250	389420096	1351
505250	389420097	6
505250	389420098	3
505250	389420099	9011
505250	389420100	1
505250	389420101	12
505250	389420102	99
505250	389420103	56
505250	389420104	475
505250	389420105	11
505250	389420106	64
505250	389420107	107799
505250	389420108	107799
505250	389420109	107799
505250	389420110	107799
505250	389420111	107799
505250	389420112	107799
505250	389420113	107799
505250	389420114	107799
505250	389420115	107799
505250	389420116	107799
505250	389420117	3
505250	389420118	4898
505250	389420119	5
505250	389420120	3
505250	389420121	50963
505250	389420122	26
505250	389420123	5
505250	389420124	166
505250	389420125	81
505250	389420126	1
505250	389420127	100
505250	389420128	1393
505250	389420129	70
505250	389420130	4925
505250	389420131	9
505250	389420132	5868
505250	389420133	3
505250	389420134	818
505250	389420135	9
505250	389420136	669
505250	389420137	94
505250	389420138	7
505250	389420139	755
505250	389420140	858
505250	389420141	1
505250	389420142	12
505250	389420143	20495
505250	389420144	11979
505250	389420145	55
505250	389420146	4438
505250	389420147	3
505250	389420148	37080
505250	389420149	921
505250	389420150	5
505250	389420151	782
505250	389420152	2
505250	389420153	160
505250	389420154	455
505250	389420155	1
505250	389420156	1687
505250	389420157	6971
505250	389420158	15
505250	389420159	114
505250	389420160	1604
505250	389420161	6618
505250	389420162	5
505250	389420163	187
505250	389420164	51
505250	389420165	191
505250	389420166	66010
505250	389420167	3
505250	389420168	15330
505250	389420169	6
505250	389420170	13029
505250	389420171	3765
505250	389420172	1
505250	389420173	4089
505250	389420174	9
505250	389420175	30
505250	389420176	38
505250	389420177	3683
505250	389420178	9385
505250	389420179	11
505250	389420180	2503
505250	389420181	921
505250	389420182	40
505250	389420183	3
505250	389420184	13501
505250	389420185	2618
505250	389420186	2729
505250	389420187	2
505250	389420188	52
505250	389420189	99
505250	389420190	56
505250	389420191	6960
505250	389420192	1
505250	389420193	17
505250	389420194	3140
505250	389420195	521
505250	389420196	1
505250	389420197	25
505250	389420198	3
505250	389420199	1376660
505250	389420200	5858
505250	389420201	202146
505250	389420202	17
505250	389420203	77
505250	389420204	11
505250	389420205	3
505250	389420206	2834
505250	389420207	1
505250	389420208	131
505250	389420209	63
505250	389420210	17203
505250	389420211	11
505250	389420212	7
505250	389420213	747
505250	389420214	57242
505250	389420215	3333
505250	389420216	2118
505250	389420217	11
505250	389420218	3
505250	389420219	3834
505250	389420220	1124
505250	389420221	4540
505250	389420222	6
505250	389420223	13661
505250	389420224	2
505250	389420225	3150
505250	389420226	3
505250	389420227	818
505250	389420228	1
505250	389420229	3
505250	389420230	37999
505250	389420231	8632
505250	389420232	18
505250	389420233	87
505250	389420234	9
505250	389420235	3779
505250	389420236	40
505250	389420237	3
505250	389420238	1878592
505250	389420239	3073704
505250	389420240	2
505250	389420241	2804092
505250	389420242	1055
505250	389420243	3153442
505250	389420244	1861381
505250	389420245	2551
505250	389420246	8110
505250	389420247	6
505250	389420248	3
505250	389420249	6378
505250	389420250	9
505250	389420251	7629
505250	389420252	3
505250	389420253	8023
505250	389420254	6
505250	389420255	5907
505250	389420256	2
505250	389420257	9765
505250	389420258	3
505250	389420259	7219
505250	389420260	6
505250	389420261	3
505250	389420262	6140
505250	389420263	5
505250	389420264	24129
505250	389420265	1
505250	389420266	5
505250	389420267	7
505250	389420268	2470
505250	389420269	15
505250	389420270	3
505250	389420271	1457
505250	389420272	11
505250	389420273	3
505250	389420274	4540
505250	389420275	303
505250	389420276	3
505250	389420277	110
505250	389420278	5
505250	389420279	254
505250	389420280	26051
505250	389420281	20
505250	389420282	3
505250	389420283	818
505250	389420284	10
505250	389420285	2099
505250	389420286	15
505250	389420287	1333
505250	389420288	355
505250	389420289	14
505250	389420290	10
505250	389420291	5958
505250	389420292	45
505250	389420293	7249
505250	389420294	2165308
505250	389420295	420925
505250	389420296	2832348
505250	389420297	2318992
505250	389420298	406
505250	389420299	52321
505250	389420300	3028
505250	389420301	121
505250	389420302	9332
505250	389420303	7
505250	389420304	512
505250	389420305	26181
505250	389420306	303
505250	389420307	3
505250	389420308	107799
505250	389420309	107799
505250	389420310	107799
505250	389420311	107799
505250	389420312	107799
505250	389420313	107799
505250	389420314	107799
505250	389420315	107799
505250	389420316	107799
505250	389420317	107799
505250	389420318	1
505250	389420319	5
505250	389420320	1393
505250	389420321	23065
505250	389420322	94
505250	389420323	51
505250	389420324	42
505250	389420325	11194
505250	389420326	2113
505250	389420327	3850
505250	389420328	5
505250	389420329	8312
505250	389420330	11
505250	389420331	14247
505250	389420332	2
505250	389420333	31
505250	389420334	755
505250	389420335	2612773
505250	389420336	1
505250	389420337	2759
505250	389420338	1
505250	389420339	3
505250	389420340	818
505250	389420341	2679
505250	389420342	2
505250	389420343	2138
505250	389420344	2542
505250	389420345	15
505250	389420346	7
505250	389420347	755
505250	389420348	2398476
505250	389420349	27074
505250	389420350	17
505250	389420351	3
505250	389420352	4898
505250	389420353	9
505250	389420354	7498
505250	389420355	7
505250	389420356	2993
505250	389420357	1
505250	389420358	100
505250	389420359	3
505250	389420360	6351
505250	389420361	22
505250	389420362	1013
505250	389420363	9
505250	389420364	18375
505250	389420365	3279
505250	389420366	2
505250	389420367	31
505250	389420368	818
505250	389420369	5
505250	389420370	3
505250	389420371	4898
505250	389420372	19720
505250	389420373	3
505250	389420374	244
505250	389420375	2067
505250	389420376	11
505250	389420377	5266
505250	389420378	26
505250	389420379	218
505250	389420380	90
505250	389420381	59
505250	389420382	11
505250	389420383	42718
505250	389420384	1
505250	389420385	398
505250	389420386	8658
505250	389420387	5
505250	389420388	749
505250	389420389	222
505250	389420390	33
505250	389420391	3
505250	389420392	1846
505250	389420393	1
505250	389420394	9
505250	389420395	8431
505250	389420396	15
505250	389420397	66
505250	389420398	41986
505250	389420399	3
505250	389420400	969
505250	389420401	6
505250	389420402	3
505250	389420403	2169038
505250	389420404	12746
505250	389420405	2
505250	389420406	31
505250	389420407	106281
505250	389420408	7180
505250	389420409	6
505250	389420410	3
505250	389420411	15950
505250	389420412	6
505250	389420413	3
505250	389420414	69050
505250	389420415	6
505250	389420416	44999
505250	389420417	9597
505250	389420418	5
505250	389420419	6
505250	389420420	3
505250	389420421	4905
505250	389420422	6
505250	389420423	1333
505250	389420424	1
505250	389420425	13898
505250	389420426	94
505250	389420427	573
505250	389420428	12296
505250	389420429	3
505250	389420430	1687
505250	389420431	51
505250	389420432	59
505250	389420433	3023820
505250	389420434	40
505250	389420435	4540
505250	389420436	1
505250	389420437	5
505250	389420438	1874
505250	389420439	45
505250	389420440	188
505250	389420441	957
505250	389420442	11
505250	389420443	66
505250	389420444	524
505250	389420445	9
505250	389420446	145
505250	389420447	2128
505250	389420448	6
505250	389420449	66
505250	389420450	5965
505250	389420451	2
505250	389420452	31
505250	389420453	4898
505250	389420454	18453
505250	389420455	91
505250	389420456	30
505250	389420457	6536
505250	389420458	15
505250	389420459	3
505250	389420460	1108
505250	389420461	6
505250	389420462	77
505250	389420463	1
505250	389420464	5
505250	389420465	1917
505250	389420466	9332
505250	389420467	25
505250	389420468	42
505250	389420469	59
505250	389420470	2923
505250	389420471	6
505250	389420472	3
505250	389420473	7614
505250	389420474	8676
505250	389420475	1
505250	389420476	5
505250	389420477	3071
505250	389420478	13525
505250	389420479	6
505250	389420480	15059
505250	389420481	2
505250	389420482	31
505250	389420483	152
505250	389420484	818
505250	389420485	25
505250	389420486	17066
505250	389420487	11
505250	389420488	750
505250	389420489	17
505250	389420490	77
505250	389420491	1
505250	389420492	2719
505250	389420493	3
505250	389420494	2078
505250	389420495	98653
505250	389420496	1
505250	389420497	10
505250	389420498	22301
505250	389420499	7
505250	389420500	4918
505250	389420501	6
505250	389420502	15624
505250	389420503	49318
505250	389420504	1
505250	389420505	172
505250	389420506	9
505250	389420507	30
505250	389420508	255
505250	389420509	107799
505250	389420510	107799
505250	389420511	107799
505250	389420512	107799
505250	389420513	107799
505250	389420514	107799
505250	389420515	107799
505250	389420516	107799
505250	389420517	107799
505250	389420518	107799
505250	389420519	5
505250	389420520	22673
505250	389420521	3
505250	389420522	755
505250	389420523	20652
505250	389420524	2
505250	389420525	472
505250	389420526	5011
505250	389420527	6
505250	389420528	11830
505250	389420529	18006
505250	389420530	70
505250	389420531	11
505250	389420532	1334
505250	389420533	14608
505250	389420534	3
505250	389420535	1466
505250	389420536	6
505250	389420537	3
505250	389420538	68717
505250	389420539	6
505250	389420540	3
505250	389420541	540503
505250	389420542	2
505250	389420543	31
505250	389420544	6530
505250	389420545	27484
505250	389420546	99
505250	389420547	224
505250	389420548	13418
505250	389420549	1
505250	389420550	3
505250	389420551	321
505250	389420552	9712
505250	389420553	6
505250	389420554	51
505250	389420555	22
505250	389420556	1
505250	389420557	25
505250	389420558	3
505250	389420559	6420
505250	389420560	6
505250	389420561	33296
505250	389420562	152
505250	389420563	1987
505250	389420564	932
505250	389420565	1
505250	389420566	5
505250	389420567	54
505250	389420568	70
505250	389420569	56220
505250	389420570	5
505250	389420571	349164
505250	389420572	382
505250	389420573	3
505250	389420574	1329
505250	389420575	172
505250	389420576	6443
505250	389420577	11
505250	389420578	66
505250	389420579	3054
505250	389420580	12670
505250	389420581	2
505250	389420582	31
505250	389420583	2729
505250	389420584	6
505250	389420585	3
505250	389420586	9779
505250	389420587	1600
505250	389420588	22
505250	389420589	2221
505250	389420590	8975
505250	389420591	1
505250	389420592	382
505250	389420593	187
505250	389420594	1309
505250	389420595	15
505250	389420596	117
505250	389420597	1
505250	389420598	11
505250	389420599	3
505250	389420600	7249
505250	389420601	9011
505250	389420602	818
505250	389420603	2
505250	389420604	52
505250	389420605	22
505250	389420606	7
505250	389420607	1454
505250	389420608	1600
505250	389420609	1
505250	389420610	12052
505250	389420611	20
505250	389420612	3
505250	389420613	906
505250	389420614	1
505250	389420615	17
505250	389420616	112
505250	389420617	31687
505250	389420618	1
505250	389420619	919
505250	389420620	553
505250	389420621	5
505250	389420622	1920
505250	389420623	1
505250	389420624	327
505250	389420625	154683
505250	389420626	5
505250	389420627	3709
505250	389420628	2
505250	389420629	2064
505250	389420630	977
505250	389420631	6
505250	389420632	342
505250	389420633	22
505250	389420634	1892
505250	389420635	1
505250	389420636	5
505250	389420637	118
505250	389420638	2526
505250	389420639	14157
505250	389420640	3
505250	389420641	552
505250	389420642	2
505250	389420643	472
505250	389420644	476725
505250	389420645	25
505250	389420646	54
505250	389420647	81
505250	389420648	9844
505250	389420649	12751
505250	389420650	40
505250	389420651	43
505250	389420652	14244
505250	389420653	2
505250	389420654	160
505250	389420655	3
505250	389420656	990
505250	389420657	6
505250	389420658	3
505250	389420659	818
505250	389420660	54
505250	389420661	6053
505250	389420662	14322
505250	389420663	3
505250	389420664	4757
505250	389420665	6
505250	389420666	120381
505250	389420667	2
505250	389420668	31
505250	389420669	8333
505250	389420670	1
505250	389420671	1081
505250	389420672	17718
505250	389420673	5
505250	389420674	7265
505250	389420675	22
505250	389420676	43
505250	389420677	5894
505250	389420678	1
505250	389420679	3
505250	389420680	433
505250	389420681	3
505250	389420682	1600
505250	389420683	35894
505250	389420684	40
505250	389420685	3
505250	389420686	2618
505250	389420687	2729
505250	389420688	2
505250	389420689	78
505250	389420690	1461
505250	389420691	607
505250	389420692	1762
505250	389420693	7153
505250	389420694	59
505250	389420695	3
505250	389420696	1687
505250	389420697	469
505250	389420698	11
505250	389420699	3
505250	389420700	13279
505250	389420701	33
505250	389420702	3
505250	389420703	9519
505250	389420704	1966
505250	389420705	1
505250	389420706	47950
505250	389420707	40
505250	389420708	118488
505250	389420709	2
505250	389420710	107799
505250	389420711	107799
505250	389420712	107799
505250	389420713	107799
505250	389420714	107799
505250	389420715	107799
505250	389420716	107799
505250	389420717	107799
505250	389420718	107799
505250	389420719	107799
505250	389420720	12021
505250	389420721	9011
505250	389420722	818
505250	389420723	1
505250	389420724	3
505250	389420725	919
505250	389420726	59
505250	389420727	10266
505250	389420728	5
505250	389420729	4392
505250	389420730	540
505250	389420731	7
505250	389420732	1784
505250	389420733	36
505250	389420734	26
505250	389420735	11
505250	389420736	455
505250	389420737	1
505250	389420738	86
505250	389420739	755
505250	389420740	1600
505250	389420741	6
505250	389420742	3271791
505250	389420743	99
505250	389420744	172159
505250	389420745	919
505250	389420746	2
505250	389420747	31
505250	389420748	457667
505250	389420749	1
505250	389420750	17
505250	389420751	3
505250	389420752	3507
505250	389420753	6
505250	389420754	7
505250	389420755	4439
505250	389420756	631
505250	389420757	1
505250	389420758	107783
505250	389420759	346
505250	389420760	3
505250	389420761	919
505250	389420762	6
505250	389420763	16
505250	389420764	52751
505250	389420765	1
505250	389420766	5
505250	389420767	28623
505250	389420768	17
505250	389420769	3
505250	389420770	1488
505250	389420771	3
505250	389420772	14702
505250	389420773	6
505250	389420774	269
505250	389420775	7333
505250	389420776	5
505250	389420777	4540
505250	389420778	1
505250	389420779	703
505250	389420780	25338
505250	389420781	3
505250	389420782	161
505250	389420783	6
505250	389420784	16
505250	389420785	8383
505250	389420786	15
505250	389420787	3
505250	389420788	1762
505250	389420789	11699
505250	389420790	782
505250	389420791	1
505250	389420792	8525
505250	389420793	6522
505250	389420794	45
505250	389420795	3
505250	389420796	16151
505250	389420797	149
505250	389420798	2
505250	389420799	31
505250	389420800	818
505250	389420801	22
505250	389420802	3917
505250	389420803	1407
505250	389420804	6
505250	389420805	17
505250	389420806	2438
505250	389420807	11
505250	389420808	3
505250	389420809	1000
505250	389420810	16703
505250	389420811	55
505250	389420812	3
505250	389420813	1881
505250	389420814	26
505250	389420815	5
505250	389420816	3
505250	389420817	4715
505250	389420818	11
505250	389420819	3
505250	389420820	8334
505250	389420821	6648
505250	389420822	25985
505250	389420823	66
505250	389420824	10247
505250	389420825	15
505250	389420826	3
505250	389420827	1600
505250	389420828	166
505250	389420829	15
505250	389420830	43
505250	389420831	138
505250	389420832	2
505250	389420833	1041
505250	389420834	3365
505250	389420835	99
505250	389420836	24
505250	389420837	56
505250	389420838	811
505250	389420839	108
505250	389420840	3
505250	389420841	16562
505250	389420842	26
505250	389420843	599
505250	389420844	17
505250	389420845	53
505250	389420846	3
505250	389420847	818
505250	389420848	99
505250	389420849	86
505250	389420850	2882
505250	389420851	1
505250	389420852	5
505250	389420853	22
505250	389420854	952
505250	389420855	27912
505250	389420856	9
505250	389420857	5431
505250	389420858	540
505250	389420859	3
505250	389420860	69009
505250	389420861	6
505250	389420862	3
505250	389420863	1322
505250	389420864	2
505250	389420865	31
505250	389420866	3447
505250	389420867	22
505250	389420868	1
505250	389420869	25
505250	389420870	3
505250	389420871	818
505250	389420872	6
505250	389420873	3
505250	389420874	2834
505250	389420875	99
505250	389420876	62180
505250	389420877	2219
505250	389420878	3
505250	389420879	13972
505250	389420880	6
505250	389420881	3
505250	389420882	439
505250	389420883	8397
505250	389420884	26
505250	389420885	20
505250	389420886	1
505250	389420887	11
505250	389420888	16
505250	389420889	20327
505250	389420890	857
505250	389420891	1
505250	389420892	93
505250	389420893	3
505250	389420894	96467
505250	389420895	3583
505250	389420896	1
505250	389420897	12
505250	389420898	34323
505250	389420899	776
505250	389420900	6
505250	389420901	3
505250	389420902	5799
505250	389420903	6
505250	389420904	16
505250	389420905	2618
505250	389420906	858
505250	389420907	1
505250	389420908	5
505250	389420909	52251
505250	389420910	64
505250	389420911	107799
505250	389420912	107799
505250	389420913	107799
505250	389420914	107799
505250	389420915	107799
505250	389420916	107799
505250	389420917	107799
505250	389420918	107799
505250	389420919	107799
505250	389420920	107799
505250	389420921	1
505250	389420922	4
505250	389420923	305
505250	389420924	7
505250	389420925	5447
505250	389420926	11773
505250	389420927	1
505250	389420928	4
505250	389420929	3
505250	389420930	818
505250	389420931	11599
505250	389420932	64
505250	389420933	16
505250	389420934	133
505250	389420935	4574
505250	389420936	26
505250	389420937	12
505250	389420938	22
505250	389420939	729
505250	389420940	804
505250	389420941	3
505250	389420942	2638
505250	389420943	1600
505250	389420944	1
505250	389420945	4210
505250	389420946	15
505250	389420947	16
505250	389420948	1026
505250	389420949	1
505250	389420950	5
505250	389420951	832
505250	389420952	9
505250	389420953	5030
505250	389420954	29
505250	389420955	166
505250	389420956	32
505250	389420957	3
505250	389420958	4558
505250	389420959	6
505250	389420960	16
505250	389420961	150
505250	389420962	26
505250	389420963	33
505250	389420964	3
505250	389420965	4707
505250	389420966	1
505250	389420967	12
505250	389420968	22
505250	389420969	2008
505250	389420970	5
505250	389420971	2666119
505250	389420972	3268
505250	389420973	58307
505250	389420974	1
505250	389420975	10615
505250	389420976	242
505250	389420977	40
505250	389420978	64
505250	389420979	2069
505250	389420980	7561
505250	389420981	1
505250	389420982	38
505250	389420983	24
505250	389420984	3
505250	389420985	4438
505250	389420986	7
505250	389420987	2537
505250	389420988	2
505250	389420989	4
505250	389420990	137309
505250	389420991	99
505250	389420992	1829
505250	389420993	3
505250	389420994	27226
505250	389420995	6
505250	389420996	3
505250	389420997	818
505250	389420998	9
505250	389420999	297
505250	389421000	566
505250	389421001	15
505250	389421002	82
505250	389421003	6
505250	389421004	16
505250	389421005	321
505250	389421006	435
505250	389421007	27385
505250	389421008	2
505250	389421009	23282
505250	389421010	1
505250	389421011	20
505250	389421012	224
505250	389421013	214
505250	389421014	7
505250	389421015	25191
505250	389421016	1
505250	389421017	10474
505250	389421018	15
505250	389421019	16
505250	389421020	431
505250	389421021	191
505250	389421022	49550
505250	389421023	11
505250	389421024	16
505250	389421025	1087
505250	389421026	25
505250	389421027	3
505250	389421028	321
505250	389421029	4194
505250	389421030	6
505250	389421031	842
505250	389421032	400
505250	389421033	68
505250	389421034	24
505250	389421035	3499
505250	389421036	29
505250	389421037	2
505250	389421038	4
505250	389421039	31
505250	389421040	2638
505250	389421041	818
505250	389421042	1607
505250	389421043	16
505250	389421044	16216
505250	389421045	1026
505250	389421046	175
505250	389421047	26
505250	389421048	29
505250	389421049	100
505250	389421050	12
505250	389421051	190
505250	389421052	1
505250	389421053	3349
505250	389421054	12304
505250	389421055	5
505250	389421056	63566
505250	389421057	1403
505250	389421058	15
505250	389421059	2671406
505250	389421060	151
505250	389421061	12
505250	389421062	58
505250	389421063	1861303
505250	389421064	5
505250	389421065	3307460
505250	389421066	1
505250	389421067	5
505250	389421068	8645
505250	389421069	1549573
505250	389421070	308
505250	389421071	2
505250	389421072	4
505250	389421073	160
505250	389421074	3
505250	389421075	185
505250	389421076	853
505250	389421077	32
505250	389421078	188385
505250	389421079	1
505250	389421080	11
505250	389421081	8321
505250	389421082	1
505250	389421083	22
505250	389421084	7
505250	389421085	3482
505250	389421086	40153
505250	389421087	1
505250	389421088	29575
505250	389421089	11
505250	389421090	199526
505250	389421091	1
505250	389421092	15
505250	389421093	1179
505250	389421094	1
505250	389421095	152
505250	389421096	2521
505250	389421097	6
505250	389421098	39155
505250	389421099	26
505250	389421100	32
505250	389421101	3
505250	389421102	308
505250	389421103	6
505250	389421104	3
505250	389421105	5121
505250	389421106	93283
505250	389421107	7
505250	389421108	818
505250	389421109	1
505250	389421110	51
505250	389421111	1
505250	389421112	107799
505250	389421113	107799
505250	389421114	107799
505250	389421115	107799
505250	389421116	107799
505250	389421117	107799
505250	389421118	107799
505250	389421119	107799
505250	389421120	107799
505250	389421121	107799
505250	389421122	1757
505250	389421123	32
505250	389421124	3
505250	389421125	2237
505250	389421126	6
505250	389421127	16
505250	389421128	1026
505250	389421129	2
505250	389421130	1315
505250	389421131	9053
505250	389421132	18
505250	389421133	3
505250	389421134	2367
505250	389421135	1489
505250	389421136	1
505250	389421137	12
505250	389421138	5834
505250	389421139	1
505250	389421140	6
505250	389421141	373
505250	389421142	7
505250	389421143	412
505250	389421144	2638
505250	389421145	818
505250	389421146	2701
505250	389421147	29
505250	389421148	314
505250	389421149	7
505250	389421150	269
505250	389421151	7163
505250	389421152	2
505250	389421153	127
505250	389421154	3660
505250	389421155	3
505250	389421156	455
505250	389421157	1
505250	389421158	5
505250	389421159	72693
505250	389421160	3
505250	389421161	3633
505250	389421162	15
505250	389421163	46
505250	389421164	10375
505250	389421165	63841
505250	389421166	25
505250	389421167	90109
505250	389421168	188
505250	389421169	192
505250	389421170	11
505250	389421171	3
505250	389421172	2813
505250	389421173	36
505250	389421174	280
505250	389421175	2
505250	389421176	52
505250	389421177	22
505250	389421178	2652928
505250	389421179	1
505250	389421180	148
505250	389421181	20978
505250	389421182	15
505250	389421183	169300
505250	389421184	21787
505250	389421185	1
505250	389421186	16
505250	389421187	140
505250	389421188	17177
505250	389421189	45
505250	389421190	1413
505250	389421191	5
505250	389421192	16
505250	389421193	4432
505250	389421194	83557
505250	389421195	1
505250	389421196	12
505250	389421197	1
505250	389421198	6039
505250	389421199	15
505250	389421200	149
505250	389421201	26
505250	389421202	107144
505250	389421203	3
505250	389421204	152
505250	389421205	15983
505250	389421206	6
505250	389421207	16
505250	389421208	37119
505250	389421209	325
505250	389421210	1
505250	389421211	5
505250	389421212	6297
505250	389421213	62403
505250	389421214	3
505250	389421215	3633
505250	389421216	1
505250	389421217	5
505250	389421218	1829
505250	389421219	14
505250	389421220	9
505250	389421221	3674
505250	389421222	7
505250	389421223	57729
505250	389421224	1145
505250	389421225	11
505250	389421226	3
505250	389421227	1565955
505250	389421228	6
505250	389421229	16
505250	389421230	21243
505250	389421231	25166
505250	389421232	2
505250	389421233	127
505250	389421234	59
505250	389421235	12804
505250	389421236	11
505250	389421237	43
505250	389421238	1430
505250	389421239	1
505250	389421240	252
505250	389421241	1769
505250	389421242	11
505250	389421243	150
505250	389421244	12
505250	389421245	305
505250	389421246	85
505250	389421247	4
505250	389421248	31
505250	389421249	363
505250	389421250	818
505250	389421251	23
505250	389421252	11
505250	389421253	150
505250	389421254	3
505250	389421255	56665
505250	389421256	2952393
505250	389421257	1
505250	389421258	31
505250	389421259	152
505250	389421260	9
505250	389421261	7600
505250	389421262	1
505250	389421263	11579
505250	389421264	9
505250	389421265	5030
505250	389421266	85
505250	389421267	3998
505250	389421268	1408
505250	389421269	211
505250	389421270	22
505250	389421271	5479
505250	389421272	1473898
505250	389421273	1026
505250	389421274	36
505250	389421275	142
505250	389421276	26
505250	389421277	6236
505250	389421278	177929
505250	389421279	1
505250	389421280	35880
505250	389421281	1
505250	389421282	9620
505250	389421283	1
505250	389421284	12851
505250	389421285	20
505250	389421286	29
505250	389421287	1607
505250	389421288	2
505250	389421289	4
505250	389421290	301495
505250	389421291	79690
505250	389421292	2
505250	389421293	1177688
505250	389421294	6792
505250	389421295	11728
505250	389421296	6
505250	389421297	1687
505250	389421298	1
505250	389421299	5
505250	389421300	11
505250	389421301	900
505250	389421302	19818
505250	389421303	6
505250	389421304	66
505250	389421305	16591
505250	389421306	1
505250	389421307	3
505250	389421308	582
505250	389421309	22
505250	389421310	16345
505250	389421311	2558
505250	389421312	108
505250	389421313	107799
505250	389421314	107799
505250	389421315	107799
505250	389421316	107799
505250	389421317	107799
505250	389421318	107799
505250	389421319	107799
505250	389421320	107799
505250	389421321	107799
505250	389421322	107799
505250	389421323	3507
505250	389421324	11922
505250	389421325	5
505250	389421326	598
505250	389421327	2381167
505250	389421328	2
505250	389421329	31
505250	389421330	185
505250	389421331	1457
505250	389421332	303
505250	389421333	2184
505250	389421334	5
505250	389421335	4522
505250	389421336	22
505250	389421337	3
505250	389421338	821
505250	389421339	6
505250	389421340	3
505250	389421341	2644
505250	389421342	2067
505250	389421343	26
505250	389421344	461
505250	389421345	54
505250	389421346	243
505250	389421347	25
505250	389421348	2255
505250	389421349	7
505250	389421350	818
505250	389421351	1
505250	389421352	55
505250	389421353	113
505250	389421354	164
505250	389421355	11185
505250	389421356	1378
505250	389421357	1
505250	389421358	1476
505250	389421359	1
505250	389421360	4200
505250	389421361	1
505250	389421362	55
505250	389421363	8567
505250	389421364	1
505250	389421365	12
505250	389421366	89155
505250	389421367	3
505250	389421368	2128
505250	389421369	6
505250	389421370	280
505250	389421371	1
505250	389421372	51
505250	389421373	22
505250	389421374	217
505250	389421375	4322
505250	389421376	20
505250	389421377	3
505250	389421378	1398
505250	389421379	6
505250	389421380	3
505250	389421381	1433
505250	389421382	5
505250	389421383	1750
505250	389421384	2067
505250	389421385	2
505250	389421386	31
505250	389421387	4322
505250	389421388	3507
505250	389421389	22
505250	389421390	2160235
505250	389421391	5
505250	389421392	19897
505250	389421393	26
505250	389421394	14
505250	389421395	22
505250	389421396	3
505250	389421397	565
505250	389421398	49562
505250	389421399	6
505250	389421400	64
505250	389421401	73
505250	389421402	61
505250	389421403	24
505250	389421404	1
505250	389421405	55
505250	389421406	4231
505250	389421407	24
505250	389421408	9
505250	389421409	213
505250	389421410	26
505250	389421411	599
505250	389421412	14
505250	389421413	22
505250	389421414	276
505250	389421415	728
505250	389421416	1502
505250	389421417	9
505250	389421418	9665
505250	389421419	3
505250	389421420	6974
505250	389421421	6
505250	389421422	3507
505250	389421423	40
505250	389421424	3
505250	389421425	6974
505250	389421426	6
505250	389421427	3
505250	389421428	280
505250	389421429	11
505250	389421430	2069
505250	389421431	4165
505250	389421432	47
505250	389421433	14
505250	389421434	22
505250	389421435	11
505250	389421436	3
505250	389421437	2013
505250	389421438	1676
505250	389421439	6
505250	389421440	2184
505250	389421441	2
505250	389421442	1223
505250	389421443	63626
505250	389421444	192
505250	389421445	92
505250	389421446	99
505250	389421447	7
505250	389421448	1909928
505250	389421449	1
505250	389421450	99
505250	389421451	7
505250	389421452	1023
505250	389421453	1
505250	389421454	99
505250	389421455	7
505250	389421456	3769
505250	389421457	1
505250	389421458	5
505250	389421459	24467
505250	389421460	118
505250	389421461	1489
505250	389421462	20
505250	389421463	3
505250	389421464	4642
505250	389421465	6
505250	389421466	118
505250	389421467	2997
505250	389421468	1172
505250	389421469	2
505250	389421470	706
505250	389421471	110
505250	389421472	818
505250	389421473	11
505250	389421474	7
505250	389421475	2663793
505250	389421476	22
505250	389421477	976
505250	389421478	6228
505250	389421479	6
505250	389421480	47937
505250	389421481	36
505250	389421482	1036
505250	389421483	257
505250	389421484	50
505250	389421485	110
505250	389421486	13112
505250	389421487	22
505250	389421488	6
505250	389421489	4195
505250	389421490	11907
505250	389421491	26
505250	389421492	5
505250	389421493	1139
505250	389421494	10372
505250	389421495	212
505250	389421496	3
505250	389421497	244
505250	389421498	4106
505250	389421499	1861305
505250	389421500	3
505250	389421501	5251
505250	389421502	6
505250	389421503	253
505250	389421504	13971
505250	389421505	4
505250	389421506	11
505250	389421507	7
505250	389421508	2554
505250	389421509	12050
505250	389421510	2
505250	389421511	4
505250	389421512	71144
505250	389421513	1
505250	389421514	107799
505250	389421515	107799
505250	389421516	107799
505250	389421517	107799
505250	389421518	107799
505250	389421519	107799
505250	389421520	107799
505250	389421521	107799
505250	389421522	107799
505250	389421523	107799
505250	389421524	7
505250	389421525	22575
505250	389421526	5
505250	389421527	118
505250	389421528	3354875
505250	389421529	188
505250	389421530	2452132
505250	389421531	1
505250	389421532	4588
505250	389421533	6
505250	389421534	118
505250	389421535	373
505250	389421536	451006
505250	389421537	1
505250	389421538	5
505250	389421539	3
505250	389421540	230
505250	389421541	2313805
505250	389421542	8355
505250	389421543	25
505250	389421544	20751
505250	389421545	3
505250	389421546	1518
505250	389421547	3940
505250	389421548	1
505250	389421549	53240
505250	389421550	20
505250	389421551	301
505250	389421552	29942
505250	389421553	496
505250	389421554	3
505250	389421555	747
505250	389421556	1024
505250	389421557	11
505250	389421558	51
505250	389421559	42
505250	389421560	41
505250	389421561	6779
505250	389421562	9
505250	389421563	35034
505250	389421564	66
505250	389421565	2660
505250	389421566	1
505250	389421567	5
505250	389421568	30
505250	389421569	24072
505250	389421570	11
505250	389421571	494
505250	389421572	9
505250	389421573	6499
505250	389421574	62
505250	389421575	66
505250	389421576	110
505250	389421577	2149
505250	389421578	2
505250	389421579	82845
505250	389421580	70
505250	389421581	20628
505250	389421582	5
505250	389421583	62948
505250	389421584	26
505250	389421585	5
505250	389421586	22
505250	389421587	14
505250	389421588	1221
505250	389421589	512
505250	389421590	25
505250	389421591	3
505250	389421592	818
505250	389421593	1
505250	389421594	8562
505250	389421595	20
505250	389421596	3
505250	389421597	1351
505250	389421598	6
505250	389421599	77
505250	389421600	1
505250	389421601	135
505250	389421602	63
505250	389421603	7
505250	389421604	59738
505250	389421605	573
505250	389421606	5750
505250	389421607	6
505250	389421608	280
505250	389421609	19
505250	389421610	37
505250	389421611	22
505250	389421612	1221
505250	389421613	588
505250	389421614	3584
505250	389421615	1
505250	389421616	5
505250	389421617	2183
505250	389421618	143
505250	389421619	15
505250	389421620	3186
505250	389421621	222
505250	389421622	9
505250	389421623	297
505250	389421624	1917
505250	389421625	6
505250	389421626	373
505250	389421627	7
505250	389421628	488
505250	389421629	2
505250	389421630	31
505250	389421631	818
505250	389421632	22
505250	389421633	2266
505250	389421634	1
505250	389421635	18664
505250	389421636	1
505250	389421637	4790
505250	389421638	275
505250	389421639	20183
505250	389421640	1
505250	389421641	5
505250	389421642	3
505250	389421643	18629
505250	389421644	6
505250	389421645	400
505250	389421646	2
505250	389421647	37
505250	389421648	22
505250	389421649	9959
505250	389421650	263
505250	389421651	7958
505250	389421652	6
505250	389421653	5253
505250	389421654	20546
505250	389421655	5
505250	389421656	13076
505250	389421657	6
505250	389421658	18606
505250	389421659	2
505250	389421660	37
505250	389421661	41893
505250	389421662	9797
505250	389421663	1267
505250	389421664	1
505250	389421665	5
505250	389421666	80
505250	389421667	490
505250	389421668	859
505250	389421669	7741
505250	389421670	7133
505250	389421671	2310
505250	389421672	3
505250	389421673	750
505250	389421674	8606
505250	389421675	15
505250	389421676	16
505250	389421677	21583
505250	389421678	2
505250	389421679	2576
505250	389421680	24402
505250	389421681	3
505250	389421682	2291
505250	389421683	6
505250	389421684	373
505250	389421685	7
505250	389421686	1882776
505250	389421687	5458
505250	389421688	82919
505250	389421689	148200
505250	389421690	7
505250	389421691	6508
505250	389421692	1
505250	389421693	12
505250	389421694	91
505250	389421695	15826
505250	389421696	16
505250	389421697	1068
505250	389421698	15
505250	389421699	16
505250	389421700	3877
505250	389421701	1687
505250	389421702	1
505250	389421703	5
505250	389421704	1991
505250	389421705	3
505250	389421706	3295
505250	389421707	6
505250	389421708	16
505250	389421709	1447
505250	389421710	31387
505250	389421711	15
505250	389421712	3
505250	389421713	743
505250	389421714	36
505250	389421715	107799
505250	389421716	107799
505250	389421717	107799
505250	389421718	107799
505250	389421719	107799
505250	389421720	107799
505250	389421721	107799
505250	389421722	107799
505250	389421723	107799
505250	389421724	107799
505250	389421725	18415
505250	389421726	74
505250	389421727	16
505250	389421728	1680
505250	389421729	9
505250	389421730	5003
505250	389421731	7
505250	389421732	39950
505250	389421733	1
505250	389421734	5
505250	389421735	1
505250	389421736	9542
505250	389421737	16
505250	389421738	870
505250	389421739	1
505250	389421740	749
505250	389421741	730
505250	389421742	3
505250	389421743	321
505250	389421744	153406
505250	389421745	2403
505250	389421746	6
505250	389421747	2941
505250	389421748	2
505250	389421749	37
505250	389421750	251
505250	389421751	7
505250	389421752	593
505250	389421753	209
505250	389421754	51
505250	389421755	490
505250	389421756	35123
505250	389421757	166
505250	389421758	260
505250	389421759	5092
505250	389421760	96
505250	389421761	22
505250	389421762	19405
505250	389421763	45
505250	389421764	90
505250	389421765	6
505250	389421766	3
505250	389421767	3295
505250	389421768	2722
505250	389421769	6
505250	389421770	3
505250	389421771	842
505250	389421772	1447
505250	389421773	2
505250	389421774	5970
505250	389421775	1
505250	389421776	1221
505250	389421777	1
505250	389421778	54
505250	389421779	9457
505250	389421780	1
505250	389421781	251
505250	389421782	9079
505250	389421783	2798
505250	389421784	5
505250	389421785	3507
505250	389421786	7064
505250	389421787	19
505250	389421788	109
505250	389421789	22
505250	389421790	3
505250	389421791	30083
505250	389421792	1457
505250	389421793	303
505250	389421794	18093
505250	389421795	5
505250	389421796	15003
505250	389421797	19
505250	389421798	1671
505250	389421799	1
505250	389421800	5
505250	389421801	77
505250	389421802	787
505250	389421803	1
505250	389421804	8736
505250	389421805	3
505250	389421806	15100
505250	389421807	6
505250	389421808	449
505250	389421809	1
505250	389421810	5
505250	389421811	40
505250	389421812	57964
505250	389421813	1663
505250	389421814	1672
505250	389421815	1674
505250	389421816	1489
505250	389421817	1
505250	389421818	27605
505250	389421819	20
505250	389421820	3
505250	389421821	29220
505250	389421822	6
505250	389421823	150
505250	389421824	2
505250	389421825	160
505250	389421826	64
505250	389421827	209
505250	389421828	51
505250	389421829	6053
505250	389421830	35123
505250	389421831	3
505250	389421832	16591
505250	389421833	6
505250	389421834	2184
505250	389421835	1
505250	389421836	77
505250	389421837	22
505250	389421838	16
505250	389421839	8813
505250	389421840	2
505250	389421841	160
505250	389421842	9193
505250	389421843	1
505250	389421844	12
505250	389421845	91
505250	389421846	18905
505250	389421847	98
505250	389421848	5
505250	389421849	1105
505250	389421850	3
505250	389421851	571
505250	389421852	26
505250	389421853	33
505250	389421854	3
505250	389421855	1846
505250	389421856	12
505250	389421857	22
505250	389421858	278
505250	389421859	19197
505250	389421860	96
505250	389421861	3
505250	389421862	9859
505250	389421863	26
505250	389421864	45
505250	389421865	2911819
505250	389421866	64
505250	389421867	3
505250	389421868	2901
505250	389421869	6
505250	389421870	631
505250	389421871	1
505250	389421872	12
505250	389421873	29057
505250	389421874	17
505250	389421875	3
505250	389421876	1648
505250	389421877	1
505250	389421878	14954
505250	389421879	17
505250	389421880	3
505250	389421881	1438
505250	389421882	26
505250	389421883	45
505250	389421884	1802
505250	389421885	5997
505250	389421886	1
505250	389421887	12
505250	389421888	137574
505250	389421889	3
505250	389421890	9183
505250	389421891	11
505250	389421892	3
505250	389421893	1068
505250	389421894	6
505250	389421895	3
505250	389421896	4099
505250	389421897	11
505250	389421898	3
505250	389421899	2565
505250	389421900	26
505250	389421901	5
505250	389421902	45
505250	389421903	377
505250	389421904	1
505250	389421905	12
505250	389421906	61760
505250	389421907	3
505250	389421908	25543
505250	389421909	5112
505250	389421910	6
505250	389421911	5662
505250	389421912	2
505250	389421913	31
505250	389421914	598
505250	389421915	6
505250	389421916	107799
505250	389421917	107799
505250	389421918	107799
505250	389421919	107799
505250	389421920	107799
505250	389421921	107799
505250	389421922	107799
505250	389421923	107799
505250	389421924	107799
505250	389421925	107799
505250	389421926	2094364
505250	389421927	1
505250	389421928	3204526
505250	389421929	2679
505250	389421930	2321364
505250	389421931	54
505250	389421932	198
505250	389421933	265
505250	389421934	5232
505250	389421935	4
505250	389421936	89726
505250	389421937	5
505250	389421938	3227
505250	389421939	196
505250	389421940	119885
505250	389421941	1
505250	389421942	109
505250	389421943	7126
505250	389421944	47820
505250	389421945	52035
505250	389421946	40
505250	389421947	3266533
505250	389421948	35381
505250	389421949	2
505250	389421950	4
505250	389421951	31
505250	389421952	2611
505250	389421953	6
505250	389421954	77
505250	389421955	1
505250	389421956	33
505250	389421957	1166009
505250	389421958	53765
505250	389421959	1
505250	389421960	99
505250	389421961	849
505250	389421962	36916
505250	389421963	1861303
505250	389421964	3
505250	389421965	3769
505250	389421966	5
505250	389421967	3
505250	389421968	2406
505250	389421969	32355
505250	389421970	29
505250	389421971	74
505250	389421972	3
505250	389421973	1810
505250	389421974	26
505250	389421975	5
505250	389421976	40459
505250	389421977	12
505250	389421978	1028
505250	389421979	30732
505250	389421980	52185
505250	389421981	3
505250	389421982	6223
505250	389421983	5930
505250	389421984	2
505250	389421985	31
505250	389421986	2919
505250	389421987	6
505250	389421988	280
505250	389421989	22
505250	389421990	3
505250	389421991	244
505250	389421992	1
505250	389421993	14
505250	389421994	40838
505250	389421995	143
505250	389421996	11
505250	389421997	3
505250	389421998	3567
505250	389421999	2
505250	389422000	444
505250	389422001	6009
505250	389422002	1
505250	389422003	73
505250	389422004	10
505250	389422005	3
505250	389422006	3116105
505250	389422007	6
505250	389422008	106160
505250	389422009	1
505250	389422010	39
505250	389422011	12
505250	389422012	175
505250	389422013	7
505250	389422014	818
505250	389422015	3836
505250	389422016	148
505250	389422017	1
505250	389422018	354
505250	389422019	14384
505250	389422020	332
505250	389422021	16
505250	389422022	1026
505250	389422023	1
505250	389422024	123
505250	389422025	15
505250	389422026	7
505250	389422027	238
505250	389422028	394
505250	389422029	258
505250	389422030	4006
505250	389422031	106143
505250	389422032	600
505250	389422033	1861303
505250	389422034	3
505250	389422035	818
505250	389422036	557
505250	389422037	855
505250	389422038	82
505250	389422039	505
505250	389422040	5
505250	389422041	1063
505250	389422042	79813
505250	389422043	3
505250	389422044	536
505250	389422045	1
505250	389422046	84
505250	389422047	557
505250	389422048	98
505250	389422049	3
505250	389422050	1119
505250	389422051	505
505250	389422052	5
505250	389422053	1063
505250	389422054	79813
505250	389422055	14
505250	389422056	1
505250	389422057	210
505250	389422058	2770149
505250	389422059	4458
505250	389422060	12
505250	389422061	1639
505250	389422062	202
505250	389422063	3
505250	389422064	1175
505250	389422065	505
505250	389422066	5
505250	389422067	29149
505250	389422068	16
505250	389422069	940
505250	389422070	2
505250	389422071	6009
505250	389422072	39
505250	389422073	3
505250	389422074	3178
505250	389422075	11
505250	389422076	3
505250	389422077	818
505250	389422078	36
505250	389422079	280
505250	389422080	10
505250	389422081	47
505250	389422082	2776
505250	389422083	85
505250	389422084	4
505250	389422085	237
505250	389422086	1026
505250	389422087	1
505250	389422088	8
505250	389422089	11263
505250	389422090	1
505250	389422091	100
505250	389422092	12
505250	389422093	123
505250	389422094	15
505250	389422095	179
505250	389422096	15537
505250	389422097	1
505250	389422098	68
505250	389422099	24
505250	389422100	200
505250	389422101	5028
505250	389422102	6
505250	389422103	3
505250	389422104	122
505250	389422105	4006
505250	389422106	8
505250	389422107	6355
505250	389422108	26
505250	389422109	1221
505250	389422110	3349
505250	389422111	131
505250	389422112	63
505250	389422113	390
505250	389422114	3
505250	389422115	1175
505250	389422116	4
505250	389422117	107799
505250	389422118	107799
505250	389422119	107799
505250	389422120	107799
505250	389422121	107799
505250	389422122	107799
505250	389422123	107799
505250	389422124	107799
505250	389422125	107799
505250	389422126	107799
505250	389422127	1188
505250	389422128	6
505250	389422129	3
505250	389422130	14486
505250	389422131	524
505250	389422132	2
505250	389422133	160
505250	389422134	900
505250	389422135	10815
505250	389422136	5
505250	389422137	16905
505250	389422138	6
505250	389422139	1687
505250	389422140	1
505250	389422141	54
505250	389422142	223
505250	389422143	14291
505250	389422144	17
505250	389422145	3
505250	389422146	11207
505250	389422147	7907
505250	389422148	6
505250	389422149	3
505250	389422150	1447
505250	389422151	1
505250	389422152	5
505250	389422153	12751
505250	389422154	15
505250	389422155	187
505250	389422156	10036
505250	389422157	2979
505250	389422158	20
505250	389422159	66
505250	389422160	14486
505250	389422161	2936
505250	389422162	2
505250	389422163	31
505250	389422164	26847
505250	389422165	11142
505250	389422166	22
505250	389422167	3
505250	389422168	321
505250	389422169	6409
505250	389422170	5
505250	389422171	3
505250	389422172	6815
505250	389422173	3584
505250	389422174	6
505250	389422175	118
505250	389422176	4918
505250	389422177	26
505250	389422178	118
505250	389422179	13833
505250	389422180	1380
505250	389422181	1
505250	389422182	118
505250	389422183	1760861
505250	389422184	4068
505250	389422185	1
505250	389422186	5
505250	389422187	20437
505250	389422188	112
505250	389422189	1
505250	389422190	27074
505250	389422191	94
505250	389422192	5819
505250	389422193	3
505250	389422194	747
505250	389422195	46614
505250	389422196	6
505250	389422197	3
505250	389422198	8397
505250	389422199	2
505250	389422200	3028
505250	389422201	2923
505250	389422202	6
505250	389422203	90
505250	389422204	8676
505250	389422205	1
505250	389422206	14
505250	389422207	91
505250	389422208	24
505250	389422209	30
505250	389422210	27878
505250	389422211	108
505250	389422212	128626
505250	389422213	7
505250	389422214	325
505250	389422215	2
505250	389422216	307
505250	389422217	2366
505250	389422218	210
505250	389422219	6123
505250	389422220	22
505250	389422221	3
505250	389422222	1539
505250	389422223	6
505250	389422224	3
505250	389422225	4560
505250	389422226	818
505250	389422227	1
505250	389422228	25
505250	389422229	14
505250	389422230	80
505250	389422231	7498
505250	389422232	113
505250	389422233	192
505250	389422234	92
505250	389422235	1338
505250	389422236	11710
505250	389422237	2
505250	389422238	201
505250	389422239	818
505250	389422240	99
505250	389422241	105
505250	389422242	56
505250	389422243	7
505250	389422244	9695
505250	389422245	11
505250	389422246	3
505250	389422247	2615
505250	389422248	2175
505250	389422249	26
505250	389422250	38
505250	389422251	11
505250	389422252	1086
505250	389422253	1
505250	389422254	382
505250	389422255	7
505250	389422256	465
505250	389422257	1481
505250	389422258	547775
505250	389422259	4249
505250	389422260	1
505250	389422261	14
505250	389422262	22
505250	389422263	1063
505250	389422264	7367
505250	389422265	1
505250	389422266	5
505250	389422267	11909
505250	389422268	94
505250	389422269	3279813
505250	389422270	25
505250	389422271	1072
505250	389422272	86
505250	389422273	42717
505250	389422274	20
505250	389422275	17801
505250	389422276	11
505250	389422277	113
505250	389422278	164
505250	389422279	411
505250	389422280	1
505250	389422281	4439
505250	389422282	55
505250	389422283	39696
505250	389422284	2
505250	389422285	160
505250	389422286	179
505250	389422287	2431825
505250	389422288	3
505250	389422289	818
505250	389422290	1
505250	389422291	218
505250	389422292	9502
505250	389422293	15
505250	389422294	3
505250	389422295	1022
505250	389422296	6
505250	389422297	90
505250	389422298	3295
505250	389422299	4560
505250	389422300	1
505250	389422301	99
505250	389422302	478
505250	389422303	82
505250	389422304	1815
505250	389422305	314
505250	389422306	217
505250	389422307	410315
505250	389422308	242
505250	389422309	17
505250	389422310	7
505250	389422311	1488
505250	389422312	1
505250	389422313	9
505250	389422314	10785
505250	389422315	118
505250	389422316	1539
505250	389422317	26
505250	389422318	107799
505250	389422319	107799
505250	389422320	107799
505250	389422321	107799
505250	389422322	107799
505250	389422323	107799
505250	389422324	107799
505250	389422325	107799
505250	389422326	107799
505250	389422327	107799
505250	389422328	3
505250	389422329	4
505250	389422330	9606
505250	389422331	6096
505250	389422332	1
505250	389422333	4
505250	389422334	5
505250	389422335	45
505250	389422336	3
505250	389422337	232843
505250	389422338	2573868
505250	389422339	2151032
505250	389422340	1861381
505250	389422341	1861321
505250	389422342	3720
505250	389422343	2132
505250	389422344	6
505250	389422345	6534
505250	389422346	32
505250	389422347	188
505250	389422348	558
505250	389422349	73
505250	389422350	987
505250	389422351	711
505250	389422352	1
505250	389422353	980
505250	389422354	33
505250	389422355	819
505250	389422356	55
505250	389422357	396
505250	389422358	2
505250	389422359	31
505250	389422360	2882
505250	389422361	1
505250	389422362	152
505250	389422363	4572
505250	389422364	6
505250	389422365	3
505250	389422366	2352
505250	389422367	1
505250	389422368	44
505250	389422369	1015
505250	389422370	20
505250	389422371	545
505250	389422372	5
505250	389422373	37900
505250	389422374	3
505250	389422375	1109
505250	389422376	4527
505250	389422377	6
505250	389422378	43
505250	389422379	2078
505250	389422380	818
505250	389422381	2
505250	389422382	51113
505250	389422383	6
505250	389422384	28390
505250	389422385	9592
505250	389422386	20976
505250	389422387	1
505250	389422388	5
505250	389422389	426
505250	389422390	289
505250	389422391	3
505250	389422392	2297
505250	389422393	1
505250	389422394	55
505250	389422395	2759
505250	389422396	1
505250	389422397	426
505250	389422398	27770
505250	389422399	3
505250	389422400	5931
505250	389422401	1378
505250	389422402	32
505250	389422403	3
505250	389422404	5436
505250	389422405	1
505250	389422406	383
505250	389422407	12037
505250	389422408	15071
505250	389422409	3
505250	389422410	2777
505250	389422411	912
505250	389422412	1
505250	389422413	25
505250	389422414	12
505250	389422415	44
505250	389422416	2062
505250	389422417	1342
505250	389422418	3899
505250	389422419	5
505250	389422420	48242
505250	389422421	74
505250	389422422	1099
505250	389422423	1
505250	389422424	5
505250	389422425	703
505250	389422426	3612
505250	389422427	16
505250	389422428	17989
505250	389422429	2
505250	389422430	4234
505250	389422431	3
505250	389422432	28390
505250	389422433	10
505250	389422434	50
505250	389422435	25280
505250	389422436	73
505250	389422437	2859
505250	389422438	14963
505250	389422439	3
505250	389422440	484
505250	389422441	1
505250	389422442	5
505250	389422443	463
505250	389422444	7
505250	389422445	230
505250	389422446	35848
505250	389422447	45
505250	389422448	7061
505250	389422449	50
505250	389422450	5027
505250	389422451	32
505250	389422452	13531
505250	389422453	66501
505250	389422454	11
505250	389422455	3
505250	389422456	372
505250	389422457	6
505250	389422458	7
505250	389422459	3084
505250	389422460	2
505250	389422461	2576
505250	389422462	3
505250	389422463	747
505250	389422464	1087
505250	389422465	6
505250	389422466	3
505250	389422467	3583
505250	389422468	1
505250	389422469	3
505250	389422470	4560
505250	389422471	818
505250	389422472	10
505250	389422473	1939
505250	389422474	3132
505250	389422475	1
505250	389422476	2230
505250	389422477	15
505250	389422478	3
505250	389422479	3580
505250	389422480	6
505250	389422481	3
505250	389422482	1222
505250	389422483	1
505250	389422484	73
505250	389422485	202
505250	389422486	7
505250	389422487	11166
505250	389422488	819
505250	389422489	11
505250	389422490	89142
505250	389422491	3
505250	389422492	1600
505250	389422493	2
505250	389422494	336
505250	389422495	2757332
505250	389422496	2
505250	389422497	31
505250	389422498	4572
505250	389422499	770
505250	389422500	31321
505250	389422501	1
505250	389422502	5
505250	389422503	624
505250	389422504	3
505250	389422505	1604
505250	389422506	9
505250	389422507	134
505250	389422508	154
505250	389422509	1
505250	389422510	3204
505250	389422511	3
505250	389422512	818
505250	389422513	153
505250	389422514	1342
505250	389422515	540
505250	389422516	3
505250	389422517	3006
505250	389422518	63326
505250	389422519	107799
505250	389422520	107799
505250	389422521	107799
505250	389422522	107799
505250	389422523	107799
505250	389422524	107799
505250	389422525	107799
505250	389422526	107799
505250	389422527	107799
505250	389422528	107799
505250	389422529	2
505250	389422530	31
505250	389422531	3583
505250	389422532	1
505250	389422533	24
505250	389422534	3
505250	389422535	9723
505250	389422536	1086
505250	389422537	11
505250	389422538	3
505250	389422539	7671
505250	389422540	420
505250	389422541	1
505250	389422542	5
505250	389422543	16877
505250	389422544	3
505250	389422545	15181
505250	389422546	1
505250	389422547	11
505250	389422548	1692
505250	389422549	8506
505250	389422550	18756
505250	389422551	15
505250	389422552	3
505250	389422553	705
505250	389422554	6
505250	389422555	28
505250	389422556	4487
505250	389422557	23752
505250	389422558	1
505250	389422559	73
505250	389422560	2421205
505250	389422561	25
505250	389422562	104
505250	389422563	3
505250	389422564	818
505250	389422565	10
505250	389422566	757
505250	389422567	98
505250	389422568	15
505250	389422569	3
505250	389422570	34175
505250	389422571	3
505250	389422572	321
505250	389422573	1894
505250	389422574	1
505250	389422575	5
505250	389422576	2214
505250	389422577	53
505250	389422578	15
505250	389422579	3
505250	389422580	552
505250	389422581	1
505250	389422582	5
505250	389422583	31188
505250	389422584	15
505250	389422585	7
505250	389422586	2459
505250	389422587	1
505250	389422588	12
505250	389422589	44
505250	389422590	1
505250	389422591	20
505250	389422592	538
505250	389422593	4
505250	389422594	15160
505250	389422595	2156
505250	389422596	1
505250	389422597	4
505250	389422598	228
505250	389422599	42
505250	389422600	104115
505250	389422601	6448
505250	389422602	745
505250	389422603	1
505250	389422604	9551
505250	389422605	3
505250	389422606	818
505250	389422607	17
505250	389422608	203
505250	389422609	2935
505250	389422610	16
505250	389422611	215
505250	389422612	5
505250	389422613	3933
505250	389422614	2071
505250	389422615	11
505250	389422616	3
505250	389422617	170521
505250	389422618	1
505250	389422619	11
505250	389422620	2395754
505250	389422621	1036
505250	389422622	2
505250	389422623	31
505250	389422624	323
505250	389422625	10
505250	389422626	3369
505250	389422627	1
505250	389422628	5
505250	389422629	3
505250	389422630	4572
505250	389422631	1
505250	389422632	23142
505250	389422633	98
505250	389422634	755
505250	389422635	5112
505250	389422636	1
505250	389422637	5
505250	389422638	842
505250	389422639	5543
505250	389422640	3069375
505250	389422641	8994
505250	389422642	309
505250	389422643	8900
505250	389422644	32
505250	389422645	3
505250	389422646	532
505250	389422647	6
505250	389422648	2708523
505250	389422649	20
505250	389422650	3
505250	389422651	3580
505250	389422652	6
505250	389422653	3
505250	389422654	6096
505250	389422655	2
505250	389422656	31
505250	389422657	373
505250	389422658	3
505250	389422659	5357
505250	389422660	1813
505250	389422661	1
505250	389422662	1353
505250	389422663	3
505250	389422664	818
505250	389422665	1781
505250	389422666	38123
505250	389422667	22
505250	389422668	1560
505250	389422669	4210
505250	389422670	15
505250	389422671	16
505250	389422672	1026
505250	389422673	1
505250	389422674	38
505250	389422675	3310704
505250	389422676	3
505250	389422677	826
505250	389422678	1
505250	389422679	5
505250	389422680	13362
505250	389422681	29
505250	389422682	15
505250	389422683	7
505250	389422684	2459
505250	389422685	2
505250	389422686	31
505250	389422687	132993
505250	389422688	15
505250	389422689	2791
505250	389422690	2
505250	389422691	208
505250	389422692	7777
505250	389422693	131
505250	389422694	30
505250	389422695	120
505250	389422696	1604
505250	389422697	13345
505250	389422698	154
505250	389422699	16
505250	389422700	2342
505250	389422701	5
505250	389422702	5027
505250	389422703	1
505250	389422704	16
505250	389422705	1488
505250	389422706	1
505250	389422707	553
505250	389422708	1
505250	389422709	461
505250	389422710	12
505250	389422711	1742
505250	389422712	40249
505250	389422713	303
505250	389422714	3
505250	389422715	114162
505250	389422716	16
505250	389422717	796
505250	389422718	12309
505250	389422719	1
505250	389422720	107799
505250	389422721	107799
505250	389422722	107799
505250	389422723	107799
505250	389422724	107799
505250	389422725	107799
505250	389422726	107799
505250	389422727	107799
505250	389422728	107799
505250	389422729	107799
505250	389422730	3
505250	389422731	2604
505250	389422732	51
505250	389422733	12
505250	389422734	5669
505250	389422735	2
505250	389422736	231
505250	389422737	1839
505250	389422738	10
505250	389422739	4506
505250	389422740	1
505250	389422741	5
505250	389422742	3
505250	389422743	1375
505250	389422744	4077
505250	389422745	5
505250	389422746	23318
505250	389422747	1
505250	389422748	5
505250	389422749	80
505250	389422750	10121
505250	389422751	45
505250	389422752	955
505250	389422753	10019
505250	389422754	1
505250	389422755	19776
505250	389422756	49646
505250	389422757	3
505250	389422758	2322
505250	389422759	6
505250	389422760	3
505250	389422761	12763
505250	389422762	55
505250	389422763	4838
505250	389422764	1
505250	389422765	3
505250	389422766	31
505250	389422767	5357
505250	389422768	5957
505250	389422769	3
505250	389422770	818
505250	389422771	12246
505250	389422772	33
505250	389422773	1988
505250	389422774	42
505250	389422775	8512
505250	389422776	3
505250	389422777	9720
505250	389422778	1
505250	389422779	4892
505250	389422780	6228
505250	389422781	151
505250	389422782	20108
505250	389422783	1
505250	389422784	14789
505250	389422785	5
505250	389422786	50597
505250	389422787	1
505250	389422788	206
505250	389422789	219
505250	389422790	12
505250	389422791	10
505250	389422792	182
505250	389422793	42
505250	389422794	198
505250	389422795	30
505250	389422796	2
505250	389422797	31
505250	389422798	2477383
505250	389422799	100
505250	389422800	4079
505250	389422801	17
505250	389422802	149
505250	389422803	2
505250	389422804	31
505250	389422805	4560
505250	389422806	818
505250	389422807	5478
505250	389422808	11980
505250	389422809	5
505250	389422810	2438
505250	389422811	1
505250	389422812	3086
505250	389422813	4910
505250	389422814	5
505250	389422815	3584
505250	389422816	1
505250	389422817	98795
505250	389422818	32
505250	389422819	3
505250	389422820	372
505250	389422821	6
505250	389422822	16
505250	389422823	2974
505250	389422824	1
505250	389422825	60337
505250	389422826	16
505250	389422827	1036
505250	389422828	1
505250	389422829	210
505250	389422830	3787
505250	389422831	113
505250	389422832	6
505250	389422833	118
505250	389422834	4574
505250	389422835	257
505250	389422836	7
505250	389422837	3706
505250	389422838	166821
505250	389422839	32
505250	389422840	3
505250	389422841	499
505250	389422842	1
505250	389422843	218
505250	389422844	16
505250	389422845	112
505250	389422846	120955
505250	389422847	4900
505250	389422848	6
505250	389422849	1744
505250	389422850	2
505250	389422851	10428
505250	389422852	417
505250	389422853	17
505250	389422854	8683
505250	389422855	2
505250	389422856	31
505250	389422857	3583
505250	389422858	1
505250	389422859	640
505250	389422860	1
505250	389422861	31
505250	389422862	78315
505250	389422863	22
505250	389422864	7
505250	389422865	315
505250	389422866	1
505250	389422867	1802
505250	389422868	818
505250	389422869	1
505250	389422870	90
505250	389422871	6
505250	389422872	212878
505250	389422873	346
505250	389422874	16
505250	389422875	19242
505250	389422876	1
505250	389422877	5
505250	389422878	2639
505250	389422879	1353
505250	389422880	53
505250	389422881	4215
505250	389422882	6
505250	389422883	4203
505250	389422884	20400
505250	389422885	2
505250	389422886	103
505250	389422887	59
505250	389422888	3393125
505250	389422889	2539
505250	389422890	11
505250	389422891	2422
505250	389422892	15150
505250	389422893	15
505250	389422894	3
505250	389422895	818
505250	389422896	36
505250	389422897	1036
505250	389422898	2
505250	389422899	243950
505250	389422900	20
505250	389422901	66
505250	389422902	1539
505250	389422903	1
505250	389422904	5
505250	389422905	379
505250	389422906	20
505250	389422907	66
505250	389422908	2494464
505250	389422909	4572
505250	389422910	81
505250	389422911	44279
505250	389422912	1
505250	389422913	461
505250	389422914	12
505250	389422915	293
505250	389422916	4383
505250	389422917	2301592
505250	389422918	2
505250	389422919	4391
505250	389422920	2532
505250	389422921	107799
505250	389422922	107799
505250	389422923	107799
505250	389422924	107799
505250	389422925	107799
505250	389422926	107799
505250	389422927	107799
505250	389422928	107799
505250	389422929	107799
505250	389422930	107799
505250	389422931	38
505250	389422932	3
505250	389422933	895
505250	389422934	18
505250	389422935	50013
505250	389422936	1
505250	389422937	42
505250	389422938	59
505250	389422939	185
505250	389422940	15103
505250	389422941	17
505250	389422942	176
505250	389422943	183
505250	389422944	1
505250	389422945	5
505250	389422946	1861357
505250	389422947	87252
505250	389422948	11
505250	389422949	3
505250	389422950	7062
505250	389422951	6
505250	389422952	3
505250	389422953	89440
505250	389422954	17
505250	389422955	7
505250	389422956	9659
505250	389422957	92
505250	389422958	22
505250	389422959	466
505250	389422960	28085
505250	389422961	2
505250	389422962	269339
505250	389422963	1337
505250	389422964	9
505250	389422965	63
505250	389422966	56
505250	389422967	10147
505250	389422968	1257
505250	389422969	9
505250	389422970	1105
505250	389422971	8193
505250	389422972	1
505250	389422973	461
505250	389422974	42
505250	389422975	59
505250	389422976	24072
505250	389422977	11
505250	389422978	66
505250	389422979	4041
505250	389422980	1
505250	389422981	5
505250	389422982	80
505250	389422983	115
505250	389422984	50
505250	389422985	5716
505250	389422986	2490
505250	389422987	6
505250	389422988	762
505250	389422989	2897
505250	389422990	9
505250	389422991	76250
505250	389422992	3
505250	389422993	26194
505250	389422994	2
505250	389422995	1041
505250	389422996	1539
505250	389422997	22
505250	389422998	1109
505250	389422999	26
505250	389423000	42
505250	389423001	28086
505250	389423002	3
505250	389423003	7168
505250	389423004	5
505250	389423005	3
505250	389423006	32872
505250	389423007	11
505250	389423008	66
505250	389423009	4630
505250	389423010	1
505250	389423011	5
505250	389423012	2056
505250	389423013	1128
505250	389423014	657
505250	389423015	31257
505250	389423016	2
505250	389423017	443
505250	389423018	82
505250	389423019	1484
505250	389423020	54
505250	389423021	41
505250	389423022	2106365
505250	389423023	11
505250	389423024	7
505250	389423025	964
505250	389423026	30447
505250	389423027	1
505250	389423028	5
505250	389423029	382
505250	389423030	3
505250	389423031	3652
505250	389423032	6
505250	389423033	5604
505250	389423034	9484
505250	389423035	10
505250	389423036	7
505250	389423037	141
505250	389423038	25820
505250	389423039	1
505250	389423040	92
505250	389423041	557
505250	389423042	242
505250	389423043	40
505250	389423044	3
505250	389423045	7121
505250	389423046	1
505250	389423047	5
505250	389423048	1
505250	389423049	1609
505250	389423050	156
505250	389423051	130
505250	389423052	1429
505250	389423053	4596
505250	389423054	1
505250	389423055	1747
505250	389423056	62
505250	389423057	17
505250	389423058	3
505250	389423059	9480
505250	389423060	1687
505250	389423061	2
505250	389423062	47937
505250	389423063	10
505250	389423064	770
505250	389423065	3698
505250	389423066	15
505250	389423067	5565
505250	389423068	1
505250	389423069	5
505250	389423070	100
505250	389423071	3
505250	389423072	7180
505250	389423073	123
505250	389423074	62
505250	389423075	42
505250	389423076	369
505250	389423077	29
505250	389423078	212
505250	389423079	16
505250	389423080	97578
505250	389423081	1
505250	389423082	3
505250	389423083	9484
505250	389423084	5819
505250	389423085	7
505250	389423086	1864
505250	389423087	32
505250	389423088	7
505250	389423089	7210
505250	389423090	802
505250	389423091	40
505250	389423092	29
505250	389423093	1
505250	389423094	218
505250	389423095	3
505250	389423096	3420
505250	389423097	141
505250	389423098	25820
505250	389423099	10
505250	389423100	63738
505250	389423101	6
505250	389423102	3
505250	389423103	1839
505250	389423104	1
505250	389423105	37800
505250	389423106	5
505250	389423107	50597
505250	389423108	1
505250	389423109	5
505250	389423110	2859
505250	389423111	21781
505250	389423112	3
505250	389423113	3542
505250	389423114	1174
505250	389423115	5931
505250	389423116	17
505250	389423117	3018
505250	389423118	1
505250	389423119	45
505250	389423120	7624
505250	389423121	9
505250	389423122	107799
505250	389423123	107799
505250	389423124	107799
505250	389423125	107799
505250	389423126	107799
505250	389423127	107799
505250	389423128	107799
505250	389423129	107799
505250	389423130	107799
505250	389423131	107799
505250	389423132	12390
505250	389423133	8193
505250	389423134	22
505250	389423135	29010
505250	389423136	45
505250	389423137	29227
505250	389423138	1
505250	389423139	228
505250	389423140	7
505250	389423141	818
505250	389423142	22
505250	389423143	22750
505250	389423144	9
505250	389423145	1105
505250	389423146	7
505250	389423147	568
505250	389423148	840
505250	389423149	6
505250	389423150	8193
505250	389423151	11
505250	389423152	7
505250	389423153	13450
505250	389423154	87
505250	389423155	2
505250	389423156	231
505250	389423157	1839
505250	389423158	22
505250	389423159	8759
505250	389423160	1
505250	389423161	3
505250	389423162	26194
505250	389423163	59
505250	389423164	757
505250	389423165	11
505250	389423166	4144
505250	389423167	1
505250	389423168	5
505250	389423169	1
505250	389423170	15
505250	389423171	3
505250	389423172	2490
505250	389423173	6
505250	389423174	7
505250	389423175	479
505250	389423176	1
505250	389423177	3667
505250	389423178	74
505250	389423179	14
505250	389423180	2
505250	389423181	31
505250	389423182	818
505250	389423183	22
505250	389423184	84
505250	389423185	10240
505250	389423186	267
505250	389423187	3
505250	389423188	7083
505250	389423189	2
505250	389423190	31
505250	389423191	2394762
505250	389423192	11699
505250	389423193	2184
505250	389423194	262
505250	389423195	3287765
505250	389423196	2718
505250	389423197	1232
505250	389423198	1
505250	389423199	80
505250	389423200	874
505250	389423201	17675
505250	389423202	42547
505250	389423203	33
505250	389423204	3
505250	389423205	818
505250	389423206	1
505250	389423207	5
505250	389423208	16955
505250	389423209	1760
505250	389423210	6
505250	389423211	29
505250	389423212	1
505250	389423213	5
505250	389423214	5400
505250	389423215	527
505250	389423216	1
505250	389423217	375
505250	389423218	3
505250	389423219	25820
505250	389423220	36
505250	389423221	161
505250	389423222	5
505250	389423223	860
505250	389423224	2705507
505250	389423225	2892892
505250	389423226	59
505250	389423227	2399
505250	389423228	15640
505250	389423229	40
505250	389423230	997
505250	389423231	2
505250	389423232	3911
505250	389423233	3
505250	389423234	14500
505250	389423235	141
505250	389423236	1378
505250	389423237	1
505250	389423238	17
505250	389423239	3767
505250	389423240	10557
505250	389423241	5
505250	389423242	5703
505250	389423243	1
505250	389423244	39234
505250	389423245	16
505250	389423246	5543
505250	389423247	1
505250	389423248	5
505250	389423249	1
505250	389423250	900
505250	389423251	53
505250	389423252	7
505250	389423253	950
505250	389423254	6831
505250	389423255	11
505250	389423256	3
505250	389423257	21306
505250	389423258	1
505250	389423259	3465
505250	389423260	16
505250	389423261	359
505250	389423262	799
505250	389423263	64
505250	389423264	3
505250	389423265	8193
505250	389423266	59
505250	389423267	384
505250	389423268	1
505250	389423269	10777
505250	389423270	3
505250	389423271	479
505250	389423272	11
505250	389423273	1388
505250	389423274	55
505250	389423275	1368
505250	389423276	584
505250	389423277	2
505250	389423278	31
505250	389423279	13090
505250	389423280	78315
505250	389423281	22
505250	389423282	3009
505250	389423283	11
505250	389423284	3611
505250	389423285	15
505250	389423286	3
505250	389423287	182
505250	389423288	388
505250	389423289	17336
505250	389423290	1
505250	389423291	38
505250	389423292	120
505250	389423293	606
505250	389423294	11
505250	389423295	1400
505250	389423296	1087
505250	389423297	2
505250	389423298	208
505250	389423299	342
505250	389423300	22
505250	389423301	269
505250	389423302	5
505250	389423303	13940
505250	389423304	1
505250	389423305	13028
505250	389423306	16
505250	389423307	112
505250	389423308	5
505250	389423309	20400
505250	389423310	6
505250	389423311	921
505250	389423312	2
505250	389423313	31
505250	389423314	5764
505250	389423315	752
505250	389423316	6
505250	389423317	90
505250	389423318	6
505250	389423319	179
505250	389423320	1588046
505250	389423321	78152
505250	389423322	16185
505250	389423323	107799
505250	389423324	107799
505250	389423325	107799
505250	389423326	107799
505250	389423327	107799
505250	389423328	107799
505250	389423329	107799
505250	389423330	107799
505250	389423331	107799
505250	389423332	107799
505250	389423333	1
505250	389423334	5
505250	389423335	91
505250	389423336	12806
505250	389423337	15
505250	389423338	188
505250	389423339	351
505250	389423340	20
505250	389423341	1684
505250	389423342	1
505250	389423343	33
505250	389423344	3
505250	389423345	10227
505250	389423346	4106
505250	389423347	1
505250	389423348	148
505250	389423349	4
505250	389423350	1323
505250	389423351	22
505250	389423352	73
505250	389423353	1323
505250	389423354	251
505250	389423355	2
505250	389423356	4
505250	389423357	31
505250	389423358	70982
505250	389423359	22
505250	389423360	3
505250	389423361	57734
505250	389423362	6
505250	389423363	64
505250	389423364	1687
505250	389423365	26
505250	389423366	16
505250	389423367	921
505250	389423368	10547
505250	389423369	16
505250	389423370	524
505250	389423371	6
505250	389423372	2033
505250	389423373	1
505250	389423374	253
505250	389423375	278
505250	389423376	4184
505250	389423377	5
505250	389423378	8999
505250	389423379	96
505250	389423380	166
505250	389423381	3
505250	389423382	3984
505250	389423383	2
505250	389423384	37
505250	389423385	22
505250	389423386	16244
505250	389423387	6789
505250	389423388	11
505250	389423389	4
505250	389423390	224070
505250	389423391	1
505250	389423392	4
505250	389423393	100
505250	389423394	12
505250	389423395	36299
505250	389423396	1
505250	389423397	45
505250	389423398	531
505250	389423399	1
505250	389423400	3
505250	389423401	19070
505250	389423402	291
505250	389423403	3
505250	389423404	648
505250	389423405	411
505250	389423406	2
505250	389423407	31
505250	389423408	2033
505250	389423409	6
505250	389423410	3
505250	389423411	49318
505250	389423412	22
505250	389423413	120
505250	389423414	3493
505250	389423415	8606
505250	389423416	15
505250	389423417	3
505250	389423418	583
505250	389423419	881
505250	389423420	1
505250	389423421	5
505250	389423422	11
505250	389423423	7
505250	389423424	1692
505250	389423425	411
505250	389423426	44
505250	389423427	2407484
505250	389423428	173707
505250	389423429	3
505250	389423430	57734
505250	389423431	6
505250	389423432	53
505250	389423433	2
505250	389423434	3028
505250	389423435	43
505250	389423436	3205
505250	389423437	1600
505250	389423438	100787
505250	389423439	45
505250	389423440	531
505250	389423441	143
505250	389423442	1
505250	389423443	16
505250	389423444	4710
505250	389423445	22
505250	389423446	120
505250	389423447	4203
505250	389423448	1
505250	389423449	47
505250	389423450	80
505250	389423451	30
505250	389423452	255
505250	389423453	11
505250	389423454	3
505250	389423455	2351
505250	389423456	22622
505250	389423457	85
505250	389423458	1707
505250	389423459	9859
505250	389423460	1
505250	389423461	2042
505250	389423462	85907
505250	389423463	1
505250	389423464	10
505250	389423465	757
505250	389423466	40
505250	389423467	29687
505250	389423468	15
505250	389423469	22986
505250	389423470	11
505250	389423471	3
505250	389423472	31477
505250	389423473	6
505250	389423474	7
505250	389423475	5235
505250	389423476	1
505250	389423477	7
505250	389423478	802
505250	389423479	6
505250	389423480	25067
505250	389423481	844
505250	389423482	2
505250	389423483	231
505250	389423484	230
505250	389423485	301
505250	389423486	4461
505250	389423487	21
505250	389423488	284
505250	389423489	28
505250	389423490	2718
505250	389423491	1
505250	389423492	5
505250	389423493	2542
505250	389423494	15
505250	389423495	28
505250	389423496	29325
505250	389423497	2
505250	389423498	201
505250	389423499	9859
505250	389423500	131
505250	389423501	63
505250	389423502	1399
505250	389423503	3
505250	389423504	2392
505250	389423505	21
505250	389423506	101308
505250	389423507	11
505250	389423508	3
505250	389423509	327
505250	389423510	11
505250	389423511	28
505250	389423512	1654
505250	389423513	15
505250	389423514	22986
505250	389423515	2
505250	389423516	31
505250	389423517	49318
505250	389423518	10
505250	389423519	3
505250	389423520	15762
505250	389423521	6
505250	389423522	3
505250	389423523	1782
505250	389423524	107799
505250	389423525	107799
505250	389423526	107799
505250	389423527	107799
505250	389423528	107799
505250	389423529	107799
505250	389423530	107799
505250	389423531	107799
505250	389423532	107799
505250	389423533	107799
505250	389423534	26
505250	389423535	12
505250	389423536	10
505250	389423537	3
505250	389423538	18459
505250	389423539	6
505250	389423540	66
505250	389423541	1464
505250	389423542	1
505250	389423543	5
505250	389423544	16171
505250	389423545	40
505250	389423546	3
505250	389423547	399
505250	389423548	328
505250	389423549	2
505250	389423550	31
505250	389423551	752
505250	389423552	6
505250	389423553	3
505250	389423554	921
505250	389423555	6
505250	389423556	3
505250	389423557	49318
505250	389423558	22
505250	389423559	7608
505250	389423560	17789
505250	389423561	17
505250	389423562	3
505250	389423563	1802
505250	389423564	3711
505250	389423565	137
505250	389423566	1950
505250	389423567	15
505250	389423568	64
505250	389423569	21992
505250	389423570	957
505250	389423571	1
505250	389423572	5
505250	389423573	275
505250	389423574	3
505250	389423575	5095
505250	389423576	6
505250	389423577	46
505250	389423578	1109
505250	389423579	183
505250	389423580	66
505250	389423581	4574
505250	389423582	41
505250	389423583	278
505250	389423584	1741
505250	389423585	61666
505250	389423586	96
505250	389423587	11
505250	389423588	2805
505250	389423589	420
505250	389423590	2
505250	389423591	31
505250	389423592	1229
505250	389423593	6
505250	389423594	1687
505250	389423595	15458
505250	389423596	3
505250	389423597	6825
505250	389423598	705
505250	389423599	22
505250	389423600	3
505250	389423601	182
505250	389423602	475
505250	389423603	540
505250	389423604	284382
505250	389423605	1
505250	389423606	4945
505250	389423607	12154
505250	389423608	6
505250	389423609	3
505250	389423610	1447
505250	389423611	1905
505250	389423612	2979
505250	389423613	20
505250	389423614	66
505250	389423615	38302
505250	389423616	5
505250	389423617	4910
505250	389423618	4432
505250	389423619	2
505250	389423620	848
505250	389423621	133
505250	389423622	4574
505250	389423623	59
505250	389423624	16634
505250	389423625	15476
505250	389423626	17
505250	389423627	165
505250	389423628	51276
505250	389423629	752
505250	389423630	1
505250	389423631	25
505250	389423632	42
505250	389423633	59
505250	389423634	52766
505250	389423635	1866319
505250	389423636	2276679
505250	389423637	2
505250	389423638	336
505250	389423639	2792648
505250	389423640	1861357
505250	389423641	1861321
505250	389423642	12
505250	389423643	1
505250	389423644	17
505250	389423645	50
505250	389423646	21110
505250	389423647	940
505250	389423648	1
505250	389423649	148
505250	389423650	675
505250	389423651	29
505250	389423652	1961
505250	389423653	20
505250	389423654	3
505250	389423655	87
505250	389423656	206
505250	389423657	219
505250	389423658	20007
505250	389423659	11
505250	389423660	958
505250	389423661	2
505250	389423662	160
505250	389423663	43
505250	389423664	2398
505250	389423665	12
505250	389423666	3465
505250	389423667	799
505250	389423668	3
505250	389423669	1020
505250	389423670	22
505250	389423671	11343
505250	389423672	1
505250	389423673	61368
505250	389423674	1
505250	389423675	5
505250	389423676	3
505250	389423677	26202
505250	389423678	99
505250	389423679	1976
505250	389423680	3
505250	389423681	238
505250	389423682	4603
505250	389423683	3
505250	389423684	1438
505250	389423685	4
505250	389423686	9830
505250	389423687	2
505250	389423688	4
505250	389423689	52
505250	389423690	22
505250	389423691	36383
505250	389423692	25
505250	389423693	7
505250	389423694	27196
505250	389423695	17047
505250	389423696	7
505250	389423697	23370
505250	389423698	638
505250	389423699	11370
505250	389423700	15
505250	389423701	7
505250	389423702	634
505250	389423703	1
505250	389423704	8615
505250	389423705	33
505250	389423706	14
505250	389423707	1
505250	389423708	716
505250	389423709	1609
505250	389423710	815
505250	389423711	28
505250	389423712	1815
505250	389423713	9502
505250	389423714	382
505250	389423715	3
505250	389423716	2486
505250	389423717	1
505250	389423718	5
505250	389423719	703
505250	389423720	10457
505250	389423721	799
505250	389423722	3
505250	389423723	1379
505250	389423724	123
505250	389423725	107799
505250	389423726	107799
505250	389423727	107799
505250	389423728	107799
505250	389423729	107799
505250	389423730	107799
505250	389423731	107799
505250	389423732	107799
505250	389423733	107799
505250	389423734	107799
505250	389423735	3584
505250	389423736	1378
505250	389423737	18
505250	389423738	290
505250	389423739	3
505250	389423740	4710
505250	389423741	6
505250	389423742	90
505250	389423743	37317
505250	389423744	33
505250	389423745	3
505250	389423746	2457
505250	389423747	249
505250	389423748	6
505250	389423749	3
505250	389423750	634
505250	389423751	1
505250	389423752	5
505250	389423753	8361
505250	389423754	3204
505250	389423755	743777
505250	389423756	2677
505250	389423757	1087
505250	389423758	11
505250	389423759	3
505250	389423760	12359
505250	389423761	1012
505250	389423762	135
505250	389423763	29966
505250	389423764	53
505250	389423765	348
505250	389423766	3
505250	389423767	38286
505250	389423768	41
505250	389423769	601
505250	389423770	33294
505250	389423771	802
505250	389423772	1
505250	389423773	21
505250	389423774	51369
505250	389423775	282
505250	389423776	45
505250	389423777	28
505250	389423778	2259179
505250	389423779	32831
505250	389423780	490947
505250	389423781	2
505250	389423782	2901
505250	389423783	375
505250	389423784	42
505250	389423785	123
505250	389423786	62
505250	389423787	2
505250	389423788	31
505250	389423789	204
505250	389423790	1
505250	389423791	640
505250	389423792	1
505250	389423793	21
505250	389423794	10
505250	389423795	4585
505250	389423796	25
505250	389423797	3
505250	389423798	38286
505250	389423799	36827
505250	389423800	31
505250	389423801	8109
505250	389423802	200017
505250	389423803	2136417
505250	389423804	15
505250	389423805	43
505250	389423806	1229
505250	389423807	1
505250	389423808	5
505250	389423809	1803442
505250	389423810	28
505250	389423811	24219
505250	389423812	1
505250	389423813	21
505250	389423814	3849
505250	389423815	74
505250	389423816	3
505250	389423817	1012
505250	389423818	1
505250	389423819	5
505250	389423820	22
505250	389423821	2979
505250	389423822	20
505250	389423823	16
505250	389423824	10290
505250	389423825	20
505250	389423826	318
505250	389423827	2
505250	389423828	37
505250	389423829	22
505250	389423830	3
505250	389423831	932
505250	389423832	10
505250	389423833	703
505250	389423834	20297
505250	389423835	2
505250	389423836	3
505250	389423837	1867170
505250	389423838	15648
505250	389423839	6
505250	389423840	38286
505250	389423841	11
505250	389423842	17255
505250	389423843	3
505250	389423844	755
505250	389423845	8837
505250	389423846	2
505250	389423847	52
505250	389423848	22
505250	389423849	5986
505250	389423850	12
505250	389423851	10
505250	389423852	8525
505250	389423853	40
505250	389423854	4939
505250	389423855	1
505250	389423856	5
505250	389423857	22
505250	389423858	700
505250	389423859	10870
505250	389423860	40
505250	389423861	3
505250	389423862	465
505250	389423863	239230
505250	389423864	5
505250	389423865	1531
505250	389423866	43655
505250	389423867	2
505250	389423868	628
505250	389423869	3
505250	389423870	204
505250	389423871	12
505250	389423872	37768
505250	389423873	149
505250	389423874	15
505250	389423875	16
505250	389423876	2882
505250	389423877	1
505250	389423878	3
505250	389423879	5583
505250	389423880	6
505250	389423881	16
505250	389423882	1956
505250	389423883	22
505250	389423884	1161
505250	389423885	18589
505250	389423886	26
505250	389423887	5
505250	389423888	12
505250	389423889	22
505250	389423890	1609
505250	389423891	105
505250	389423892	470
505250	389423893	1211
505250	389423894	726
505250	389423895	16
505250	389423896	1026
505250	389423897	36
505250	389423898	558
505250	389423899	1
505250	389423900	5227
505250	389423901	16
505250	389423902	161
505250	389423903	108
505250	389423904	16
505250	389423905	690
505250	389423906	1
505250	389423907	1125
505250	389423908	108
505250	389423909	90
505250	389423910	2724
505250	389423911	6
505250	389423912	16
505250	389423913	13616
505250	389423914	1
505250	389423915	17
505250	389423916	16
505250	389423917	419
505250	389423918	4450
505250	389423919	2646
505250	389423920	108
505250	389423921	16
505250	389423922	1026
505250	389423923	1
505250	389423924	5
505250	389423925	166
505250	389423926	107799
505250	389423927	107799
505250	389423928	107799
505250	389423929	107799
505250	389423930	107799
505250	389423931	107799
505250	389423932	107799
505250	389423933	107799
505250	389423934	107799
505250	389423935	107799
505250	389423936	22
505250	389423937	1675
505250	389423938	9
505250	389423939	30
505250	389423940	3
505250	389423941	29053
505250	389423942	1
505250	389423943	57269
505250	389423944	11
505250	389423945	2021
505250	389423946	5
505250	389423947	752
505250	389423948	1
505250	389423949	5
505250	389423950	45
505250	389423951	224
505250	389423952	22
505250	389423953	13983
505250	389423954	15
505250	389423955	3
505250	389423956	27196
505250	389423957	1
505250	389423958	354
505250	389423959	14384
505250	389423960	332
505250	389423961	315
505250	389423962	932
505250	389423963	2
505250	389423964	37
505250	389423965	22
505250	389423966	82
505250	389423967	6
505250	389423968	3
505250	389423969	321
505250	389423970	7153
505250	389423971	6
505250	389423972	1687
505250	389423973	1
505250	389423974	24
505250	389423975	7455
505250	389423976	11
505250	389423977	16
505250	389423978	232843
505250	389423979	292159
505250	389423980	2
505250	389423981	4432
505250	389423982	1
505250	389423983	5
505250	389423984	22
505250	389423985	1157
505250	389423986	14477
505250	389423987	6
505250	389423988	1861321
505250	389423989	1887628
505250	389423990	7
505250	389423991	185
505250	389423992	1651
505250	389423993	6
505250	389423994	521
505250	389423995	85
505250	389423996	4
505250	389423997	31
505250	389423998	43655
505250	389423999	22
505250	389424000	7
505250	389424001	10236
505250	389424002	6
505250	389424003	957
505250	389424004	1
505250	389424005	236
505250	389424006	309
505250	389424007	47
505250	389424008	3
505250	389424009	8935
505250	389424010	5241
505250	389424011	107716
505250	389424012	55
505250	389424013	3012
505250	389424014	4163
505250	389424015	26
505250	389424016	12
505250	389424017	22
505250	389424018	7
505250	389424019	3317
505250	389424020	818
505250	389424021	1
505250	389424022	160169
505250	389424023	33
505250	389424024	3
505250	389424025	9480
505250	389424026	818
505250	389424027	1
505250	389424028	5
505250	389424029	51
505250	389424030	8887
505250	389424031	15
505250	389424032	3
505250	389424033	755
505250	389424034	2314
505250	389424035	1
505250	389424036	93
505250	389424037	3
505250	389424038	3012
505250	389424039	4163
505250	389424040	1
505250	389424041	100
505250	389424042	3
505250	389424043	35627
505250	389424044	10610
505250	389424045	9
505250	389424046	200
505250	389424047	1164
505250	389424048	2
505250	389424049	4
505250	389424050	31
505250	389424051	43655
505250	389424052	99
505250	389424053	11
505250	389424054	16
505250	389424055	2689
505250	389424056	9837
505250	389424057	6
505250	389424058	921
505250	389424059	1
505250	389424060	7728
505250	389424061	6
505250	389424062	3945
505250	389424063	1
505250	389424064	5
505250	389424065	524
505250	389424066	6
505250	389424067	534
505250	389424068	26
505250	389424069	38
505250	389424070	12
505250	389424071	22
505250	389424072	24
505250	389424073	2638
505250	389424074	1
505250	389424075	47
505250	389424076	99
505250	389424077	56
505250	389424078	189
505250	389424079	490
505250	389424080	38108
505250	389424081	2
505250	389424082	31
505250	389424083	43655
505250	389424084	14001
505250	389424085	149
505250	389424086	9
505250	389424087	30
505250	389424088	4194
505250	389424089	45
505250	389424090	107232
505250	389424091	1
505250	389424092	38
505250	389424093	12
505250	389424094	105
505250	389424095	2471
505250	389424096	113
505250	389424097	5330
505250	389424098	2747
505250	389424099	3
505250	389424100	14335
505250	389424101	4587
505250	389424102	2
505250	389424103	127
505250	389424104	856
505250	389424105	94
505250	389424106	114
505250	389424107	893
505250	389424108	6
505250	389424109	373
505250	389424110	490
505250	389424111	3564
505250	389424112	40
505250	389424113	3
505250	389424114	3383
505250	389424115	6
505250	389424116	7
505250	389424117	43655
505250	389424118	3185
505250	389424119	39034
505250	389424120	1
505250	389424121	376
505250	389424122	54
505250	389424123	36943
505250	389424124	188
505250	389424125	138
505250	389424126	17
505250	389424127	107799
505250	389424128	107799
505250	389424129	107799
505250	389424130	107799
505250	389424131	107799
505250	389424132	107799
505250	389424133	107799
505250	389424134	107799
505250	389424135	107799
505250	389424136	107799
505250	389424137	25259
505250	389424138	117
505250	389424139	11
505250	389424140	1554
505250	389424141	45
505250	389424142	188
505250	389424143	782
505250	389424144	6
505250	389424145	16
505250	389424146	17951
505250	389424147	218
505250	389424148	32
505250	389424149	3
505250	389424150	2687264
505250	389424151	1
505250	389424152	38
505250	389424153	11
505250	389424154	3
505250	389424155	1012
505250	389424156	12
505250	389424157	729
505250	389424158	804
505250	389424159	175
505250	389424160	117
505250	389424161	2
505250	389424162	31
505250	389424163	91219
505250	389424164	22
505250	389424165	1829
505250	389424166	45
505250	389424167	1012
505250	389424168	38286
505250	389424169	9
505250	389424170	299
505250	389424171	336
505250	389424172	75895
505250	389424173	2419726
505250	389424174	1203890
505250	389424175	118
505250	389424176	279
505250	389424177	25568
505250	389424178	1
505250	389424179	22
505250	389424180	1829
505250	389424181	20
505250	389424182	10946
505250	389424183	3034476
505250	389424184	1
505250	389424185	5
505250	389424186	11
505250	389424187	188
505250	389424188	411
505250	389424189	228
505250	389424190	43
505250	389424191	4885
505250	389424192	4047
505250	389424193	22
505250	389424194	1399
505250	389424195	1
505250	389424196	22
505250	389424197	3369
505250	389424198	17
505250	389424199	3
505250	389424200	2035
505250	389424201	753
505250	389424202	1
505250	389424203	5
505250	389424204	3767
505250	389424205	14742
505250	389424206	6
505250	389424207	323
505250	389424208	59
505250	389424209	25830
505250	389424210	9
505250	389424211	371
505250	389424212	62
505250	389424213	4
505250	389424214	13300
505250	389424215	2
505250	389424216	4
505250	389424217	31
505250	389424218	2033
505250	389424219	6
505250	389424220	3
505250	389424221	520376
505250	389424222	22
505250	389424223	466
505250	389424224	2532
505250	389424225	15
505250	389424226	46
505250	389424227	6
505250	389424228	3
505250	389424229	84863
505250	389424230	881
505250	389424231	1
505250	389424232	51
505250	389424233	3716
505250	389424234	1199
505250	389424235	1174
505250	389424236	14
505250	389424237	22
505250	389424238	28931
505250	389424239	15
505250	389424240	3
505250	389424241	6378
505250	389424242	2
505250	389424243	160
505250	389424244	1086
505250	389424245	3
505250	389424246	520376
505250	389424247	22
505250	389424248	177
505250	389424249	626
505250	389424250	7
505250	389424251	8383
505250	389424252	1
505250	389424253	25
505250	389424254	14
505250	389424255	22
505250	389424256	86
505250	389424257	44114
505250	389424258	782
505250	389424259	9
505250	389424260	180
505250	389424261	92
505250	389424262	260
505250	389424263	868
505250	389424264	70
505250	389424265	56
505250	389424266	1145
505250	389424267	108
505250	389424268	118
505250	389424269	5095
505250	389424270	1
505250	389424271	5
505250	389424272	260
505250	389424273	705
505250	389424274	99
505250	389424275	56
505250	389424276	2357
505250	389424277	15
505250	389424278	118
505250	389424279	1526
505250	389424280	5750
505250	389424281	1
505250	389424282	96
505250	389424283	194
505250	389424284	10
505250	389424285	25830
505250	389424286	108
505250	389424287	3
505250	389424288	363
505250	389424289	183
505250	389424290	6
505250	389424291	3
505250	389424292	244
505250	389424293	411
505250	389424294	2
505250	389424295	31
505250	389424296	77
505250	389424297	73
505250	389424298	99
505250	389424299	1592
505250	389424300	6
505250	389424301	7
505250	389424302	773
505250	389424303	36
505250	389424304	1687
505250	389424305	1
505250	389424306	22
505250	389424307	6
505250	389424308	260
505250	389424309	2682
505250	389424310	96
505250	389424311	3
505250	389424312	2479
505250	389424313	6
505250	389424314	3
505250	389424315	773
505250	389424316	36
505250	389424317	2722
505250	389424318	26
505250	389424319	3
505250	389424320	363
505250	389424321	37683
505250	389424322	198
505250	389424323	30
505250	389424324	7
505250	389424325	747
505250	389424326	6223
505250	389424327	1
505250	389424328	107799
505250	389424329	107799
505250	389424330	107799
505250	389424331	107799
505250	389424332	107799
505250	389424333	107799
505250	389424334	107799
505250	389424335	107799
505250	389424336	107799
505250	389424337	107799
505250	389424338	773
505250	389424339	73
505250	389424340	99
505250	389424341	1592
505250	389424342	6
505250	389424343	3
505250	389424344	1687
505250	389424345	1
505250	389424346	116
505250	389424347	52090
505250	389424348	305
505250	389424349	1
505250	389424350	4
505250	389424351	131
505250	389424352	30
505250	389424353	176
505250	389424354	1
505250	389424355	611
505250	389424356	1
505250	389424357	3414
505250	389424358	1
505250	389424359	2430
505250	389424360	1
505250	389424361	5
505250	389424362	20120
505250	389424363	2
505250	389424364	37
505250	389424365	135
505250	389424366	30
505250	389424367	3886
505250	389424368	1
505250	389424369	134736
505250	389424370	1
505250	389424371	18295
505250	389424372	1
505250	389424373	47933
505250	389424374	1
505250	389424375	5
505250	389424376	94151
505250	389424377	1861307
505250	389424378	7
505250	389424379	133
505250	389424380	12519
505250	389424381	1
505250	389424382	5
505250	389424383	50
505250	389424384	2419
505250	389424385	11030
505250	389424386	2
505250	389424387	208
505250	389424388	222
505250	389424389	135
505250	389424390	30
505250	389424391	943
505250	389424392	5
505250	389424393	611
505250	389424394	1
505250	389424395	17
505250	389424396	50
505250	389424397	419
505250	389424398	177
505250	389424399	3013
505250	389424400	47
505250	389424401	9
505250	389424402	6642
505250	389424403	51
505250	389424404	6
505250	389424405	16
505250	389424406	9484
505250	389424407	4946
505250	389424408	3
505250	389424409	4710
505250	389424410	100
505250	389424411	64
505250	389424412	59
505250	389424413	6871
505250	389424414	1
505250	389424415	5
505250	389424416	50
505250	389424417	990
505250	389424418	177
505250	389424419	2419
505250	389424420	47
505250	389424421	9
505250	389424422	7865
505250	389424423	3
505250	389424424	7393
505250	389424425	9484
505250	389424426	262
505250	389424427	12
505250	389424428	251
505250	389424429	24
505250	389424430	111
505250	389424431	53
505250	389424432	2
505250	389424433	11276
505250	389424434	135
505250	389424435	30
505250	389424436	861
505250	389424437	1
505250	389424438	4790
505250	389424439	1
505250	389424440	5
505250	389424441	210
505250	389424442	14952
505250	389424443	2
505250	389424444	1582
505250	389424445	59
505250	389424446	3
505250	389424447	4574
505250	389424448	51
505250	389424449	28883
505250	389424450	6415
505250	389424451	838762
505250	389424452	3
505250	389424453	77
505250	389424454	73
505250	389424455	714
505250	389424456	753
505250	389424457	6
505250	389424458	3
505250	389424459	1687
505250	389424460	2
505250	389424461	37
505250	389424462	135
505250	389424463	24
505250	389424464	1
505250	389424465	4
505250	389424466	3465
505250	389424467	116
505250	389424468	52090
505250	389424469	1
505250	389424470	4
505250	389424471	30
505250	389424472	189
505250	389424473	1926
505250	389424474	6
505250	389424475	13257
505250	389424476	53
505250	389424477	375
505250	389424478	672
505250	389424479	730
505250	389424480	45
505250	389424481	2802
505250	389424482	1
505250	389424483	14
505250	389424484	253
505250	389424485	7
505250	389424486	1950
505250	389424487	5
505250	389424488	96237
505250	389424489	14680
505250	389424490	11
505250	389424491	16
505250	389424492	864
505250	389424493	1
505250	389424494	9
505250	389424495	442
505250	389424496	16
505250	389424497	9484
505250	389424498	828
505250	389424499	218
505250	389424500	42
505250	389424501	22627
505250	389424502	1
505250	389424503	5
505250	389424504	70
505250	389424505	2595
505250	389424506	9
505250	389424507	5964
505250	389424508	53
505250	389424509	100
505250	389424510	42
505250	389424511	91
505250	389424512	24
505250	389424513	2
505250	389424514	4
505250	389424515	493
505250	389424516	59
505250	389424517	4574
505250	389424518	25
505250	389424519	84111
505250	389424520	346
505250	389424521	64
505250	389424522	2069
505250	389424523	6415
505250	389424524	1
505250	389424525	61961
505250	389424526	6285
505250	389424527	25
505250	389424528	70
505250	389424529	107799
505250	389424530	107799
505250	389424531	107799
505250	389424532	107799
505250	389424533	107799
505250	389424534	107799
505250	389424535	107799
505250	389424536	107799
505250	389424537	107799
505250	389424538	107799
505250	389424539	3555
505250	389424540	1
505250	389424541	38
505250	389424542	51
505250	389424543	59
505250	389424544	5861
505250	389424545	6455
505250	389424546	1
505250	389424547	9
505250	389424548	145
505250	389424549	7
505250	389424550	315171
505250	389424551	2044
505250	389424552	498
505250	389424553	263
505250	389424554	118
505250	389424555	9724
505250	389424556	5
505250	389424557	44626
505250	389424558	2118
505250	389424559	2
505250	389424560	1001
505250	389424561	1134
505250	389424562	80
505250	389424563	24
505250	389424564	3903
505250	389424565	117
505250	389424566	9
505250	389424567	111656
505250	389424568	3
505250	389424569	32614
505250	389424570	6
505250	389424571	3
505250	389424572	1531
505250	389424573	7168
505250	389424574	9859
505250	389424575	2
505250	389424576	103
505250	389424577	59
505250	389424578	317
505250	389424579	236
505250	389424580	2380
505250	389424581	47
505250	389424582	957
505250	389424583	5
505250	389424584	842
505250	389424585	11009
505250	389424586	1
505250	389424587	757
505250	389424588	98
505250	389424589	15
505250	389424590	3
505250	389424591	4902
505250	389424592	6
505250	389424593	7
505250	389424594	818
505250	389424595	36
505250	389424596	23695
505250	389424597	1
505250	389424598	91
505250	389424599	171
505250	389424600	1710256
505250	389424601	3
505250	389424602	321
505250	389424603	2076
505250	389424604	12154
505250	389424605	373
505250	389424606	3
505250	389424607	3416
505250	389424608	6
505250	389424609	3
505250	389424610	18925
505250	389424611	30033
505250	389424612	1
505250	389424613	3204
505250	389424614	42
505250	389424615	135
505250	389424616	14803
505250	389424617	3
505250	389424618	818
505250	389424619	47
505250	389424620	12
505250	389424621	5560
505250	389424622	467
505250	389424623	5
505250	389424624	72
505250	389424625	2
505250	389424626	127
505250	389424627	70
505250	389424628	255
505250	389424629	2046
505250	389424630	5
505250	389424631	3340
505250	389424632	20
505250	389424633	9986
505250	389424634	53693
505250	389424635	25
505250	389424636	22508
505250	389424637	20
505250	389424638	11623
505250	389424639	1
505250	389424640	13429
505250	389424641	1
505250	389424642	5
505250	389424643	64
505250	389424644	3
505250	389424645	4
505250	389424646	2805
505250	389424647	15437
505250	389424648	4
505250	389424649	11
505250	389424650	181
505250	389424651	97693
505250	389424652	5
505250	389424653	39016
505250	389424654	1
505250	389424655	5
505250	389424656	51
505250	389424657	16794
505250	389424658	74
505250	389424659	6995
505250	389424660	18621
505250	389424661	3
505250	389424662	1976865
505250	389424663	903
505250	389424664	359
505250	389424665	32212
505250	389424666	15
505250	389424667	3
505250	389424668	3248
505250	389424669	6
505250	389424670	2069
505250	389424671	4165
505250	389424672	1
505250	389424673	5
505250	389424674	475
505250	389424675	540
505250	389424676	4
505250	389424677	2474179
505250	389424678	36
505250	389424679	81626
505250	389424680	114942
505250	389424681	2
505250	389424682	4
505250	389424683	31
505250	389424684	171948
505250	389424685	1
505250	389424686	888
505250	389424687	78
505250	389424688	47
505250	389424689	54
505250	389424690	70
505250	389424691	388
505250	389424692	4573
505250	389424693	79
505250	389424694	3009
505250	389424695	11
505250	389424696	118
505250	389424697	3611
505250	389424698	15
505250	389424699	3
505250	389424700	7168
505250	389424701	9859
505250	389424702	1
505250	389424703	116389
505250	389424704	22
505250	389424705	120
505250	389424706	53191
505250	389424707	1
505250	389424708	253
505250	389424709	1161
505250	389424710	549
505250	389424711	3798
505250	389424712	573
505250	389424713	1
505250	389424714	5
505250	389424715	7
505250	389424716	9480
505250	389424717	3652
505250	389424718	22
505250	389424719	626
505250	389424720	25953
505250	389424721	1
505250	389424722	252
505250	389424723	42
505250	389424724	1151
505250	389424725	18838
505250	389424726	334
505250	389424727	1861307
505250	389424728	7
505250	389424729	14680
505250	389424730	107799
505250	389424731	107799
505250	389424732	107799
505250	389424733	107799
505250	389424734	107799
505250	389424735	107799
505250	389424736	107799
505250	389424737	107799
505250	389424738	107799
505250	389424739	107799
505250	389424740	1
505250	389424741	5
505250	389424742	22
505250	389424743	630
505250	389424744	1399
505250	389424745	45
505250	389424746	7180
505250	389424747	33
505250	389424748	690
505250	389424749	1
505250	389424750	5
505250	389424751	118
505250	389424752	336
505250	389424753	2787543
505250	389424754	5764
505250	389424755	932
505250	389424756	22
505250	389424757	3
505250	389424758	19070
505250	389424759	2
505250	389424760	31
505250	389424761	11185
505250	389424762	31
505250	389424763	2422
505250	389424764	3305724
505250	389424765	99
505250	389424766	7
505250	389424767	4710
505250	389424768	21951
505250	389424769	2898
505250	389424770	6
505250	389424771	3
505250	389424772	141
505250	389424773	74073
505250	389424774	1
505250	389424775	31646
505250	389424776	382
505250	389424777	96
505250	389424778	113
505250	389424779	164
505250	389424780	818
505250	389424781	26
505250	389424782	599
505250	389424783	14
505250	389424784	22
505250	389424785	1424
505250	389424786	1837
505250	389424787	96
505250	389424788	36325
505250	389424789	2
505250	389424790	1987263
505250	389424791	331867
505250	389424792	2810118
505250	389424793	336
505250	389424794	2369410
505250	389424795	3
505250	389424796	17544
505250	389424797	5
505250	389424798	149507
505250	389424799	1162
505250	389424800	354
505250	389424801	5136
505250	389424802	332
505250	389424803	932
505250	389424804	1
505250	389424805	22
505250	389424806	4762
505250	389424807	1694
505250	389424808	1
505250	389424809	5
505250	389424810	21574
505250	389424811	89440
505250	389424812	1
505250	389424813	1663
505250	389424814	1672
505250	389424815	1674
505250	389424816	1245
505250	389424817	7180
505250	389424818	1
505250	389424819	1182034
505250	389424820	3580
505250	389424821	2
505250	389424822	31
505250	389424823	3832
505250	389424824	11
505250	389424825	1086
505250	389424826	99
505250	389424827	56
505250	389424828	9
505250	389424829	1306
505250	389424830	3
505250	389424831	74073
505250	389424832	24116
505250	389424833	15
505250	389424834	4
505250	389424835	3
505250	389424836	552
505250	389424837	4
505250	389424838	11
505250	389424839	4144
505250	389424840	3069
505250	389424841	45
505250	389424842	7
505250	389424843	571
505250	389424844	26
505250	389424845	43
505250	389424846	10
505250	389424847	9
505250	389424848	371
505250	389424849	53
505250	389424850	40
505250	389424851	5819
505250	389424852	113
505250	389424853	33800
505250	389424854	1
505250	389424855	55
505250	389424856	40
505250	389424857	253
505250	389424858	7275
505250	389424859	17
505250	389424860	209
505250	389424861	4
505250	389424862	1460
505250	389424863	45
505250	389424864	3
505250	389424865	106
505250	389424866	2
505250	389424867	4
505250	389424868	201
505250	389424869	24532
505250	389424870	141
505250	389424871	1378
505250	389424872	99
505250	389424873	3051687
505250	389424874	309
505250	389424875	6
505250	389424876	118
505250	389424877	18137
505250	389424878	40
505250	389424879	3
505250	389424880	455
505250	389424881	25
505250	389424882	14
505250	389424883	10
505250	389424884	7
505250	389424885	185
505250	389424886	8383
505250	389424887	17
505250	389424888	3
505250	389424889	3036
505250	389424890	7656
505250	389424891	1
505250	389424892	1212
505250	389424893	47011
505250	389424894	1
505250	389424895	5
505250	389424896	2983
505250	389424897	2183
505250	389424898	108
505250	389424899	3
505250	389424900	1824
505250	389424901	6
505250	389424902	3
505250	389424903	1367
505250	389424904	7898
505250	389424905	4767
505250	389424906	45
505250	389424907	317800
505250	389424908	5
505250	389424909	206119
505250	389424910	2
505250	389424911	31
505250	389424912	3449
505250	389424913	1212
505250	389424914	818
505250	389424915	22
505250	389424916	203
505250	389424917	3712
505250	389424918	7
505250	389424919	9695
505250	389424920	1
505250	389424921	5
505250	389424922	746
505250	389424923	118
505250	389424924	7737
505250	389424925	919
505250	389424926	1
505250	389424927	15701
505250	389424928	112
505250	389424929	1
505250	389424930	5
505250	389424931	107799
505250	389424932	107799
505250	389424933	107799
505250	389424934	107799
505250	389424935	107799
505250	389424936	107799
505250	389424937	107799
505250	389424938	107799
505250	389424939	107799
505250	389424940	107799
505250	389424941	14
505250	389424942	14326
505250	389424943	776
505250	389424944	6
505250	389424945	3
505250	389424946	3584
505250	389424947	12174
505250	389424948	137
505250	389424949	1950
505250	389424950	15
505250	389424951	3
505250	389424952	2401
505250	389424953	17135
505250	389424954	6
505250	389424955	118
505250	389424956	4918
505250	389424957	2
505250	389424958	1880964
505250	389424959	3159040
505250	389424960	3385799
505250	389424961	2
505250	389424962	1203890
505250	389424963	1861321
505250	389424964	23504
505250	389424965	45
505250	389424966	10647
505250	389424967	1
505250	389424968	5
505250	389424969	191
505250	389424970	6047
505250	389424971	74
505250	389424972	3
505250	389424973	1117
505250	389424974	6
505250	389424975	2120425
505250	389424976	79
505250	389424977	2111572
505250	389424978	1
505250	389424979	6654
505250	389424980	729
505250	389424981	804
505250	389424982	30
505250	389424983	9444
505250	389424984	9
505250	389424985	200
505250	389424986	3
505250	389424987	36887
505250	389424988	40
505250	389424989	3
505250	389424990	1736
505250	389424991	15
505250	389424992	3
505250	389424993	3768
505250	389424994	6483
505250	389424995	6
505250	389424996	4303
505250	389424997	2
505250	389424998	31
505250	389424999	7611
505250	389425000	12739
505250	389425001	70
505250	389425002	2250
505250	389425003	66
505250	389425004	52554
505250	389425005	855
505250	389425006	3
505250	389425007	249
505250	389425008	6
505250	389425009	3
505250	389425010	1445
505250	389425011	1
505250	389425012	9
505250	389425013	23009
505250	389425014	15
505250	389425015	3
505250	389425016	8220
505250	389425017	8025
505250	389425018	6408
505250	389425019	6294
505250	389425020	15
505250	389425021	3
505250	389425022	972
505250	389425023	12963
505250	389425024	6
505250	389425025	11664
505250	389425026	2
505250	389425027	127
505250	389425028	120
505250	389425029	360
505250	389425030	4842
505250	389425031	25
505250	389425032	42
505250	389425033	1778
505250	389425034	21189
505250	389425035	40
505250	389425036	3
505250	389425037	3852
505250	389425038	5799
505250	389425039	137
505250	389425040	6632
505250	389425041	66
505250	389425042	13220
505250	389425043	11
505250	389425044	3
505250	389425045	32138
505250	389425046	8227
505250	389425047	6
505250	389425048	3
505250	389425049	2084
505250	389425050	327
505250	389425051	1
505250	389425052	5
505250	389425053	25
505250	389425054	66
505250	389425055	1517
505250	389425056	1447
505250	389425057	6
505250	389425058	1687
505250	389425059	1
505250	389425060	81
505250	389425061	729
505250	389425062	804
505250	389425063	1013
505250	389425064	9
505250	389425065	1202
505250	389425066	150
505250	389425067	1
505250	389425068	80
505250	389425069	379
505250	389425070	12
505250	389425071	33632
505250	389425072	45
505250	389425073	58972
505250	389425074	3611
505250	389425075	26
505250	389425076	5
505250	389425077	1
505250	389425078	3787
505250	389425079	3
505250	389425080	7283
505250	389425081	4574
505250	389425082	6
505250	389425083	66
505250	389425084	6412
505250	389425085	1
505250	389425086	29886
505250	389425087	74
505250	389425088	320784
505250	389425089	406
505250	389425090	1517
505250	389425091	12207
505250	389425092	2
505250	389425093	31
505250	389425094	3054
505250	389425095	818
505250	389425096	1861305
505250	389425097	3
505250	389425098	3053881
505250	389425099	82
505250	389425100	6
505250	389425101	3
505250	389425102	6194
505250	389425103	6
505250	389425104	16
505250	389425105	1861321
505250	389425106	664
505250	389425107	2
505250	389425108	311
505250	389425109	465
505250	389425110	4166
505250	389425111	6
505250	389425112	7
505250	389425113	28458
505250	389425114	818
505250	389425115	22
505250	389425116	466
505250	389425117	3006
505250	389425118	166
505250	389425119	11
505250	389425120	43
505250	389425121	411
505250	389425122	2
505250	389425123	31
505250	389425124	818
505250	389425125	22
505250	389425126	11831
505250	389425127	17
505250	389425128	7
505250	389425129	16095
505250	389425130	2825
505250	389425131	16
505250	389425132	107799
505250	389425133	107799
505250	389425134	107799
505250	389425135	107799
505250	389425136	107799
505250	389425137	107799
505250	389425138	107799
505250	389425139	107799
505250	389425140	107799
505250	389425141	107799
505250	389425142	6
505250	389425143	3
505250	389425144	18194
505250	389425145	1267
505250	389425146	2
505250	389425147	4
505250	389425148	136682
505250	389425149	6
505250	389425150	16
505250	389425151	16197
505250	389425152	11
505250	389425153	45885
505250	389425154	150
505250	389425155	1
505250	389425156	22
505250	389425157	3
505250	389425158	240301
505250	389425159	22622
505250	389425160	6
505250	389425161	7
505250	389425162	2352
505250	389425163	92
505250	389425164	10
505250	389425165	2319
505250	389425166	33
505250	389425167	3
505250	389425168	2082
505250	389425169	6
505250	389425170	3274045
505250	389425171	1
505250	389425172	11
505250	389425173	3835
505250	389425174	2
505250	389425175	31
505250	389425176	11090
505250	389425177	10
505250	389425178	4545
505250	389425179	5666
505250	389425180	2
505250	389425181	10538
505250	389425182	363
505250	389425183	1872
505250	389425184	41
505250	389425185	3413
505250	389425186	20
505250	389425187	1475
505250	389425188	1
505250	389425189	38
505250	389425190	86
505250	389425191	1324532
505250	389425192	58
505250	389425193	669
505250	389425194	94
505250	389425195	12741
505250	389425196	9
505250	389425197	134
505250	389425198	15
505250	389425199	66
505250	389425200	3442
505250	389425201	2
505250	389425202	789
505250	389425203	1534
505250	389425204	891463
505250	389425205	773
505250	389425206	123
505250	389425207	33
505250	389425208	3
505250	389425209	2082
505250	389425210	2972684
505250	389425211	45
505250	389425212	7
505250	389425213	28458
505250	389425214	818
505250	389425215	2
505250	389425216	37
505250	389425217	8300
505250	389425218	3
505250	389425219	705
505250	389425220	6
505250	389425221	3
505250	389425222	1600
505250	389425223	15
505250	389425224	3
505250	389425225	2352
505250	389425226	1
505250	389425227	5
505250	389425228	1964
505250	389425229	7
505250	389425230	780
505250	389425231	3084
505250	389425232	11
505250	389425233	16
505250	389425234	499
505250	389425235	2
505250	389425236	31
505250	389425237	3584
505250	389425238	5
505250	389425239	2822058
505250	389425240	1222
505250	389425241	170
505250	389425242	590
505250	389425243	7579
505250	389425244	16
505250	389425245	2292
505250	389425246	26
505250	389425247	6534
505250	389425248	74
505250	389425249	3
505250	389425250	664
505250	389425251	1
505250	389425252	12
505250	389425253	4530
505250	389425254	16
505250	389425255	106
505250	389425256	159
505250	389425257	3
505250	389425258	2066
505250	389425259	2
505250	389425260	37
505250	389425261	58
505250	389425262	24
505250	389425263	1
505250	389425264	640
505250	389425265	1
505250	389425266	408
505250	389425267	18838
505250	389425268	344
505250	389425269	15
505250	389425270	3
505250	389425271	2352
505250	389425272	9
505250	389425273	5913
505250	389425274	46
505250	389425275	17
505250	389425276	51
505250	389425277	12
505250	389425278	10
505250	389425279	9432
505250	389425280	26
505250	389425281	4216
505250	389425282	3
505250	389425283	2207
505250	389425284	7579
505250	389425285	65
505250	389425286	10
505250	389425287	3450
505250	389425288	1
505250	389425289	5
505250	389425290	42
505250	389425291	284
505250	389425292	2823
505250	389425293	7
505250	389425294	2415
505250	389425295	15
505250	389425296	217
505250	389425297	927
505250	389425298	6
505250	389425299	1136
505250	389425300	1
505250	389425301	5
505250	389425302	953
505250	389425303	14
505250	389425304	295
505250	389425305	29
505250	389425306	2
505250	389425307	31
505250	389425308	1517
505250	389425309	1378
505250	389425310	3284
505250	389425311	3
505250	389425312	182
505250	389425313	11
505250	389425314	16
505250	389425315	499
505250	389425316	1
505250	389425317	5
505250	389425318	7388
505250	389425319	46
505250	389425320	51
505250	389425321	18
505250	389425322	56
505250	389425323	4806
505250	389425324	15
505250	389425325	29
505250	389425326	1
505250	389425327	5
505250	389425328	84
505250	389425329	1
505250	389425330	17
505250	389425331	7
505250	389425332	2118
505250	389425333	107799
505250	389425334	107799
505250	389425335	107799
505250	389425336	107799
505250	389425337	107799
505250	389425338	107799
505250	389425339	107799
505250	389425340	107799
505250	389425341	107799
505250	389425342	107799
505250	389425343	128
505250	389425344	3601
505250	389425345	275
505250	389425346	3
505250	389425347	2848399
505250	389425348	6041
505250	389425349	14
505250	389425350	159
505250	389425351	3
505250	389425352	12090
505250	389425353	1
505250	389425354	5
505250	389425355	12064
505250	389425356	14
505250	389425357	15
505250	389425358	16
505250	389425359	1026
505250	389425360	26
505250	389425361	7
505250	389425362	612
505250	389425363	6
505250	389425364	5477
505250	389425365	10
505250	389425366	703
505250	389425367	8562
505250	389425368	17
505250	389425369	3
505250	389425370	771
505250	389425371	1
505250	389425372	5
505250	389425373	151
505250	389425374	3909
505250	389425375	3888
505250	389425376	41
505250	389425377	2655
505250	389425378	2
505250	389425379	75
505250	389425380	3
505250	389425381	321
505250	389425382	1694
505250	389425383	5
505250	389425384	3244
505250	389425385	6
505250	389425386	64
505250	389425387	3
505250	389425388	1481
505250	389425389	6
505250	389425390	1687
505250	389425391	54
505250	389425392	70
505250	389425393	56
505250	389425394	10589
505250	389425395	1
505250	389425396	5
505250	389425397	6
505250	389425398	64
505250	389425399	1687
505250	389425400	854
505250	389425401	1
505250	389425402	22
505250	389425403	3
505250	389425404	1351
505250	389425405	6
505250	389425406	3
505250	389425407	9011
505250	389425408	2
505250	389425409	1258
505250	389425410	7
505250	389425411	4900
505250	389425412	6
505250	389425413	3464
505250	389425414	12
505250	389425415	22
505250	389425416	278
505250	389425417	1094
505250	389425418	96
505250	389425419	11
505250	389425420	113
505250	389425421	164
505250	389425422	4041
505250	389425423	1
505250	389425424	20
505250	389425425	3
505250	389425426	9011
505250	389425427	818
505250	389425428	2983
505250	389425429	18196
505250	389425430	29151
505250	389425431	6
505250	389425432	16
505250	389425433	1026
505250	389425434	1
505250	389425435	5
505250	389425436	714
505250	389425437	32
505250	389425438	420
505250	389425439	1587
505250	389425440	2254
505250	389425441	6
505250	389425442	16
505250	389425443	2692
505250	389425444	1592
505250	389425445	2
505250	389425446	30666
505250	389425447	59
505250	389425448	3
505250	389425449	3054
505250	389425450	916
505250	389425451	6
505250	389425452	64
505250	389425453	755
505250	389425454	1687
505250	389425455	5
505250	389425456	6
505250	389425457	6733
505250	389425458	26
505250	389425459	5
505250	389425460	14
505250	389425461	22
505250	389425462	379
505250	389425463	7
505250	389425464	455
505250	389425465	1
505250	389425466	25
505250	389425467	3
505250	389425468	9011
505250	389425469	818
505250	389425470	22
505250	389425471	85971
505250	389425472	3
505250	389425473	2618
505250	389425474	2729
505250	389425475	6
505250	389425476	16
505250	389425477	1447
505250	389425478	96
505250	389425479	113
505250	389425480	539
505250	389425481	2
505250	389425482	341
505250	389425483	43
505250	389425484	1068
505250	389425485	54
505250	389425486	91
505250	389425487	5226
505250	389425488	90
505250	389425489	532
505250	389425490	6
505250	389425491	3
505250	389425492	3767
505250	389425493	524
505250	389425494	3
505250	389425495	9011
505250	389425496	818
505250	389425497	36
505250	389425498	2568
505250	389425499	99
505250	389425500	291
505250	389425501	16
505250	389425502	2618
505250	389425503	631
505250	389425504	1
505250	389425505	9
505250	389425506	171
505250	389425507	29
505250	389425508	24
505250	389425509	143
505250	389425510	66198
505250	389425511	12390
505250	389425512	3
505250	389425513	2037
505250	389425514	3370577
505250	389425515	1
505250	389425516	38
505250	389425517	379
505250	389425518	40261
505250	389425519	16
505250	389425520	1587
505250	389425521	150
505250	389425522	15
505250	389425523	118
505250	389425524	3248
505250	389425525	2
505250	389425526	160
505250	389425527	9677
505250	389425528	5
505250	389425529	4939
505250	389425530	1
505250	389425531	3
505250	389425532	9011
505250	389425533	818
505250	389425534	107799
505250	389425535	107799
505250	389425536	107799
505250	389425537	107799
505250	389425538	107799
505250	389425539	107799
505250	389425540	107799
505250	389425541	107799
505250	389425542	107799
505250	389425543	107799
505250	389425544	18869
505250	389425545	304
505250	389425546	82
505250	389425547	6
505250	389425548	3
505250	389425549	2035
505250	389425550	8023
505250	389425551	6
505250	389425552	7
505250	389425553	24292
505250	389425554	5444
505250	389425555	2
505250	389425556	160
505250	389425557	41372
505250	389425558	1
505250	389425559	461751
505250	389425560	5
505250	389425561	78485
505250	389425562	1308
505250	389425563	26446
505250	389425564	150
505250	389425565	108
505250	389425566	66
505250	389425567	2482
505250	389425568	8012
505250	389425569	1345
505250	389425570	1
505250	389425571	767
505250	389425572	66
505250	389425573	13361
505250	389425574	1
505250	389425575	17
505250	389425576	86
505250	389425577	164
505250	389425578	3293
505250	389425579	1351
505250	389425580	96
505250	389425581	3
505250	389425582	2638
505250	389425583	818
505250	389425584	26
505250	389425585	14
505250	389425586	22
505250	389425587	24
505250	389425588	143
505250	389425589	1762
505250	389425590	1694
505250	389425591	1
505250	389425592	38
505250	389425593	317
505250	389425594	17123
505250	389425595	9
505250	389425596	941
505250	389425597	3
505250	389425598	3757
505250	389425599	73535
505250	389425600	6
505250	389425601	179
505250	389425602	122
505250	389425603	2722
505250	389425604	6
505250	389425605	1163
505250	389425606	11
505250	389425607	16
505250	389425608	4578
505250	389425609	2
505250	389425610	341
505250	389425611	64
505250	389425612	66
505250	389425613	2166
505250	389425614	5
505250	389425615	32681
505250	389425616	1
505250	389425617	42
505250	389425618	105
505250	389425619	4137
505250	389425620	1418
505250	389425621	3524
505250	389425622	611
505250	389425623	9
505250	389425624	115
505250	389425625	1869
505250	389425626	15
505250	389425627	66
505250	389425628	1138
505250	389425629	6
505250	389425630	2452
505250	389425631	2
505250	389425632	425605
505250	389425633	34644
505250	389425634	25
505250	389425635	12
505250	389425636	4
505250	389425637	105
505250	389425638	1423
505250	389425639	137
505250	389425640	2266
505250	389425641	15
505250	389425642	113
505250	389425643	2914178
505250	389425644	275
505250	389425645	3
505250	389425646	508
505250	389425647	47
505250	389425648	12
505250	389425649	68
505250	389425650	15
505250	389425651	16
505250	389425652	1408
505250	389425653	55623
505250	389425654	23
505250	389425655	4
505250	389425656	29117
505250	389425657	1
505250	389425658	94
505250	389425659	2600
505250	389425660	3757
505250	389425661	1418
505250	389425662	1
505250	389425663	5834
505250	389425664	1
505250	389425665	4
505250	389425666	25
505250	389425667	3
505250	389425668	1026
505250	389425669	22
505250	389425670	3
505250	389425671	488
505250	389425672	6
505250	389425673	3
505250	389425674	818
505250	389425675	26
505250	389425676	64
505250	389425677	3
505250	389425678	2936
505250	389425679	5
505250	389425680	8937
505250	389425681	6
505250	389425682	118
505250	389425683	631
505250	389425684	59
505250	389425685	16721
505250	389425686	15
505250	389425687	16
505250	389425688	1026
505250	389425689	36
505250	389425690	1108
505250	389425691	26
505250	389425692	5
505250	389425693	179
505250	389425694	2936
505250	389425695	5
505250	389425696	8937
505250	389425697	59
505250	389425698	537651
505250	389425699	148200
505250	389425700	3
505250	389425701	7561
505250	389425702	2
505250	389425703	4
505250	389425704	37
505250	389425705	35953
505250	389425706	1
505250	389425707	4
505250	389425708	147060
505250	389425709	473
505250	389425710	117
505250	389425711	25
505250	389425712	14
505250	389425713	635
505250	389425714	107
505250	389425715	9
505250	389425716	30
505250	389425717	191
505250	389425718	17
505250	389425719	3
505250	389425720	6312
505250	389425721	26
505250	389425722	38
505250	389425723	3
505250	389425724	818
505250	389425725	1584
505250	389425726	3
505250	389425727	2757
505250	389425728	9
505250	389425729	16841
505250	389425730	2
505250	389425731	4
505250	389425732	1121
505250	389425733	3
505250	389425734	9011
505250	389425735	107799
505250	389425736	107799
505250	389425737	107799
505250	389425738	107799
505250	389425739	107799
505250	389425740	107799
505250	389425741	107799
505250	389425742	107799
505250	389425743	107799
505250	389425744	107799
505250	389425745	22
505250	389425746	6524
505250	389425747	1
505250	389425748	22
505250	389425749	16345
505250	389425750	17131
505250	389425751	11
505250	389425752	3
505250	389425753	4425
505250	389425754	14680
505250	389425755	6
505250	389425756	118
505250	389425757	1117
505250	389425758	26
505250	389425759	148
505250	389425760	454
505250	389425761	96
505250	389425762	113
505250	389425763	1799
505250	389425764	6
505250	389425765	118
505250	389425766	4918
505250	389425767	14
505250	389425768	34323
505250	389425769	1
505250	389425770	354
505250	389425771	1593
505250	389425772	332
505250	389425773	188
505250	389425774	4273
505250	389425775	1
505250	389425776	118
505250	389425777	1950
505250	389425778	864
505250	389425779	2
505250	389425780	968
505250	389425781	164
505250	389425782	1687
505250	389425783	21189
505250	389425784	55
505250	389425785	37299
505250	389425786	1
505250	389425787	55
505250	389425788	70
505250	389425789	66
505250	389425790	20256
505250	389425791	4574
505250	389425792	61806
505250	389425793	1
505250	389425794	3
505250	389425795	9011
505250	389425796	818
505250	389425797	639
505250	389425798	9
505250	389425799	63
505250	389425800	20574
505250	389425801	2344
505250	389425802	344
505250	389425803	9
505250	389425804	10243
505250	389425805	188
505250	389425806	164
505250	389425807	507
505250	389425808	1
505250	389425809	5
505250	389425810	194
505250	389425811	5148
505250	389425812	3
505250	389425813	244
505250	389425814	1
505250	389425815	29724
505250	389425816	3
505250	389425817	1430
505250	389425818	1
505250	389425819	25
505250	389425820	3
505250	389425821	9011
505250	389425822	818
505250	389425823	2314
505250	389425824	22
505250	389425825	3
505250	389425826	321
505250	389425827	1094
505250	389425828	6
505250	389425829	3
505250	389425830	403
505250	389425831	4918
505250	389425832	2
505250	389425833	52
505250	389425834	22
505250	389425835	1246
505250	389425836	9
505250	389425837	180
505250	389425838	148
505250	389425839	12685
505250	389425840	22
505250	389425841	12039
505250	389425842	20
505250	389425843	3
505250	389425844	6242
505250	389425845	51
505250	389425846	2183
505250	389425847	467
505250	389425848	177
505250	389425849	224
505250	389425850	8703
505250	389425851	28506
505250	389425852	15
505250	389425853	3
505250	389425854	7795
505250	389425855	753
505250	389425856	6
505250	389425857	3
505250	389425858	9011
505250	389425859	818
505250	389425860	1
505250	389425861	20
505250	389425862	3
505250	389425863	1026
505250	389425864	58
505250	389425865	24
505250	389425866	2910
505250	389425867	3
505250	389425868	34679
505250	389425869	1
505250	389425870	4140
505250	389425871	4282
505250	389425872	9
505250	389425873	8368
505250	389425874	14
505250	389425875	32
505250	389425876	5370
505250	389425877	8806
505250	389425878	1
505250	389425879	8377
505250	389425880	29294
505250	389425881	23
505250	389425882	3259485
505250	389425883	220
505250	389425884	220
505250	389425885	1
505250	389425886	2393294
505250	389425887	9068
505250	389425888	76
505250	389425889	1916549
505250	389425890	4
505250	389425891	420925
505250	389425892	336
505250	389425893	2469537
505250	389425894	79
505250	389425895	95481
505250	389425896	2
505250	389425897	336
505250	389425898	218459
505250	389425899	95481
505250	389425900	2
505250	389425901	1861357
505250	389425902	210
505250	389425903	3
505250	389425904	1600
505250	389425905	36
505250	389425906	3442
505250	389425907	2
505250	389425908	311
505250	389425909	950
505250	389425910	9011
505250	389425911	5
505250	389425912	82
505250	389425913	818
505250	389425914	80
505250	389425915	115
505250	389425916	3
505250	389425917	359
505250	389425918	6
505250	389425919	930
505250	389425920	155
505250	389425921	26
505250	389425922	5
505250	389425923	229
505250	389425924	1
505250	389425925	218
505250	389425926	703
505250	389425927	17805
505250	389425928	7
505250	389425929	857
505250	389425930	137
505250	389425931	996
505250	389425932	1
505250	389425933	2399
505250	389425934	44255
505250	389425935	5
505250	389425936	107799
505250	389425937	107799
505250	389425938	107799
505250	389425939	107799
505250	389425940	107799
505250	389425941	107799
505250	389425942	107799
505250	389425943	107799
505250	389425944	107799
505250	389425945	107799
505250	389425946	30194
505250	389425947	34387
505250	389425948	5
505250	389425949	1905
505250	389425950	19110
505250	389425951	916
505250	389425952	1
505250	389425953	8754
505250	389425954	5
505250	389425955	15030
505250	389425956	787
505250	389425957	11
505250	389425958	3
505250	389425959	89713
505250	389425960	4550
505250	389425961	6
505250	389425962	16
505250	389425963	1026
505250	389425964	36
505250	389425965	419
505250	389425966	2
505250	389425967	31
505250	389425968	9011
505250	389425969	1687
505250	389425970	6
505250	389425971	4939
505250	389425972	5
505250	389425973	4646
505250	389425974	59
505250	389425975	3
505250	389425976	4870
505250	389425977	11
505250	389425978	3
505250	389425979	234
505250	389425980	1
505250	389425981	5
505250	389425982	1
505250	389425983	9162
505250	389425984	17
505250	389425985	50
505250	389425986	1647
505250	389425987	3128
505250	389425988	3220
505250	389425989	17
505250	389425990	3206
505250	389425991	1
505250	389425992	59
505250	389425993	7
505250	389425994	3289
505250	389425995	20
505250	389425996	3
505250	389425997	321
505250	389425998	15544
505250	389425999	4898
505250	389426000	2
505250	389426001	482
505250	389426002	593
505250	389426003	3464
505250	389426004	10865
505250	389426005	3
505250	389426006	705
505250	389426007	6
505250	389426008	122
505250	389426009	155
505250	389426010	5
505250	389426011	122
505250	389426012	1687
505250	389426013	2
505250	389426014	31
505250	389426015	622
505250	389426016	6
505250	389426017	36234
505250	389426018	53
505250	389426019	11
505250	389426020	3
505250	389426021	6648
505250	389426022	25926
505250	389426023	9
505250	389426024	22
505250	389426025	1694
505250	389426026	85
505250	389426027	3
505250	389426028	23909
505250	389426029	1
505250	389426030	32
505250	389426031	66
505250	389426032	2405
505250	389426033	1
505250	389426034	59
505250	389426035	390
505250	389426036	40
505250	389426037	66
505250	389426038	193
505250	389426039	5
505250	389426040	159756
505250	389426041	45
505250	389426042	7
505250	389426043	47889
505250	389426044	6607
505250	389426045	57595
505250	389426046	6
505250	389426047	28
505250	389426048	15923
505250	389426049	2
505250	389426050	31
505250	389426051	3447
505250	389426052	22
505250	389426053	1
505250	389426054	25
505250	389426055	3
505250	389426056	1687
505250	389426057	55678
505250	389426058	170
505250	389426059	590
505250	389426060	17
505250	389426061	3
505250	389426062	3464
505250	389426063	1
505250	389426064	1322933
505250	389426065	4210
505250	389426066	15
505250	389426067	1837
505250	389426068	13361
505250	389426069	1
505250	389426070	5
505250	389426071	1337
505250	389426072	9
505250	389426073	501
505250	389426074	7
505250	389426075	2118
505250	389426076	6
505250	389426077	1956
505250	389426078	92
505250	389426079	44
505250	389426080	2182
505250	389426081	7992
505250	389426082	62
505250	389426083	11
505250	389426084	2305
505250	389426085	2421
505250	389426086	295
505250	389426087	187
505250	389426088	15
505250	389426089	385
505250	389426090	67012
505250	389426091	7620
505250	389426092	42
505250	389426093	41
505250	389426094	177
505250	389426095	360
505250	389426096	12039
505250	389426097	2
505250	389426098	3357388
505250	389426099	59174
505250	389426100	16
505250	389426101	185
505250	389426102	2595
505250	389426103	15
505250	389426104	25376
505250	389426105	3
505250	389426106	230
505250	389426107	4337
505250	389426108	2184
505250	389426109	6
505250	389426110	1086
505250	389426111	359012
505250	389426112	5302
505250	389426113	10815
505250	389426114	6
505250	389426115	9484
505250	389426116	1
505250	389426117	49746
505250	389426118	1
505250	389426119	5
505250	389426120	100772
505250	389426121	1687
505250	389426122	25
505250	389426123	55423
505250	389426124	20531
505250	389426125	1
505250	389426126	11
505250	389426127	133
505250	389426128	3562
505250	389426129	5
505250	389426130	2611
505250	389426131	1
505250	389426132	17
505250	389426133	224
505250	389426134	6
505250	389426135	3
505250	389426136	17135
505250	389426137	107799
505250	389426138	107799
505250	389426139	107799
505250	389426140	107799
505250	389426141	107799
505250	389426142	107799
505250	389426143	107799
505250	389426144	107799
505250	389426145	107799
505250	389426146	107799
505250	389426147	208
505250	389426148	185
505250	389426149	2711
505250	389426150	99
505250	389426151	56
505250	389426152	7
505250	389426153	846
505250	389426154	6
505250	389426155	122
505250	389426156	9011
505250	389426157	1687
505250	389426158	1
505250	389426159	1125
505250	389426160	212
505250	389426161	7
505250	389426162	1213
505250	389426163	1
505250	389426164	107
505250	389426165	897
505250	389426166	51
505250	389426167	22
505250	389426168	82067
505250	389426169	50
505250	389426170	47889
505250	389426171	168474
505250	389426172	10981
505250	389426173	15923
505250	389426174	2
505250	389426175	848
505250	389426176	1687
505250	389426177	59
505250	389426178	1
505250	389426179	588
505250	389426180	1
505250	389426181	3
505250	389426182	38663
505250	389426183	6
505250	389426184	3
505250	389426185	2861765
505250	389426186	22
505250	389426187	2231
505250	389426188	11
505250	389426189	3
505250	389426190	802
505250	389426191	20
505250	389426192	16
505250	389426193	1026
505250	389426194	1
505250	389426195	3
505250	389426196	1799
505250	389426197	458
505250	389426198	98
505250	389426199	1
505250	389426200	17
505250	389426201	7737
505250	389426202	47267
505250	389426203	5
505250	389426204	30189
505250	389426205	419
505250	389426206	1
505250	389426207	108
505250	389426208	3
505250	389426209	2692
505250	389426210	1592
505250	389426211	10666
505250	389426212	1
505250	389426213	8994
505250	389426214	7
505250	389426215	3014
505250	389426216	5
505250	389426217	34971
505250	389426218	92
505250	389426219	99
505250	389426220	4019
505250	389426221	56
505250	389426222	30863
505250	389426223	11
505250	389426224	3
505250	389426225	593
505250	389426226	74704
505250	389426227	51
505250	389426228	70
505250	389426229	56
505250	389426230	3
505250	389426231	1278
505250	389426232	6
505250	389426233	957
505250	389426234	1
505250	389426235	5
505250	389426236	9874
505250	389426237	3
505250	389426238	68325
505250	389426239	6
505250	389426240	842
505250	389426241	32369
505250	389426242	2
505250	389426243	3150
505250	389426244	6705
505250	389426245	114
505250	389426246	2835
505250	389426247	6
505250	389426248	1687
505250	389426249	1
505250	389426250	45612
505250	389426251	6
505250	389426252	3
505250	389426253	3237
505250	389426254	7588
505250	389426255	17806
505250	389426256	1
505250	389426257	54
505250	389426258	11588
505250	389426259	122
505250	389426260	3556
505250	389426261	5770
505250	389426262	332
505250	389426263	11989
505250	389426264	85
505250	389426265	351
505250	389426266	1
505250	389426267	3
505250	389426268	8943
505250	389426269	6
505250	389426270	568
505250	389426271	22715
505250	389426272	26
505250	389426273	3
505250	389426274	539
505250	389426275	1
505250	389426276	2376
505250	389426277	20
505250	389426278	118
505250	389426279	2611
505250	389426280	2
505250	389426281	4
505250	389426282	31
505250	389426283	1034
505250	389426284	76
505250	389426285	9695
505250	389426286	4
505250	389426287	22
505250	389426288	3
505250	389426289	2805
505250	389426290	3449
505250	389426291	1212
505250	389426292	29053
505250	389426293	26
505250	389426294	38
505250	389426295	137
505250	389426296	21189
505250	389426297	40
505250	389426298	3
505250	389426299	2618
505250	389426300	14244
505250	389426301	3210
505250	389426302	8544
505250	389426303	25985
505250	389426304	4785
505250	389426305	368
505250	389426306	6
505250	389426307	118
505250	389426308	61126
505250	389426309	96
505250	389426310	3224204
505250	389426311	2257530
505250	389426312	76
505250	389426313	230763
505250	389426314	2
505250	389426315	3
505250	389426316	758
505250	389426317	39701
505250	389426318	6
505250	389426319	3113
505250	389426320	5
505250	389426321	7737
505250	389426322	919
505250	389426323	2
505250	389426324	31
505250	389426325	780
505250	389426326	10204
505250	389426327	5
505250	389426328	7412
505250	389426329	5317
505250	389426330	1380
505250	389426331	6
505250	389426332	3
505250	389426333	52751
505250	389426334	675
505250	389426335	14
505250	389426336	6762
505250	389426337	14833
505250	389426338	107799
505250	389426339	107799
505250	389426340	107799
505250	389426341	107799
505250	389426342	107799
505250	389426343	107799
505250	389426344	107799
505250	389426345	107799
505250	389426346	107799
505250	389426347	107799
505250	389426348	1319
505250	389426349	7
505250	389426350	24471
505250	389426351	1
505250	389426352	5
505250	389426353	118
505250	389426354	2098
505250	389426355	782
505250	389426356	52646
505250	389426357	17
505250	389426358	3
505250	389426359	2644
505250	389426360	5750
505250	389426361	6
505250	389426362	43
505250	389426363	470
505250	389426364	1378
505250	389426365	2
505250	389426366	1582
505250	389426367	59
505250	389426368	3
505250	389426369	1687
505250	389426370	92
505250	389426371	1517
505250	389426372	40460
505250	389426373	5
505250	389426374	67795
505250	389426375	637
505250	389426376	2645
505250	389426377	6
505250	389426378	1
505250	389426379	5
505250	389426380	3097
505250	389426381	183
505250	389426382	52089
505250	389426383	3
505250	389426384	3365
505250	389426385	2
505250	389426386	103
505250	389426387	91
505250	389426388	12
505250	389426389	255
505250	389426390	11
505250	389426391	1086
505250	389426392	1
505250	389426393	5
505250	389426394	2859
505250	389426395	11
505250	389426396	114
505250	389426397	142
505250	389426398	411
505250	389426399	1
505250	389426400	29467
505250	389426401	66
505250	389426402	35735
505250	389426403	1276
505250	389426404	156
505250	389426405	130
505250	389426406	7
505250	389426407	2341534
505250	389426408	1
505250	389426409	5
505250	389426410	26583
505250	389426411	8553
505250	389426412	6
505250	389426413	3140
505250	389426414	3383
505250	389426415	108
505250	389426416	3
505250	389426417	363
505250	389426418	25146
505250	389426419	2
505250	389426420	109
505250	389426421	22
505250	389426422	3
505250	389426423	3224
505250	389426424	89
505250	389426425	53
505250	389426426	15
505250	389426427	1034
505250	389426428	22
505250	389426429	8532
505250	389426430	114
505250	389426431	11247
505250	389426432	2
505250	389426433	31
505250	389426434	3365
505250	389426435	7785
505250	389426436	3
505250	389426437	3689
505250	389426438	6
505250	389426439	3
505250	389426440	2272
505250	389426441	15
505250	389426442	165
505250	389426443	15103
505250	389426444	90224
505250	389426445	1267
505250	389426446	26
505250	389426447	20
505250	389426448	91762
505250	389426449	1
505250	389426450	1386
505250	389426451	9
505250	389426452	3871
505250	389426453	7
505250	389426454	516
505250	389426455	40
505250	389426456	448
505250	389426457	137
505250	389426458	490
505250	389426459	2938
505250	389426460	11
505250	389426461	3
505250	389426462	380034
505250	389426463	36
505250	389426464	3113
505250	389426465	1
505250	389426466	17007
505250	389426467	500
505250	389426468	74
505250	389426469	33752
505250	389426470	6
505250	389426471	3
505250	389426472	34466
505250	389426473	23909
505250	389426474	1
505250	389426475	476
505250	389426476	14
505250	389426477	20327
505250	389426478	51
505250	389426479	22
505250	389426480	321
505250	389426481	31857
505250	389426482	1861305
505250	389426483	3
505250	389426484	3614
505250	389426485	1
505250	389426486	55
505250	389426487	3
505250	389426488	1805
505250	389426489	92
505250	389426490	27268
505250	389426491	165
505250	389426492	4574
505250	389426493	11
505250	389426494	3
505250	389426495	9585
505250	389426496	9412
505250	389426497	6
505250	389426498	3
505250	389426499	5930
505250	389426500	2
505250	389426501	127
505250	389426502	91
505250	389426503	24
505250	389426504	7501
505250	389426505	189
505250	389426506	554
505250	389426507	3
505250	389426508	429
505250	389426509	1
505250	389426510	73
505250	389426511	24145
505250	389426512	282
505250	389426513	25
505250	389426514	28
505250	389426515	380034
505250	389426516	9645
505250	389426517	113
505250	389426518	1178
505250	389426519	6062
505250	389426520	40
505250	389426521	13038
505250	389426522	3
505250	389426523	24405
505250	389426524	6
505250	389426525	28
505250	389426526	24989
505250	389426527	1714
505250	389426528	2
505250	389426529	17194
505250	389426530	10
505250	389426531	7
505250	389426532	818
505250	389426533	11
505250	389426534	51
505250	389426535	41
505250	389426536	17205
505250	389426537	3
505250	389426538	507
505250	389426539	107799
505250	389426540	107799
505250	389426541	107799
505250	389426542	107799
505250	389426543	107799
505250	389426544	107799
505250	389426545	107799
505250	389426546	107799
505250	389426547	107799
505250	389426548	107799
505250	389426549	40
505250	389426550	7
505250	389426551	399
505250	389426552	2979
505250	389426553	20
505250	389426554	2611
505250	389426555	26
505250	389426556	599
505250	389426557	17
505250	389426558	1687
505250	389426559	1
505250	389426560	166
505250	389426561	454
505250	389426562	96
505250	389426563	17
505250	389426564	155
505250	389426565	1
505250	389426566	7263
505250	389426567	59
505250	389426568	17260
505250	389426569	2
505250	389426570	201
505250	389426571	2509552
505250	389426572	1
505250	389426573	3584
505250	389426574	1378
505250	389426575	1
505250	389426576	210
505250	389426577	113
505250	389426578	8460
505250	389426579	1
505250	389426580	18127
505250	389426581	177
505250	389426582	224
505250	389426583	22386
505250	389426584	25
505250	389426585	21
505250	389426586	5554
505250	389426587	7
505250	389426588	1288
505250	389426589	18137
505250	389426590	2
505250	389426591	307
505250	389426592	1926
505250	389426593	10
505250	389426594	21
505250	389426595	6
505250	389426596	28
505250	389426597	14486
505250	389426598	27172
505250	389426599	1
505250	389426600	25
505250	389426601	21
505250	389426602	44
505250	389426603	32
505250	389426604	113
505250	389426605	87
505250	389426606	30601
505250	389426607	28
505250	389426608	23909
505250	389426609	9
505250	389426610	63
505250	389426611	7
505250	389426612	53803
505250	389426613	17
505250	389426614	3
505250	389426615	347
505250	389426616	2
505250	389426617	1258
505250	389426618	7
505250	389426619	2323
505250	389426620	1
505250	389426621	21
505250	389426622	202
505250	389426623	753
505250	389426624	6
505250	389426625	4
505250	389426626	3
505250	389426627	748
505250	389426628	1
505250	389426629	4
505250	389426630	5
505250	389426631	44
505250	389426632	1159
505250	389426633	14
505250	389426634	946
505250	389426635	1
505250	389426636	6498
505250	389426637	62
505250	389426638	118
505250	389426639	31530
505250	389426640	79
505250	389426641	2260715
505250	389426642	1
505250	389426643	67252
505250	389426644	118
505250	389426645	7119
505250	389426646	1
505250	389426647	5
505250	389426648	1063
505250	389426649	23868
505250	389426650	15
505250	389426651	118
505250	389426652	215
505250	389426653	3
505250	389426654	4
505250	389426655	3847
505250	389426656	3653
505250	389426657	1
505250	389426658	4
505250	389426659	20
505250	389426660	3
505250	389426661	204
505250	389426662	4142
505250	389426663	33
505250	389426664	3
505250	389426665	456
505250	389426666	2
505250	389426667	3150
505250	389426668	412
505250	389426669	4341
505250	389426670	28
505250	389426671	1026
505250	389426672	33
505250	389426673	7
505250	389426674	4381
505250	389426675	11612
505250	389426676	1
505250	389426677	21
505250	389426678	4461
505250	389426679	44
505250	389426680	7434
505250	389426681	113905
505250	389426682	1
505250	389426683	6877
505250	389426684	3
505250	389426685	92482
505250	389426686	40
505250	389426687	118
505250	389426688	11975
505250	389426689	1
505250	389426690	5
505250	389426691	9555
505250	389426692	94
505250	389426693	3
505250	389426694	6787
505250	389426695	25
505250	389426696	3
505250	389426697	571
505250	389426698	135
505250	389426699	30
505250	389426700	31689
505250	389426701	1
505250	389426702	5
505250	389426703	84
505250	389426704	8658
505250	389426705	3
505250	389426706	1600
505250	389426707	45
505250	389426708	3
505250	389426709	8656
505250	389426710	498
505250	389426711	263
505250	389426712	3
505250	389426713	163
505250	389426714	2
505250	389426715	313
505250	389426716	1796
505250	389426717	753
505250	389426718	11488
505250	389426719	15
505250	389426720	3
505250	389426721	6017
505250	389426722	5
505250	389426723	8704
505250	389426724	1
505250	389426725	5
505250	389426726	273
505250	389426727	113
505250	389426728	6
505250	389426729	3
505250	389426730	141
505250	389426731	962
505250	389426732	41
505250	389426733	527039
505250	389426734	55
505250	389426735	1059
505250	389426736	1
505250	389426737	21
505250	389426738	32
505250	389426739	11513
505250	389426740	107799
505250	389426741	107799
505250	389426742	107799
505250	389426743	107799
505250	389426744	107799
505250	389426745	107799
505250	389426746	107799
505250	389426747	107799
505250	389426748	107799
505250	389426749	107799
505250	389426750	5
505250	389426751	15708
505250	389426752	53
505250	389426753	275
505250	389426754	3
505250	389426755	10443
505250	389426756	1989
505250	389426757	2
505250	389426758	591
505250	389426759	3
505250	389426760	1074
505250	389426761	10
505250	389426762	310
505250	389426763	17194
505250	389426764	221
505250	389426765	9
505250	389426766	7501
505250	389426767	3
505250	389426768	1257715
505250	389426769	4189
505250	389426770	1
505250	389426771	5
505250	389426772	3647
505250	389426773	3
505250	389426774	403
505250	389426775	735
505250	389426776	1
505250	389426777	739
505250	389426778	159
505250	389426779	3
505250	389426780	46531
505250	389426781	17
505250	389426782	3956
505250	389426783	32
505250	389426784	65
505250	389426785	21
505250	389426786	1675
505250	389426787	9
505250	389426788	12
505250	389426789	3
505250	389426790	85958
505250	389426791	4522
505250	389426792	11
505250	389426793	3
505250	389426794	1098332
505250	389426795	552
505250	389426796	2
505250	389426797	17194
505250	389426798	105
505250	389426799	44
505250	389426800	2356
505250	389426801	3
505250	389426802	2164
505250	389426803	9
505250	389426804	6650
505250	389426805	11
505250	389426806	978
505250	389426807	113
505250	389426808	1744
505250	389426809	2789
505250	389426810	6971
505250	389426811	15
505250	389426812	28
505250	389426813	1026
505250	389426814	1
505250	389426815	2247
505250	389426816	1
505250	389426817	55
505250	389426818	66
505250	389426819	347
505250	389426820	1
505250	389426821	51
505250	389426822	10
505250	389426823	24
505250	389426824	2824862
505250	389426825	1173960
505250	389426826	1154989
505250	389426827	26
505250	389426828	11
505250	389426829	46
505250	389426830	585
505250	389426831	1
505250	389426832	21
505250	389426833	105
505250	389426834	7880
505250	389426835	3
505250	389426836	4045
505250	389426837	170
505250	389426838	797
505250	389426839	2
505250	389426840	160
505250	389426841	542
505250	389426842	5135
505250	389426843	43
505250	389426844	818
505250	389426845	13384
505250	389426846	7
505250	389426847	185
505250	389426848	1651
505250	389426849	6
505250	389426850	705
505250	389426851	1
505250	389426852	252
505250	389426853	21
505250	389426854	44
505250	389426855	24
505250	389426856	2091
505250	389426857	3
505250	389426858	24475
505250	389426859	25818
505250	389426860	1394
505250	389426861	74
505250	389426862	3
505250	389426863	1981624
505250	389426864	2
505250	389426865	57
505250	389426866	68
505250	389426867	24
505250	389426868	22130
505250	389426869	232
505250	389426870	3244
505250	389426871	8110
505250	389426872	14502
505250	389426873	15
505250	389426874	187
505250	389426875	73
505250	389426876	6391
505250	389426877	49
505250	389426878	1
505250	389426879	38
505250	389426880	44
505250	389426881	7558
505250	389426882	4012
505250	389426883	1744
505250	389426884	1
505250	389426885	100
505250	389426886	21
505250	389426887	1042
505250	389426888	17
505250	389426889	14
505250	389426890	1
505250	389426891	92
505250	389426892	4161
505250	389426893	15
505250	389426894	113
505250	389426895	6
505250	389426896	3
505250	389426897	2753
505250	389426898	2
505250	389426899	57
505250	389426900	887
505250	389426901	9
505250	389426902	615
505250	389426903	3
505250	389426904	2292
505250	389426905	6
505250	389426906	302
505250	389426907	1
505250	389426908	5
505250	389426909	44
505250	389426910	1742
505250	389426911	772
505250	389426912	45
505250	389426913	28
505250	389426914	622
505250	389426915	1199
505250	389426916	2061788
505250	389426917	21
505250	389426918	24825
505250	389426919	3
505250	389426920	5829
505250	389426921	915
505250	389426922	2
505250	389426923	178
505250	389426924	113
505250	389426925	959
505250	389426926	10
505250	389426927	66478
505250	389426928	15
505250	389426929	11
505250	389426930	51
505250	389426931	21
505250	389426932	202
505250	389426933	50
505250	389426934	715
505250	389426935	1
505250	389426936	21
505250	389426937	44
505250	389426938	23480
505250	389426939	5
505250	389426940	34353
505250	389426941	107799
505250	389426942	107799
505250	389426943	107799
505250	389426944	107799
505250	389426945	107799
505250	389426946	107799
505250	389426947	107799
505250	389426948	107799
505250	389426949	107799
505250	389426950	107799
505250	389426951	209
505250	389426952	22054
505250	389426953	768
505250	389426954	2
505250	389426955	57
505250	389426956	44
505250	389426957	1734
505250	389426958	1174
505250	389426959	861
505250	389426960	1
505250	389426961	17
505250	389426962	50
505250	389426963	4910
505250	389426964	419
505250	389426965	787
505250	389426966	108
505250	389426967	28
505250	389426968	1026
505250	389426969	1
505250	389426970	159
505250	389426971	269
505250	389426972	17290
505250	389426973	33
505250	389426974	3914
505250	389426975	55
505250	389426976	4624
505250	389426977	26
505250	389426978	38
505250	389426979	567
505250	389426980	113
505250	389426981	192
505250	389426982	30
505250	389426983	22418
505250	389426984	2903567
505250	389426985	57239
505250	389426986	55
505250	389426987	5266
505250	389426988	1
505250	389426989	89
505250	389426990	3
505250	389426991	24744
505250	389426992	11
505250	389426993	3
505250	389426994	1664
505250	389426995	1
505250	389426996	55
505250	389426997	15454
505250	389426998	4385
505250	389426999	1
505250	389427000	5
505250	389427001	21
505250	389427002	44
505250	389427003	134
505250	389427004	276
505250	389427005	1470
505250	389427006	17
505250	389427007	1789
505250	389427008	2
505250	389427009	201
505250	389427010	818
505250	389427011	1
505250	389427012	36067
505250	389427013	601
505250	389427014	282
505250	389427015	3
505250	389427016	4574
505250	389427017	6
505250	389427018	3
505250	389427019	122
505250	389427020	321
505250	389427021	3584
505250	389427022	2391217
505250	389427023	6
505250	389427024	28
505250	389427025	402
505250	389427026	1
505250	389427027	2151
505250	389427028	38
505250	389427029	3683
505250	389427030	9385
505250	389427031	40
505250	389427032	7
505250	389427033	14486
505250	389427034	1
505250	389427035	3584
505250	389427036	4215
505250	389427037	26
505250	389427038	121
505250	389427039	41
505250	389427040	1
505250	389427041	32
505250	389427042	420
505250	389427043	1
505250	389427044	6678
505250	389427045	11
505250	389427046	28
505250	389427047	419
505250	389427048	1
505250	389427049	6
505250	389427050	1956
505250	389427051	1
505250	389427052	6
505250	389427053	534
505250	389427054	1
505250	389427055	6
505250	389427056	1691
505250	389427057	1
505250	389427058	6
505250	389427059	892
505250	389427060	1
505250	389427061	1028
505250	389427062	120
505250	389427063	2069
505250	389427064	25
505250	389427065	14
505250	389427066	10
505250	389427067	2551
505250	389427068	1
505250	389427069	5
505250	389427070	12564
505250	389427071	3
505250	389427072	2166
505250	389427073	20
505250	389427074	3
505250	389427075	204
505250	389427076	17
505250	389427077	3
505250	389427078	532
505250	389427079	25
505250	389427080	262879
505250	389427081	10
505250	389427082	588
505250	389427083	18362
505250	389427084	1
505250	389427085	5
505250	389427086	25
505250	389427087	3
505250	389427088	2632
505250	389427089	6
505250	389427090	1550
505250	389427091	155
505250	389427092	41
505250	389427093	20049
505250	389427094	11
505250	389427095	3
505250	389427096	2285
505250	389427097	6
505250	389427098	2184
505250	389427099	26
505250	389427100	599
505250	389427101	14
505250	389427102	10
505250	389427103	1090
505250	389427104	1
505250	389427105	11
505250	389427106	13024
505250	389427107	43
505250	389427108	2979
505250	389427109	818
505250	389427110	1
505250	389427111	9
505250	389427112	2116
505250	389427113	25
505250	389427114	21
505250	389427115	10
505250	389427116	7065
505250	389427117	6
505250	389427118	7
505250	389427119	5531
505250	389427120	2611
505250	389427121	24
505250	389427122	3713
505250	389427123	6971
505250	389427124	15
505250	389427125	6223
505250	389427126	150
505250	389427127	2
505250	389427128	67
505250	389427129	229
505250	389427130	17194
505250	389427131	10
505250	389427132	143
505250	389427133	82
505250	389427134	6
505250	389427135	3
505250	389427136	224
505250	389427137	3584
505250	389427138	4165
505250	389427139	137
505250	389427140	2983
505250	389427141	9
505250	389427142	107799
505250	389427143	107799
505250	389427144	107799
505250	389427145	107799
505250	389427146	107799
505250	389427147	107799
505250	389427148	107799
505250	389427149	107799
505250	389427150	107799
505250	389427151	107799
505250	389427152	66
505250	389427153	3097
505250	389427154	6527
505250	389427155	1
505250	389427156	8476
505250	389427157	117
505250	389427158	4093
505250	389427159	6
505250	389427160	3689
505250	389427161	1
505250	389427162	42033
505250	389427163	1
505250	389427164	5
505250	389427165	2296
505250	389427166	2
505250	389427167	5139
505250	389427168	22
505250	389427169	1877278
505250	389427170	20
505250	389427171	755
505250	389427172	1687
505250	389427173	1
505250	389427174	382
505250	389427175	51
505250	389427176	22
505250	389427177	3
505250	389427178	363
505250	389427179	235234
505250	389427180	1
505250	389427181	50
505250	389427182	26415
505250	389427183	6
505250	389427184	3
505250	389427185	19419
505250	389427186	6
505250	389427187	4540
505250	389427188	1
505250	389427189	5
505250	389427190	229
505250	389427191	22
505250	389427192	105
505250	389427193	2044
505250	389427194	31891
505250	389427195	74
505250	389427196	842
505250	389427197	1267
505250	389427198	2
505250	389427199	201
505250	389427200	818
505250	389427201	1
505250	389427202	2182
505250	389427203	1205
505250	389427204	1
505250	389427205	7
505250	389427206	1936
505250	389427207	1196
505250	389427208	24747
505250	389427209	1
505250	389427210	10
505250	389427211	1695
505250	389427212	45
505250	389427213	3
505250	389427214	5975
505250	389427215	11
505250	389427216	185
505250	389427217	3247
505250	389427218	1
505250	389427219	5
505250	389427220	22427
505250	389427221	9
505250	389427222	4584
505250	389427223	7
505250	389427224	8790
505250	389427225	1
505250	389427226	5277
505250	389427227	11
505250	389427228	3
505250	389427229	8786
505250	389427230	20
505250	389427231	3
505250	389427232	3580
505250	389427233	6
505250	389427234	4148
505250	389427235	2
505250	389427236	443
505250	389427237	82
505250	389427238	1484
505250	389427239	1
505250	389427240	7
505250	389427241	70586
505250	389427242	1
505250	389427243	1510
505250	389427244	130
505250	389427245	22089
505250	389427246	9
505250	389427247	3510
505250	389427248	1
505250	389427249	289
505250	389427250	33
505250	389427251	3
505250	389427252	13060
505250	389427253	1
505250	389427254	5
505250	389427255	257
505250	389427256	3
505250	389427257	8790
505250	389427258	2739
505250	389427259	12
505250	389427260	4520
505250	389427261	29
505250	389427262	45
505250	389427263	3
505250	389427264	2084
505250	389427265	2143
505250	389427266	2
505250	389427267	201
505250	389427268	22796
505250	389427269	9
505250	389427270	30
505250	389427271	261
505250	389427272	595
505250	389427273	301
505250	389427274	1
505250	389427275	523
505250	389427276	3
505250	389427277	8790
505250	389427278	24
505250	389427279	143
505250	389427280	6701
505250	389427281	16
505250	389427282	11714
505250	389427283	38
505250	389427284	25827
505250	389427285	16
505250	389427286	916
505250	389427287	17
505250	389427288	3
505250	389427289	363
505250	389427290	818
505250	389427291	1
505250	389427292	5
505250	389427293	575
505250	389427294	16
505250	389427295	325
505250	389427296	1
505250	389427297	5
505250	389427298	3
505250	389427299	122
505250	389427300	2184
505250	389427301	10181
505250	389427302	3
505250	389427303	244
505250	389427304	4408
505250	389427305	20
505250	389427306	224
505250	389427307	214
505250	389427308	2
505250	389427309	706
505250	389427310	110
505250	389427311	4765
505250	389427312	1
505250	389427313	11
505250	389427314	3
505250	389427315	11453
505250	389427316	6
505250	389427317	1627
505250	389427318	1
505250	389427319	35367
505250	389427320	7
505250	389427321	16959
505250	389427322	20
505250	389427323	7
505250	389427324	141
505250	389427325	818
505250	389427326	25
505250	389427327	9787
505250	389427328	1921
505250	389427329	74
505250	389427330	2915
505250	389427331	1944283
505250	389427332	1
505250	389427333	5
505250	389427334	3
505250	389427335	122
505250	389427336	2511707
505250	389427337	575
505250	389427338	21255
505250	389427339	2
505250	389427340	52
505250	389427341	10
505250	389427342	7
505250	389427343	107799
505250	389427344	107799
505250	389427345	107799
505250	389427346	107799
505250	389427347	107799
505250	389427348	107799
505250	389427349	107799
505250	389427350	107799
505250	389427351	107799
505250	389427352	107799
505250	389427353	141
505250	389427354	11528
505250	389427355	1
505250	389427356	73
505250	389427357	44
505250	389427358	23480
505250	389427359	32
505250	389427360	4148
505250	389427361	218
505250	389427362	3
505250	389427363	110
505250	389427364	4765
505250	389427365	44
505250	389427366	333
505250	389427367	132008
505250	389427368	533
505250	389427369	1
505250	389427370	5430
505250	389427371	3560
505250	389427372	9
505250	389427373	5964
505250	389427374	16
505250	389427375	141
505250	389427376	325
505250	389427377	156
505250	389427378	130
505250	389427379	113
505250	389427380	5413
505250	389427381	16
505250	389427382	15727
505250	389427383	153
505250	389427384	2408
505250	389427385	768
505250	389427386	2
505250	389427387	356
505250	389427388	3
505250	389427389	1375
505250	389427390	6
505250	389427391	53021
505250	389427392	57305
505250	389427393	121
505250	389427394	41
505250	389427395	122
505250	389427396	1687
505250	389427397	6971
505250	389427398	15
505250	389427399	3
505250	389427400	1722
505250	389427401	6
505250	389427402	1976235
505250	389427403	36
505250	389427404	8926
505250	389427405	1
505250	389427406	51
505250	389427407	19711
505250	389427408	500
505250	389427409	11
505250	389427410	3
505250	389427411	1375
505250	389427412	45
505250	389427413	767
505250	389427414	32
505250	389427415	3
505250	389427416	5552
505250	389427417	6
505250	389427418	3
505250	389427419	1702
505250	389427420	20
505250	389427421	3
505250	389427422	12125
505250	389427423	6
505250	389427424	3
505250	389427425	4444
505250	389427426	1
505250	389427427	5
505250	389427428	84
505250	389427429	24305
505250	389427430	53
505250	389427431	374
505250	389427432	3
505250	389427433	4071
505250	389427434	733
505250	389427435	2054
505250	389427436	592
505250	389427437	42
505250	389427438	41
505250	389427439	11
505250	389427440	531
505250	389427441	2
505250	389427442	4888
505250	389427443	815
505250	389427444	386
505250	389427445	425
505250	389427446	189
505250	389427447	779
505250	389427448	770
505250	389427449	20
505250	389427450	82
505250	389427451	6
505250	389427452	53
505250	389427453	1
505250	389427454	5
505250	389427455	12
505250	389427456	10435
505250	389427457	124
505250	389427458	15
505250	389427459	8203
505250	389427460	4301
505250	389427461	2
505250	389427462	31
505250	389427463	1516
505250	389427464	11
505250	389427465	46
505250	389427466	180474
505250	389427467	190
505250	389427468	18093
505250	389427469	414
505250	389427470	374
505250	389427471	3
505250	389427472	5276
505250	389427473	1
505250	389427474	5
505250	389427475	21156
505250	389427476	3
505250	389427477	532
505250	389427478	25
505250	389427479	12
505250	389427480	18
505250	389427481	757
505250	389427482	7
505250	389427483	537
505250	389427484	6
505250	389427485	4
505250	389427486	196
505250	389427487	47965
505250	389427488	3
505250	389427489	138
505250	389427490	2
505250	389427491	4
505250	389427492	311
505250	389427493	1768
505250	389427494	1196
505250	389427495	1
505250	389427496	6443
505250	389427497	11
505250	389427498	3
505250	389427499	632
505250	389427500	6
505250	389427501	29969
505250	389427502	1
505250	389427503	16446
505250	389427504	7
505250	389427505	818
505250	389427506	73
505250	389427507	17597
505250	389427508	7
505250	389427509	185
505250	389427510	1805
505250	389427511	20
505250	389427512	3
505250	389427513	20587
505250	389427514	6
505250	389427515	1375
505250	389427516	1
505250	389427517	5
505250	389427518	777
505250	389427519	955
505250	389427520	1864293
505250	389427521	305404
505250	389427522	36
505250	389427523	1020
505250	389427524	1
505250	389427525	5
505250	389427526	557
505250	389427527	382
505250	389427528	3
505250	389427529	1215
505250	389427530	9
505250	389427531	299
505250	389427532	4
505250	389427533	3
505250	389427534	2499
505250	389427535	1
505250	389427536	4
505250	389427537	3
505250	389427538	244
505250	389427539	47
505250	389427540	104
505250	389427541	3
505250	389427542	3947
505250	389427543	77
505250	389427544	107799
505250	389427545	107799
505250	389427546	107799
505250	389427547	107799
505250	389427548	107799
505250	389427549	107799
505250	389427550	107799
505250	389427551	107799
505250	389427552	107799
505250	389427553	107799
505250	389427554	217
505250	389427555	6
505250	389427556	845
505250	389427557	33
505250	389427558	3
505250	389427559	4
505250	389427560	932
505250	389427561	4
505250	389427562	17
505250	389427563	7
505250	389427564	8483
505250	389427565	7848
505250	389427566	100
505250	389427567	616
505250	389427568	1
505250	389427569	17446
505250	389427570	3
505250	389427571	818
505250	389427572	16
505250	389427573	150
505250	389427574	2
505250	389427575	706
505250	389427576	17594
505250	389427577	3418
505250	389427578	910
505250	389427579	143
505250	389427580	9
505250	389427581	30
505250	389427582	4
505250	389427583	132065
505250	389427584	4
505250	389427585	45
505250	389427586	16
505250	389427587	1026
505250	389427588	36
505250	389427589	2895
505250	389427590	1
505250	389427591	5
505250	389427592	100
505250	389427593	3
505250	389427594	818
505250	389427595	7388
505250	389427596	3
505250	389427597	440
505250	389427598	6
505250	389427599	3
505250	389427600	2683
505250	389427601	1
505250	389427602	30
505250	389427603	10
505250	389427604	1742
505250	389427605	44360
505250	389427606	15
505250	389427607	3
505250	389427608	211
505250	389427609	2
505250	389427610	742
505250	389427611	214
505250	389427612	497
505250	389427613	1
505250	389427614	14
505250	389427615	10
505250	389427616	24
505250	389427617	8962
505250	389427618	11
505250	389427619	10521
505250	389427620	9
505250	389427621	11084
505250	389427622	1687
505250	389427623	6596
505250	389427624	2009400
505250	389427625	9
505250	389427626	5351
505250	389427627	6690
505250	389427628	2
505250	389427629	231
505250	389427630	116
505250	389427631	37458
505250	389427632	18
505250	389427633	7
505250	389427634	1290
505250	389427635	6
505250	389427636	1687
505250	389427637	51
505250	389427638	12
505250	389427639	17924
505250	389427640	334
505250	389427641	33
505250	389427642	7
505250	389427643	736
505250	389427644	6
505250	389427645	166401
505250	389427646	2
505250	389427647	814
505250	389427648	7
505250	389427649	6083
505250	389427650	3
505250	389427651	1857
505250	389427652	6
505250	389427653	3
505250	389427654	6690
505250	389427655	10
505250	389427656	2933
505250	389427657	5762
505250	389427658	4808
505250	389427659	4805
505250	389427660	4809
505250	389427661	9
505250	389427662	30
505250	389427663	7556
505250	389427664	41936
505250	389427665	1
505250	389427666	100
505250	389427667	3
505250	389427668	37056
505250	389427669	44
505250	389427670	134
505250	389427671	15
505250	389427672	3
505250	389427673	4187
505250	389427674	9
505250	389427675	111
505250	389427676	720
505250	389427677	3
505250	389427678	1687
505250	389427679	41
505250	389427680	434
505250	389427681	66
505250	389427682	908
505250	389427683	1
505250	389427684	5
505250	389427685	188
505250	389427686	192
505250	389427687	887
505250	389427688	9
505250	389427689	30
505250	389427690	520
505250	389427691	2
505250	389427692	1772
505250	389427693	5
505250	389427694	217
505250	389427695	7534
505250	389427696	44
505250	389427697	7264
505250	389427698	1
505250	389427699	5
505250	389427700	1028
505250	389427701	41587
505250	389427702	1
505250	389427703	375
505250	389427704	3
505250	389427705	2882
505250	389427706	300
505250	389427707	9
505250	389427708	5427
505250	389427709	25
505250	389427710	16
505250	389427711	1687
505250	389427712	41
505250	389427713	1217
505250	389427714	90
505250	389427715	18108
505250	389427716	108
505250	389427717	29
505250	389427718	2
505250	389427719	11097
505250	389427720	12
505250	389427721	1166
505250	389427722	79
505250	389427723	52106
505250	389427724	50
505250	389427725	8881
505250	389427726	228
505250	389427727	64
505250	389427728	3
505250	389427729	3307
505250	389427730	6
505250	389427731	3
505250	389427732	2184
505250	389427733	58
505250	389427734	30
505250	389427735	255
505250	389427736	1
505250	389427737	5
505250	389427738	3
505250	389427739	1949
505250	389427740	10
505250	389427741	703
505250	389427742	12494
505250	389427743	2
505250	389427744	814
505250	389427745	107799
505250	389427746	107799
505250	389427747	107799
505250	389427748	107799
505250	389427749	107799
505250	389427750	107799
505250	389427751	107799
505250	389427752	107799
505250	389427753	107799
505250	389427754	107799
505250	389427755	82
505250	389427756	6
505250	389427757	53
505250	389427758	10
505250	389427759	255
505250	389427760	9
505250	389427761	4750
505250	389427762	600
505250	389427763	3
505250	389427764	166401
505250	389427765	5
505250	389427766	807
505250	389427767	149
505250	389427768	228
505250	389427769	12
505250	389427770	58
505250	389427771	1513
505250	389427772	3
505250	389427773	152
505250	389427774	2756
505250	389427775	6
505250	389427776	113
505250	389427777	1922264
505250	389427778	86511
505250	389427779	2
505250	389427780	3232
505250	389427781	12
505250	389427782	18
505250	389427783	13337
505250	389427784	3848
505250	389427785	12
505250	389427786	202
505250	389427787	16
505250	389427788	238
505250	389427789	32
505250	389427790	3
505250	389427791	2369
505250	389427792	128
505250	389427793	1
505250	389427794	5
505250	389427795	8612
505250	389427796	16
505250	389427797	31041
505250	389427798	9
505250	389427799	2081
505250	389427800	85
505250	389427801	703
505250	389427802	179
505250	389427803	19197
505250	389427804	2916
505250	389427805	3356
505250	389427806	9
505250	389427807	1203
505250	389427808	544
505250	389427809	547
505250	389427810	36
505250	389427811	13381
505250	389427812	2
505250	389427813	231
505250	389427814	272
505250	389427815	2900199
505250	389427816	1
505250	389427817	7
505250	389427818	8728
505250	389427819	6
505250	389427820	7
505250	389427821	6292
505250	389427822	11
505250	389427823	1627
505250	389427824	1
505250	389427825	466
505250	389427826	3434
505250	389427827	16559
505250	389427828	7
505250	389427829	405
505250	389427830	5
505250	389427831	322
505250	389427832	29053
505250	389427833	51
505250	389427834	15034
505250	389427835	6703
505250	389427836	276
505250	389427837	47839
505250	389427838	2946
505250	389427839	2
505250	389427840	201
505250	389427841	818
505250	389427842	58
505250	389427843	1083
505250	389427844	32
505250	389427845	4336
505250	389427846	6
505250	389427847	27132
505250	389427848	1
505250	389427849	212136
505250	389427850	1
505250	389427851	5
505250	389427852	45352
505250	389427853	2
505250	389427854	160
505250	389427855	1217
505250	389427856	179
505250	389427857	4336
505250	389427858	3
505250	389427859	818
505250	389427860	10
505250	389427861	1925
505250	389427862	358
505250	389427863	7
505250	389427864	2420
505250	389427865	1
505250	389427866	5
505250	389427867	1076
505250	389427868	3
505250	389427869	2612
505250	389427870	869
505250	389427871	4443
505250	389427872	427
505250	389427873	29
505250	389427874	26
505250	389427875	291
505250	389427876	43
505250	389427877	2420
505250	389427878	12
505250	389427879	777
505250	389427880	16
505250	389427881	13487
505250	389427882	1
505250	389427883	5
505250	389427884	6561
505250	389427885	17
505250	389427886	16
505250	389427887	499
505250	389427888	3
505250	389427889	8113
505250	389427890	10825
505250	389427891	2
505250	389427892	5015
505250	389427893	130
505250	389427894	7
505250	389427895	3652
505250	389427896	6
505250	389427897	2612
505250	389427898	12
505250	389427899	44
505250	389427900	1742
505250	389427901	12976
505250	389427902	3
505250	389427903	1524
505250	389427904	157232
505250	389427905	5
505250	389427906	27132
505250	389427907	2
505250	389427908	443
505250	389427909	3
505250	389427910	1519
505250	389427911	6
505250	389427912	113
505250	389427913	484
505250	389427914	1
505250	389427915	4048
505250	389427916	1
505250	389427917	55
505250	389427918	445
505250	389427919	253
505250	389427920	1925
505250	389427921	45
505250	389427922	13948
505250	389427923	2612
505250	389427924	427
505250	389427925	29
505250	389427926	1
505250	389427927	3
505250	389427928	818
505250	389427929	44
505250	389427930	1
505250	389427931	210
505250	389427932	4458
505250	389427933	1
505250	389427934	15767
505250	389427935	3
505250	389427936	182
505250	389427937	22106
505250	389427938	1
505250	389427939	5
505250	389427940	32
505250	389427941	3
505250	389427942	12383
505250	389427943	6
505250	389427944	1861354
505250	389427945	113
505250	389427946	107799
505250	389427947	107799
505250	389427948	107799
505250	389427949	107799
505250	389427950	107799
505250	389427951	107799
505250	389427952	107799
505250	389427953	107799
505250	389427954	107799
505250	389427955	107799
505250	389427956	2
505250	389427957	37
505250	389427958	58
505250	389427959	1
505250	389427960	45
505250	389427961	3
505250	389427962	2806
505250	389427963	6
505250	389427964	13948
505250	389427965	2612
505250	389427966	1
505250	389427967	473
505250	389427968	1540
505250	389427969	224
505250	389427970	1901
505250	389427971	153
505250	389427972	30
505250	389427973	11
505250	389427974	3
505250	389427975	173
505250	389427976	1
505250	389427977	607
505250	389427978	224
505250	389427979	4291
505250	389427980	1
505250	389427981	55
505250	389427982	3
505250	389427983	840
505250	389427984	6
505250	389427985	9177
505250	389427986	2318
505250	389427987	1210
505250	389427988	153
505250	389427989	2001
505250	389427990	33
505250	389427991	3
505250	389427992	456
505250	389427993	2
505250	389427994	1568
505250	389427995	253
505250	389427996	390
505250	389427997	156
505250	389427998	130
505250	389427999	3
505250	389428000	173
505250	389428001	1
505250	389428002	104
505250	389428003	113
505250	389428004	82
505250	389428005	6001
505250	389428006	3659
505250	389428007	7
505250	389428008	2121
505250	389428009	1
505250	389428010	3
505250	389428011	818
505250	389428012	33
505250	389428013	16
505250	389428014	1554
505250	389428015	44
505250	389428016	40932
505250	389428017	14
505250	389428018	2
505250	389428019	307
505250	389428020	3992
505250	389428021	1
505250	389428022	588
505250	389428023	1
505250	389428024	41
505250	389428025	3
505250	389428026	14702
505250	389428027	6
505250	389428028	2611
505250	389428029	16506
505250	389428030	45
505250	389428031	43
505250	389428032	818
505250	389428033	1
505250	389428034	25
505250	389428035	14
505250	389428036	10
505250	389428037	1232
505250	389428038	9
505250	389428039	4003
505250	389428040	3
505250	389428041	2048
505250	389428042	25
505250	389428043	12
505250	389428044	10
505250	389428045	7065
505250	389428046	6
505250	389428047	598
505250	389428048	2
505250	389428049	706
505250	389428050	3295
505250	389428051	818
505250	389428052	1
505250	389428053	2063
505250	389428054	1923
505250	389428055	9
505250	389428056	171
505250	389428057	4047
505250	389428058	20
505250	389428059	90
505250	389428060	5262
505250	389428061	1
505250	389428062	18
505250	389428063	7
505250	389428064	6830
505250	389428065	5108
505250	389428066	15
505250	389428067	16
505250	389428068	2526
505250	389428069	1
505250	389428070	5
505250	389428071	10
505250	389428072	1127
505250	389428073	242
505250	389428074	33
505250	389428075	16
505250	389428076	14472
505250	389428077	15
505250	389428078	7
505250	389428079	8044
505250	389428080	445
505250	389428081	2
505250	389428082	37
505250	389428083	879
505250	389428084	16
505250	389428085	238
505250	389428086	6
505250	389428087	7072
505250	389428088	1174
505250	389428089	9000
505250	389428090	1
505250	389428091	5
505250	389428092	25714
505250	389428093	98
505250	389428094	348
505250	389428095	3
505250	389428096	806
505250	389428097	6
505250	389428098	7
505250	389428099	6292
505250	389428100	1
505250	389428101	22221
505250	389428102	321
505250	389428103	3433
505250	389428104	3
505250	389428105	5462
505250	389428106	7353
505250	389428107	10213
505250	389428108	358
505250	389428109	29
505250	389428110	1
505250	389428111	38
505250	389428112	2454
505250	389428113	9
505250	389428114	1040
505250	389428115	7
505250	389428116	1062
505250	389428117	4103
505250	389428118	9
505250	389428119	17148
505250	389428120	149
505250	389428121	6
505250	389428122	3
505250	389428123	13196
505250	389428124	2
505250	389428125	1772
505250	389428126	818
505250	389428127	1
505250	389428128	7
505250	389428129	13090
505250	389428130	9011
505250	389428131	1
505250	389428132	2685
505250	389428133	149
505250	389428134	98
505250	389428135	562
505250	389428136	29
505250	389428137	1
505250	389428138	5
505250	389428139	1
505250	389428140	45
505250	389428141	7
505250	389428142	230
505250	389428143	14948
505250	389428144	1
505250	389428145	9301
505250	389428146	3
505250	389428147	107799
505250	389428148	107799
505250	389428149	107799
505250	389428150	107799
505250	389428151	107799
505250	389428152	107799
505250	389428153	107799
505250	389428154	107799
505250	389428155	107799
505250	389428156	107799
505250	389428157	3540
505250	389428158	45
505250	389428159	51
505250	389428160	3
505250	389428161	5321
505250	389428162	36546
505250	389428163	10
505250	389428164	4210
505250	389428165	15
505250	389428166	16
505250	389428167	325
505250	389428168	36
505250	389428169	2526
505250	389428170	1
505250	389428171	5
505250	389428172	17
505250	389428173	838
505250	389428174	7
505250	389428175	1954
505250	389428176	6
505250	389428177	50
505250	389428178	380
505250	389428179	36
505250	389428180	9314
505250	389428181	1
505250	389428182	55670
505250	389428183	3
505250	389428184	6510
505250	389428185	1
505250	389428186	5
505250	389428187	627
505250	389428188	15
505250	389428189	16
505250	389428190	901
505250	389428191	1
505250	389428192	17
505250	389428193	3
505250	389428194	6830
505250	389428195	7311
505250	389428196	40
505250	389428197	3
505250	389428198	3540
505250	389428199	11
505250	389428200	16
505250	389428201	499
505250	389428202	1
505250	389428203	5
505250	389428204	314
505250	389428205	7
505250	389428206	230
505250	389428207	8706
505250	389428208	36592
505250	389428209	1
505250	389428210	15582
505250	389428211	212
505250	389428212	16
505250	389428213	14472
505250	389428214	11
505250	389428215	3
505250	389428216	3169
505250	389428217	9659
505250	389428218	32
505250	389428219	16
505250	389428220	1496
505250	389428221	2
505250	389428222	24923
505250	389428223	59
505250	389428224	9388
505250	389428225	1
505250	389428226	5
505250	389428227	1141
505250	389428228	11874
505250	389428229	45
505250	389428230	113
505250	389428231	192
505250	389428232	92
505250	389428233	22
505250	389428234	512
505250	389428235	55
505250	389428236	7608
505250	389428237	13398
505250	389428238	15
505250	389428239	66
505250	389428240	1489
505250	389428241	2
505250	389428242	127
505250	389428243	175
505250	389428244	7
505250	389428245	120
505250	389428246	553
505250	389428247	38123
505250	389428248	412
505250	389428249	9
505250	389428250	19089
505250	389428251	72
505250	389428252	108
505250	389428253	7
505250	389428254	141
505250	389428255	3409
505250	389428256	2
505250	389428257	31
505250	389428258	324
505250	389428259	1
505250	389428260	11
505250	389428261	118
505250	389428262	2890
505250	389428263	1
505250	389428264	3761
505250	389428265	124
505250	389428266	5
505250	389428267	483
505250	389428268	74
505250	389428269	7
505250	389428270	1893
505250	389428271	32
505250	389428272	3
505250	389428273	6375
505250	389428274	6
505250	389428275	7
505250	389428276	760
505250	389428277	2
505250	389428278	31
505250	389428279	818
505250	389428280	12669
505250	389428281	3
505250	389428282	793
505250	389428283	9815
505250	389428284	6
505250	389428285	118
505250	389428286	1406
505250	389428287	6
505250	389428288	4136
505250	389428289	1
505250	389428290	575
505250	389428291	23626
505250	389428292	1
505250	389428293	5
505250	389428294	770
505250	389428295	1
505250	389428296	17
505250	389428297	3
505250	389428298	5326
505250	389428299	1731
505250	389428300	41279
505250	389428301	94
505250	389428302	118
505250	389428303	4786
505250	389428304	1
505250	389428305	10435
505250	389428306	124
505250	389428307	15
505250	389428308	118
505250	389428309	19331
505250	389428310	2
505250	389428311	742
505250	389428312	214
505250	389428313	497
505250	389428314	1
505250	389428315	218
505250	389428316	7610
505250	389428317	346
505250	389428318	3
505250	389428319	6620
505250	389428320	666
505250	389428321	1
505250	389428322	354
505250	389428323	19781
505250	389428324	3110
505250	389428325	164
505250	389428326	3725
505250	389428327	33
505250	389428328	3
505250	389428329	3740
505250	389428330	54
505250	389428331	41
505250	389428332	7275
505250	389428333	45
505250	389428334	3
505250	389428335	38302
505250	389428336	5
505250	389428337	2611
505250	389428338	6
505250	389428339	7
505250	389428340	27196
505250	389428341	818
505250	389428342	2
505250	389428343	201
505250	389428344	2419
505250	389428345	1600
505250	389428346	44
505250	389428347	15152
505250	389428348	107799
505250	389428349	107799
505250	389428350	107799
505250	389428351	107799
505250	389428352	107799
505250	389428353	107799
505250	389428354	107799
505250	389428355	107799
505250	389428356	107799
505250	389428357	107799
505250	389428358	66
505250	389428359	7743
505250	389428360	1
505250	389428361	5
505250	389428362	221
505250	389428363	9
505250	389428364	8808
505250	389428365	9
505250	389428366	6400
505250	389428367	149
505250	389428368	3006
505250	389428369	45
505250	389428370	434
505250	389428371	165
505250	389428372	6513
505250	389428373	5177
505250	389428374	2
505250	389428375	31
505250	389428376	3417
505250	389428377	12
505250	389428378	15034
505250	389428379	1
505250	389428380	640
505250	389428381	1
505250	389428382	51
505250	389428383	15791
505250	389428384	727
505250	389428385	24516
505250	389428386	1
505250	389428387	10
505250	389428388	530
505250	389428389	2563
505250	389428390	40
505250	389428391	1379
505250	389428392	15
505250	389428393	66
505250	389428394	3312
505250	389428395	11
505250	389428396	3
505250	389428397	1034
505250	389428398	76
505250	389428399	1261
505250	389428400	2
505250	389428401	201
505250	389428402	12
505250	389428403	44
505250	389428404	115
505250	389428405	2255
505250	389428406	672
505250	389428407	108
505250	389428408	2
505250	389428409	31
505250	389428410	558
505250	389428411	3203
505250	389428412	3
505250	389428413	1140
505250	389428414	1
505250	389428415	44
505250	389428416	952
505250	389428417	629
505250	389428418	3
505250	389428419	818
505250	389428420	1
505250	389428421	5
505250	389428422	16
505250	389428423	1026
505250	389428424	44
505250	389428425	297
505250	389428426	29
505250	389428427	3
505250	389428428	3340
505250	389428429	65
505250	389428430	9
505250	389428431	115
505250	389428432	1
505250	389428433	5
505250	389428434	54
505250	389428435	709
505250	389428436	12
505250	389428437	105
505250	389428438	1448
505250	389428439	7
505250	389428440	1834
505250	389428441	2
505250	389428442	31
505250	389428443	818
505250	389428444	44
505250	389428445	200
505250	389428446	3
505250	389428447	614
505250	389428448	11
505250	389428449	16
505250	389428450	499
505250	389428451	1
505250	389428452	365
505250	389428453	382
505250	389428454	3
505250	389428455	429
505250	389428456	3389012
505250	389428457	5
505250	389428458	22627
505250	389428459	430
505250	389428460	1
505250	389428461	5
505250	389428462	770
505250	389428463	5757
505250	389428464	3
505250	389428465	1140
505250	389428466	11
505250	389428467	3
505250	389428468	2286
505250	389428469	6
505250	389428470	3
505250	389428471	558
505250	389428472	20
505250	389428473	376
505250	389428474	14
505250	389428475	10
505250	389428476	4414
505250	389428477	2
505250	389428478	201
505250	389428479	1609
505250	389428480	3146
505250	389428481	3553
505250	389428482	6
505250	389428483	2611
505250	389428484	1
505250	389428485	16784
505250	389428486	7
505250	389428487	185
505250	389428488	1651
505250	389428489	6
505250	389428490	3580
505250	389428491	1
505250	389428492	229
505250	389428493	14
505250	389428494	10
505250	389428495	3
505250	389428496	321
505250	389428497	989
505250	389428498	8350
505250	389428499	6
505250	389428500	3
505250	389428501	818
505250	389428502	36
505250	389428503	524
505250	389428504	92
505250	389428505	58
505250	389428506	12
505250	389428507	469
505250	389428508	1
505250	389428509	599
505250	389428510	14
505250	389428511	80
505250	389428512	30
505250	389428513	616
505250	389428514	33
505250	389428515	4800
505250	389428516	25
505250	389428517	14
505250	389428518	22
505250	389428519	172
505250	389428520	278
505250	389428521	512
505250	389428522	25
505250	389428523	7
505250	389428524	27196
505250	389428525	135
505250	389428526	6642
505250	389428527	3
505250	389428528	6046
505250	389428529	6
505250	389428530	37317
505250	389428531	32
505250	389428532	224
505250	389428533	2129
505250	389428534	72789
505250	389428535	1
505250	389428536	96
505250	389428537	25
505250	389428538	12
505250	389428539	135
505250	389428540	3083
505250	389428541	7
505250	389428542	773
505250	389428543	36
505250	389428544	319
505250	389428545	683
505250	389428546	601
505250	389428547	14097
505250	389428548	802
505250	389428549	107799
505250	389428550	107799
505250	389428551	107799
505250	389428552	107799
505250	389428553	107799
505250	389428554	107799
505250	389428555	107799
505250	389428556	107799
505250	389428557	107799
505250	389428558	107799
505250	389428559	29227
505250	389428560	6
505250	389428561	3
505250	389428562	96467
505250	389428563	818
505250	389428564	22
505250	389428565	7856
505250	389428566	11
505250	389428567	21536
505250	389428568	6648
505250	389428569	1
505250	389428570	228
505250	389428571	12
505250	389428572	36188
505250	389428573	3
505250	389428574	596
505250	389428575	6
505250	389428576	3
505250	389428577	571
505250	389428578	1
505250	389428579	5
505250	389428580	20559
505250	389428581	681
505250	389428582	52997
505250	389428583	291
505250	389428584	3
505250	389428585	28462
505250	389428586	6
505250	389428587	1115
505250	389428588	2
505250	389428589	31
505250	389428590	2638
505250	389428591	3652
505250	389428592	23709
505250	389428593	496
505250	389428594	3
505250	389428595	762
505250	389428596	47522
505250	389428597	1455
505250	389428598	1
505250	389428599	5
505250	389428600	1
505250	389428601	45
505250	389428602	66
505250	389428603	2033
505250	389428604	1
505250	389428605	637
505250	389428606	3
505250	389428607	30241
505250	389428608	656
505250	389428609	6
505250	389428610	3
505250	389428611	1736
505250	389428612	11594
505250	389428613	206
505250	389428614	219
505250	389428615	1692
505250	389428616	694
505250	389428617	41
505250	389428618	2780305
505250	389428619	3
505250	389428620	112
505250	389428621	2
505250	389428622	31
505250	389428623	1349
505250	389428624	12078
505250	389428625	967
505250	389428626	3
505250	389428627	25977
505250	389428628	5588
505250	389428629	1
505250	389428630	5
505250	389428631	3
505250	389428632	296746
505250	389428633	1
505250	389428634	866
505250	389428635	162740
505250	389428636	1
505250	389428637	1337
505250	389428638	4662
505250	389428639	256
505250	389428640	33
505250	389428641	3
505250	389428642	1856
505250	389428643	11664
505250	389428644	2
505250	389428645	926
505250	389428646	2497
505250	389428647	22
505250	389428648	255
505250	389428649	7021
505250	389428650	9
505250	389428651	297
505250	389428652	7
505250	389428653	5278
505250	389428654	6
505250	389428655	2499416
505250	389428656	1
505250	389428657	5518
505250	389428658	1
505250	389428659	1894
505250	389428660	77
505250	389428661	1
505250	389428662	22
505250	389428663	32
505250	389428664	3
505250	389428665	2147
505250	389428666	6
505250	389428667	16
505250	389428668	37119
505250	389428669	400
505250	389428670	2
505250	389428671	345
505250	389428672	3774
505250	389428673	117
505250	389428674	23
505250	389428675	250
505250	389428676	34967
505250	389428677	3
505250	389428678	15181
505250	389428679	36004
505250	389428680	2
505250	389428681	31
505250	389428682	1803
505250	389428683	18
505250	389428684	56
505250	389428685	4411
505250	389428686	11
505250	389428687	3
505250	389428688	2075
505250	389428689	1
505250	389428690	250
505250	389428691	461
505250	389428692	42
505250	389428693	41
505250	389428694	11
505250	389428695	3
505250	389428696	1592
505250	389428697	6
505250	389428698	3
505250	389428699	2638
505250	389428700	818
505250	389428701	1
505250	389428702	73
505250	389428703	58
505250	389428704	299
505250	389428705	16
505250	389428706	106
505250	389428707	228
505250	389428708	121
505250	389428709	41
505250	389428710	86
505250	389428711	4006
505250	389428712	1
505250	389428713	86
505250	389428714	4404
505250	389428715	6
505250	389428716	13367
505250	389428717	9
505250	389428718	8873
505250	389428719	3
505250	389428720	986
505250	389428721	2
505250	389428722	1634
505250	389428723	3
505250	389428724	3652
505250	389428725	2183
505250	389428726	32
505250	389428727	1821
505250	389428728	1861305
505250	389428729	3
505250	389428730	2594
505250	389428731	46435
505250	389428732	3
505250	389428733	327
505250	389428734	1
505250	389428735	37347
505250	389428736	16
505250	389428737	366
505250	389428738	222
505250	389428739	1
505250	389428740	5
505250	389428741	14686
505250	389428742	533
505250	389428743	2
505250	389428744	112367
505250	389428745	45
505250	389428746	16
505250	389428747	15394
505250	389428748	3365
505250	389428749	1
505250	389428750	107799
505250	389428751	107799
505250	389428752	107799
505250	389428753	107799
505250	389428754	107799
505250	389428755	107799
505250	389428756	107799
505250	389428757	107799
505250	389428758	107799
505250	389428759	107799
505250	389428760	545
505250	389428761	4695
505250	389428762	154
505250	389428763	2
505250	389428764	789
505250	389428765	589
505250	389428766	1
505250	389428767	518
505250	389428768	3
505250	389428769	174
505250	389428770	22
505250	389428771	4662
505250	389428772	256
505250	389428773	1
505250	389428774	7
505250	389428775	1167
505250	389428776	56230
505250	389428777	6
505250	389428778	565
505250	389428779	1561
505250	389428780	88019
505250	389428781	578
505250	389428782	108
505250	389428783	3
505250	389428784	1328
505250	389428785	3123
505250	389428786	85
505250	389428787	3
505250	389428788	1286
505250	389428789	26624
505250	389428790	3
505250	389428791	4531
505250	389428792	6
505250	389428793	77
505250	389428794	1
505250	389428795	3
505250	389428796	1654
505250	389428797	22
505250	389428798	28270
505250	389428799	2
505250	389428800	31
505250	389428801	51096
505250	389428802	2187746
505250	389428803	1359
505250	389428804	20
505250	389428805	21706
505250	389428806	3092666
505250	389428807	39767
505250	389428808	782
505250	389428809	6
505250	389428810	1858
505250	389428811	1
505250	389428812	5
505250	389428813	42
505250	389428814	59
505250	389428815	6044
505250	389428816	26
505250	389428817	229
505250	389428818	3329925
505250	389428819	11764
505250	389428820	291
505250	389428821	3
505250	389428822	1424
505250	389428823	1720
505250	389428824	19609
505250	389428825	6
505250	389428826	3
505250	389428827	21987
505250	389428828	5
505250	389428829	59007
505250	389428830	44
505250	389428831	63
505250	389428832	1
505250	389428833	20
505250	389428834	3009
505250	389428835	3656
505250	389428836	1
505250	389428837	6285
505250	389428838	14871
505250	389428839	14742
505250	389428840	2
505250	389428841	4
505250	389428842	706
505250	389428843	3049
505250	389428844	73
505250	389428845	18
505250	389428846	478
505250	389428847	7
505250	389428848	185
505250	389428849	1651
505250	389428850	6
505250	389428851	660
505250	389428852	9
505250	389428853	3094
505250	389428854	7
505250	389428855	862
505250	389428856	60556
505250	389428857	22108
505250	389428858	1
505250	389428859	770
505250	389428860	25752
505250	389428861	25
505250	389428862	3
505250	389428863	32907
505250	389428864	6
505250	389428865	3
505250	389428866	846
505250	389428867	135
505250	389428868	30
505250	389428869	579
505250	389428870	15
505250	389428871	3
505250	389428872	2345
505250	389428873	6
505250	389428874	3
505250	389428875	429
505250	389428876	36
505250	389428877	11715
505250	389428878	29053
505250	389428879	2
505250	389428880	31
505250	389428881	846
505250	389428882	10
505250	389428883	1127
505250	389428884	409
505250	389428885	1
505250	389428886	3
505250	389428887	10059
505250	389428888	429
505250	389428889	3386
505250	389428890	282
505250	389428891	154
505250	389428892	1239917
505250	389428893	3
505250	389428894	395
505250	389428895	3103
505250	389428896	1
505250	389428897	5
505250	389428898	3
505250	389428899	141
505250	389428900	2283804
505250	389428901	10
505250	389428902	17878
505250	389428903	74
505250	389428904	3
505250	389428905	173
505250	389428906	2
505250	389428907	2268
505250	389428908	309
505250	389428909	4458
505250	389428910	3
505250	389428911	1600
505250	389428912	5957
505250	389428913	3
505250	389428914	846
505250	389428915	1
505250	389428916	21651
505250	389428917	118
505250	389428918	2526
505250	389428919	206
505250	389428920	219
505250	389428921	11
505250	389428922	892
505250	389428923	1
505250	389428924	5
505250	389428925	483
505250	389428926	15
505250	389428927	16571
505250	389428928	3
505250	389428929	140
505250	389428930	2
505250	389428931	31
505250	389428932	22108
505250	389428933	10
505250	389428934	18248
505250	389428935	1
505250	389428936	89530
505250	389428937	3
505250	389428938	3049
505250	389428939	33
505250	389428940	16
505250	389428941	2822
505250	389428942	1
505250	389428943	5
505250	389428944	5802
505250	389428945	29
505250	389428946	7
505250	389428947	573
505250	389428948	2112
505250	389428949	20
505250	389428950	16
505250	389428951	107799
505250	389428952	107799
505250	389428953	107799
505250	389428954	107799
505250	389428955	107799
505250	389428956	107799
505250	389428957	107799
505250	389428958	107799
505250	389428959	107799
505250	389428960	107799
505250	389428961	3
505250	389428962	4166
505250	389428963	18
505250	389428964	3053373
505250	389428965	2944
505250	389428966	259
505250	389428967	17
505250	389428968	31783
505250	389428969	1
505250	389428970	5
505250	389428971	25
505250	389428972	3
505250	389428973	818
505250	389428974	36
505250	389428975	1022
505250	389428976	10
505250	389428977	15360
505250	389428978	96
505250	389428979	3
505250	389428980	11002
505250	389428981	36
505250	389428982	112
505250	389428983	2
505250	389428984	591
505250	389428985	90
505250	389428986	6
505250	389428987	114
505250	389428988	3139
505250	389428989	1
505250	389428990	19504
505250	389428991	3286
505250	389428992	45
505250	389428993	5055
505250	389428994	2605
505250	389428995	1
505250	389428996	41
505250	389428997	2617
505250	389428998	40
505250	389428999	78132
505250	389429000	49895
505250	389429001	15
505250	389429002	3
505250	389429003	484
505250	389429004	6
505250	389429005	4646
505250	389429006	1
505250	389429007	42
505250	389429008	41
505250	389429009	1
505250	389429010	354
505250	389429011	19781
505250	389429012	3110
505250	389429013	64
505250	389429014	11664
505250	389429015	11
505250	389429016	4646
505250	389429017	1
505250	389429018	5714
505250	389429019	32
505250	389429020	3
505250	389429021	840
505250	389429022	6
505250	389429023	1687
505250	389429024	42
505250	389429025	1042
505250	389429026	11
505250	389429027	3
505250	389429028	1322
505250	389429029	6
505250	389429030	3
505250	389429031	7672
505250	389429032	2
505250	389429033	356
505250	389429034	127048
505250	389429035	1
505250	389429036	33
505250	389429037	82
505250	389429038	1484
505250	389429039	1
505250	389429040	3
505250	389429041	903
505250	389429042	3286
505250	389429043	41
505250	389429044	13865
505250	389429045	11
505250	389429046	3
505250	389429047	4372
505250	389429048	45
505250	389429049	66
505250	389429050	4077
505250	389429051	3326
505250	389429052	9
505250	389429053	333
505250	389429054	32
505250	389429055	7
505250	389429056	818
505250	389429057	1994
505250	389429058	2
505250	389429059	31
505250	389429060	6896
505250	389429061	41
505250	389429062	120
505250	389429063	3992
505250	389429064	1
505250	389429065	1353
505250	389429066	334
505250	389429067	45
505250	389429068	3
505250	389429069	2367
505250	389429070	2018
505250	389429071	6
505250	389429072	3
505250	389429073	4
505250	389429074	23831
505250	389429075	14800
505250	389429076	3107
505250	389429077	4
505250	389429078	5
505250	389429079	3
505250	389429080	37119
505250	389429081	1375
505250	389429082	2
505250	389429083	31
505250	389429084	1687
505250	389429085	221
505250	389429086	9
505250	389429087	30
505250	389429088	94174
505250	389429089	22750
505250	389429090	26
505250	389429091	351
505250	389429092	10
505250	389429093	7
505250	389429094	465
505250	389429095	81782
505250	389429096	1
505250	389429097	6
505250	389429098	11699
505250	389429099	3388
505250	389429100	5
505250	389429101	79753
505250	389429102	1087
505250	389429103	26
505250	389429104	3
505250	389429105	1799
505250	389429106	10
505250	389429107	7
505250	389429108	141
505250	389429109	21302
505250	389429110	1600
505250	389429111	1
505250	389429112	6
505250	389429113	44027
505250	389429114	5808
505250	389429115	1
505250	389429116	38
505250	389429117	51
505250	389429118	9757
505250	389429119	15
505250	389429120	16
505250	389429121	7924
505250	389429122	17
505250	389429123	3161
505250	389429124	39435
505250	389429125	2
505250	389429126	31
505250	389429127	4
505250	389429128	85872
505250	389429129	4
505250	389429130	9824
505250	389429131	3
505250	389429132	349
505250	389429133	818
505250	389429134	4
505250	389429135	5055
505250	389429136	2605
505250	389429137	26
505250	389429138	4
505250	389429139	5
505250	389429140	3
505250	389429141	3107
505250	389429142	3
505250	389429143	141
505250	389429144	182
505250	389429145	4
505250	389429146	1000
505250	389429147	290853
505250	389429148	2
505250	389429149	4
505250	389429150	814
505250	389429151	7
505250	389429152	107799
505250	389429153	107799
505250	389429154	107799
505250	389429155	107799
505250	389429156	107799
505250	389429157	107799
505250	389429158	107799
505250	389429159	107799
505250	389429160	107799
505250	389429161	107799
505250	389429162	8884
505250	389429163	11
505250	389429164	3
505250	389429165	2972
505250	389429166	1
505250	389429167	5
505250	389429168	1147
505250	389429169	6760
505250	389429170	36079
505250	389429171	1
505250	389429172	12
505250	389429173	286
505250	389429174	16
505250	389429175	30791
505250	389429176	98
505250	389429177	1
505250	389429178	5
505250	389429179	9350
505250	389429180	29
505250	389429181	45
505250	389429182	3
505250	389429183	1089
505250	389429184	1
505250	389429185	1487
505250	389429186	306
505250	389429187	799
505250	389429188	4
505250	389429189	5055
505250	389429190	2605
505250	389429191	4
505250	389429192	5491
505250	389429193	17
505250	389429194	870
505250	389429195	2
505250	389429196	311
505250	389429197	1518
505250	389429198	4717
505250	389429199	6
505250	389429200	9854
505250	389429201	43949
505250	389429202	382
505250	389429203	3
505250	389429204	13221
505250	389429205	2
505250	389429206	31
505250	389429207	18664
505250	389429208	2975
505250	389429209	6
505250	389429210	3
505250	389429211	141
505250	389429212	818
505250	389429213	166
505250	389429214	14191
505250	389429215	108
505250	389429216	66
505250	389429217	8849
505250	389429218	1
505250	389429219	5
505250	389429220	42
505250	389429221	3868
505250	389429222	1
505250	389429223	554
505250	389429224	15
505250	389429225	3
505250	389429226	11327
505250	389429227	6
505250	389429228	3
505250	389429229	4
505250	389429230	2107
505250	389429231	3139
505250	389429232	1
505250	389429233	4
505250	389429234	11
505250	389429235	900
505250	389429236	258
505250	389429237	11325
505250	389429238	20
505250	389429239	2988583
505250	389429240	52426
505250	389429241	5069
505250	389429242	78713
505250	389429243	19818
505250	389429244	153
505250	389429245	30
505250	389429246	469
505250	389429247	6
505250	389429248	1687
505250	389429249	51
505250	389429250	24
505250	389429251	143
505250	389429252	22704
505250	389429253	2579334
505250	389429254	4165
505250	389429255	40
505250	389429256	381
505250	389429257	1
505250	389429258	38
505250	389429259	70
505250	389429260	9982
505250	389429261	10996
505250	389429262	3389
505250	389429263	1
505250	389429264	5
505250	389429265	703
505250	389429266	43223
505250	389429267	66
505250	389429268	1026
505250	389429269	11
505250	389429270	3820
505250	389429271	2
505250	389429272	127366
505250	389429273	1
505250	389429274	20617
505250	389429275	6
505250	389429276	86
505250	389429277	3389
505250	389429278	1
505250	389429279	70
505250	389429280	287
505250	389429281	15
505250	389429282	353
505250	389429283	32
505250	389429284	174
505250	389429285	32
505250	389429286	8932
505250	389429287	1
505250	389429288	100
505250	389429289	66
505250	389429290	1687
505250	389429291	70
505250	389429292	3906
505250	389429293	382
505250	389429294	3
505250	389429295	183
505250	389429296	6
505250	389429297	3
505250	389429298	5998
505250	389429299	4195
505250	389429300	1393
505250	389429301	1
505250	389429302	5
505250	389429303	469
505250	389429304	3
505250	389429305	2890
505250	389429306	2
505250	389429307	31
505250	389429308	440
505250	389429309	6
505250	389429310	673
505250	389429311	22544
505250	389429312	24747
505250	389429313	1
505250	389429314	25
505250	389429315	16
505250	389429316	186
505250	389429317	1
505250	389429318	3
505250	389429319	2035
505250	389429320	22447
505250	389429321	2990
505250	389429322	114
505250	389429323	411
505250	389429324	99
505250	389429325	194
505250	389429326	5302
505250	389429327	1
505250	389429328	10
505250	389429329	12039
505250	389429330	15
505250	389429331	7
505250	389429332	818
505250	389429333	20
505250	389429334	16
505250	389429335	150
505250	389429336	1
505250	389429337	3
505250	389429338	2638
505250	389429339	1600
505250	389429340	95427
505250	389429341	95872
505250	389429342	16
505250	389429343	10677
505250	389429344	1
505250	389429345	5
505250	389429346	34180
505250	389429347	16
505250	389429348	571
505250	389429349	9
505250	389429350	874
505250	389429351	156
505250	389429352	130
505250	389429353	107799
505250	389429354	107799
505250	389429355	107799
505250	389429356	107799
505250	389429357	107799
505250	389429358	107799
505250	389429359	107799
505250	389429360	107799
505250	389429361	107799
505250	389429362	107799
505250	389429363	1697
505250	389429364	2311
505250	389429365	25
505250	389429366	104
505250	389429367	12
505250	389429368	18
505250	389429369	9444
505250	389429370	16
505250	389429371	1654
505250	389429372	2346
505250	389429373	263
505250	389429374	16
505250	389429375	8853
505250	389429376	1
505250	389429377	12
505250	389429378	44
505250	389429379	63
505250	389429380	56
505250	389429381	17183
505250	389429382	548
505250	389429383	7
505250	389429384	10422
505250	389429385	1
505250	389429386	394
505250	389429387	9
505250	389429388	2000
505250	389429389	17
505250	389429390	16
505250	389429391	150
505250	389429392	44
505250	389429393	63
505250	389429394	56
505250	389429395	50
505250	389429396	16626
505250	389429397	2
505250	389429398	52
505250	389429399	22
505250	389429400	86
505250	389429401	8962
505250	389429402	4273
505250	389429403	20
505250	389429404	568
505250	389429405	1901
505250	389429406	9
505250	389429407	371
505250	389429408	1687
505250	389429409	5
505250	389429410	2242
505250	389429411	20
505250	389429412	33427
505250	389429413	2
505250	389429414	307
505250	389429415	3584
505250	389429416	59
505250	389429417	90
505250	389429418	49746
505250	389429419	1
505250	389429420	25
505250	389429421	42
505250	389429422	80
505250	389429423	134
505250	389429424	17
505250	389429425	113
505250	389429426	2331
505250	389429427	73
505250	389429428	99
505250	389429429	7
505250	389429430	94107
505250	389429431	42
505250	389429432	59
505250	389429433	1309
505250	389429434	17
505250	389429435	2
505250	389429436	52
505250	389429437	22
505250	389429438	24
505250	389429439	8962
505250	389429440	20
505250	389429441	1901
505250	389429442	9
505250	389429443	9328
505250	389429444	179
505250	389429445	29220
505250	389429446	6
505250	389429447	5266
505250	389429448	1
505250	389429449	73
505250	389429450	139
505250	389429451	203
505250	389429452	6
505250	389429453	3
505250	389429454	1044
505250	389429455	6
505250	389429456	5028
505250	389429457	2
505250	389429458	160
505250	389429459	165
505250	389429460	2830
505250	389429461	3
505250	389429462	818
505250	389429463	8788
505250	389429464	490
505250	389429465	29966
505250	389429466	3
505250	389429467	932
505250	389429468	1
505250	389429469	5
505250	389429470	9406
505250	389429471	25
505250	389429472	4
505250	389429473	3
505250	389429474	773
505250	389429475	4
505250	389429476	251
505250	389429477	24
505250	389429478	132
505250	389429479	196
505250	389429480	9
505250	389429481	2790
505250	389429482	1
505250	389429483	80
505250	389429484	9232
505250	389429485	3
505250	389429486	9292
505250	389429487	2015
505250	389429488	1
505250	389429489	5
505250	389429490	134
505250	389429491	409
505250	389429492	11
505250	389429493	4421
505250	389429494	2
505250	389429495	160
505250	389429496	77
505250	389429497	1
505250	389429498	3
505250	389429499	1433
505250	389429500	19954
505250	389429501	453741
505250	389429502	362
505250	389429503	6
505250	389429504	16
505250	389429505	403
505250	389429506	2829382
505250	389429507	3
505250	389429508	28458
505250	389429509	818
505250	389429510	82
505250	389429511	3294003
505250	389429512	3
505250	389429513	52751
505250	389429514	82
505250	389429515	1311705
505250	389429516	362
505250	389429517	2
505250	389429518	706
505250	389429519	1531
505250	389429520	773
505250	389429521	2311
505250	389429522	1
505250	389429523	82
505250	389429524	271
505250	389429525	1
505250	389429526	25
505250	389429527	90
505250	389429528	67689
505250	389429529	18
505250	389429530	2750
505250	389429531	600
505250	389429532	3
505250	389429533	919
505250	389429534	5
505250	389429535	2526
505250	389429536	6
505250	389429537	7
505250	389429538	3054
505250	389429539	571
505250	389429540	2
505250	389429541	231
505250	389429542	210862
505250	389429543	10
505250	389429544	757
505250	389429545	15
505250	389429546	3
505250	389429547	6787
505250	389429548	1
505250	389429549	51
505250	389429550	170
505250	389429551	590
505250	389429552	28736
505250	389429553	3
505250	389429554	107799
505250	389429555	107799
505250	389429556	107799
505250	389429557	107799
505250	389429558	107799
505250	389429559	107799
505250	389429560	107799
505250	389429561	107799
505250	389429562	107799
505250	389429563	107799
505250	389429564	930
505250	389429565	844
505250	389429566	2
505250	389429567	31
505250	389429568	9859
505250	389429569	84
505250	389429570	3910
505250	389429571	32
505250	389429572	7
505250	389429573	163
505250	389429574	1
505250	389429575	4603
505250	389429576	86
505250	389429577	524
505250	389429578	58
505250	389429579	1040
505250	389429580	29
505250	389429581	2
505250	389429582	5045
505250	389429583	170
505250	389429584	1534
505250	389429585	16118
505250	389429586	1
505250	389429587	12
505250	389429588	557
505250	389429589	15
505250	389429590	3
505250	389429591	1410
505250	389429592	6
505250	389429593	3
505250	389429594	181
505250	389429595	1
505250	389429596	5
505250	389429597	1
505250	389429598	7638
505250	389429599	7797
505250	389429600	3
505250	389429601	163
505250	389429602	6
505250	389429603	7
505250	389429604	12707
505250	389429605	173
505250	389429606	1
505250	389429607	1299
505250	389429608	3
505250	389429609	1406
505250	389429610	12
505250	389429611	3217
505250	389429612	11
505250	389429613	353
505250	389429614	1
505250	389429615	5
505250	389429616	44
505250	389429617	63
505250	389429618	3240
505250	389429619	2109916
505250	389429620	15
505250	389429621	1702
505250	389429622	1
505250	389429623	18
505250	389429624	24
505250	389429625	3
505250	389429626	3104658
505250	389429627	1
505250	389429628	73
505250	389429629	18
505250	389429630	1399
505250	389429631	3
505250	389429632	818
505250	389429633	33
505250	389429634	7
505250	389429635	24127
505250	389429636	571
505250	389429637	1
505250	389429638	5611
505250	389429639	15
505250	389429640	3
505250	389429641	6210
505250	389429642	2
505250	389429643	742
505250	389429644	3146
505250	389429645	9833
505250	389429646	13568
505250	389429647	6
505250	389429648	3
505250	389429649	51216
505250	389429650	6
505250	389429651	199786
505250	389429652	2
505250	389429653	311
505250	389429654	3289
505250	389429655	1447
505250	389429656	10
505250	389429657	412
505250	389429658	6707
505250	389429659	267
505250	389429660	3
505250	389429661	85010
505250	389429662	16391
505250	389429663	1
505250	389429664	105948
505250	389429665	1
505250	389429666	2631242
505250	389429667	802
505250	389429668	6
505250	389429669	492
505250	389429670	844
505250	389429671	1
505250	389429672	82
505250	389429673	72640
505250	389429674	1
505250	389429675	516861
505250	389429676	82
505250	389429677	479
505250	389429678	5
505250	389429679	19446
505250	389429680	2129
505250	389429681	2
505250	389429682	31
505250	389429683	2609383
505250	389429684	818
505250	389429685	18127
505250	389429686	3
505250	389429687	802
505250	389429688	11
505250	389429689	1368
505250	389429690	584
505250	389429691	5
505250	389429692	7
505250	389429693	230
505250	389429694	2674
505250	389429695	26
505250	389429696	38
505250	389429697	6
505250	389429698	3
505250	389429699	4055
505250	389429700	881
505250	389429701	25
505250	389429702	627
505250	389429703	17
505250	389429704	3
505250	389429705	9484
505250	389429706	1
505250	389429707	143
505250	389429708	1696
505250	389429709	41
505250	389429710	653
505250	389429711	9
505250	389429712	933
505250	389429713	256
505250	389429714	17
505250	389429715	53
505250	389429716	2
505250	389429717	231
505250	389429718	773
505250	389429719	10
505250	389429720	4536
505250	389429721	11
505250	389429722	1627
505250	389429723	1
505250	389429724	5
505250	389429725	14
505250	389429726	10
505250	389429727	5986
505250	389429728	12
505250	389429729	18
505250	389429730	1460
505250	389429731	17
505250	389429732	90
505250	389429733	8287
505250	389429734	1553
505250	389429735	2
505250	389429736	926
505250	389429737	23200
505250	389429738	58
505250	389429739	30
505250	389429740	6665
505250	389429741	15
505250	389429742	3
505250	389429743	1949
505250	389429744	1
505250	389429745	100
505250	389429746	16
505250	389429747	818
505250	389429748	10
505250	389429749	4942
505250	389429750	683
505250	389429751	427
505250	389429752	50
505250	389429753	3517
505250	389429754	1733
505250	389429755	107799
505250	389429756	107799
505250	389429757	107799
505250	389429758	107799
505250	389429759	107799
505250	389429760	107799
505250	389429761	107799
505250	389429762	107799
505250	389429763	107799
505250	389429764	107799
505250	389429765	3
505250	389429766	1600
505250	389429767	9
505250	389429768	487
505250	389429769	3
505250	389429770	238
505250	389429771	2
505250	389429772	52
505250	389429773	10
505250	389429774	770
505250	389429775	17131
505250	389429776	25
505250	389429777	12
505250	389429778	153
505250	389429779	30
505250	389429780	684
505250	389429781	20
505250	389429782	16
505250	389429783	1026
505250	389429784	2
505250	389429785	31
505250	389429786	181
505250	389429787	1
505250	389429788	199
505250	389429789	17953
505250	389429790	2462
505250	389429791	6
505250	389429792	5033
505250	389429793	1
505250	389429794	10
505250	389429795	13960
505250	389429796	1
505250	389429797	5
505250	389429798	121
505250	389429799	10
505250	389429800	24
505250	389429801	143
505250	389429802	3906
505250	389429803	3
505250	389429804	397
505250	389429805	6
505250	389429806	3
505250	389429807	9263
505250	389429808	773
505250	389429809	1
505250	389429810	38
505250	389429811	379
505250	389429812	164
505250	389429813	2285
505250	389429814	6
505250	389429815	183
505250	389429816	73
505250	389429817	18
505250	389429818	56
505250	389429819	8843
505250	389429820	11
505250	389429821	3
505250	389429822	244
505250	389429823	181
505250	389429824	2
505250	389429825	31
505250	389429826	2043
505250	389429827	2428
505250	389429828	41
505250	389429829	5101
505250	389429830	1
505250	389429831	5
505250	389429832	17127
505250	389429833	66
505250	389429834	6548
505250	389429835	1861303
505250	389429836	5
505250	389429837	82
505250	389429838	6
505250	389429839	3
505250	389429840	321
505250	389429841	972
505250	389429842	6
505250	389429843	64
505250	389429844	3
505250	389429845	27895
505250	389429846	6
505250	389429847	1627
505250	389429848	10
505250	389429849	1929
505250	389429850	62
505250	389429851	45
505250	389429852	3
505250	389429853	4
505250	389429854	1495
505250	389429855	1068
505250	389429856	4
505250	389429857	6
505250	389429858	3
505250	389429859	818
505250	389429860	2
505250	389429861	24923
505250	389429862	59
505250	389429863	34395
505250	389429864	6789
505250	389429865	33
505250	389429866	3
505250	389429867	35858
505250	389429868	35334
505250	389429869	20
505250	389429870	64991
505250	389429871	2
505250	389429872	31
505250	389429873	2184
505250	389429874	6536
505250	389429875	15
505250	389429876	179
505250	389429877	4
505250	389429878	16082
505250	389429879	3611
505250	389429880	1
505250	389429881	4
505250	389429882	59
505250	389429883	10175
505250	389429884	11
505250	389429885	13300
505250	389429886	15
505250	389429887	3
505250	389429888	2584
505250	389429889	9400
505250	389429890	1
505250	389429891	228
505250	389429892	42
505250	389429893	59
505250	389429894	1458
505250	389429895	210
505250	389429896	916
505250	389429897	20
505250	389429898	224
505250	389429899	545
505250	389429900	26
505250	389429901	42
505250	389429902	59
505250	389429903	84
505250	389429904	16865
505250	389429905	5
505250	389429906	37944
505250	389429907	1
505250	389429908	5
505250	389429909	32
505250	389429910	3
505250	389429911	2075
505250	389429912	6
505250	389429913	3
505250	389429914	174
505250	389429915	4974
505250	389429916	212
505250	389429917	66
505250	389429918	14472
505250	389429919	2
505250	389429920	103
505250	389429921	5851
505250	389429922	3
505250	389429923	6931
505250	389429924	6
505250	389429925	66
505250	389429926	6335
505250	389429927	1
505250	389429928	51
505250	389429929	22
505250	389429930	2056
505250	389429931	122
505250	389429932	55
505250	389429933	258
505250	389429934	12144
505250	389429935	40
505250	389429936	3
505250	389429937	35334
505250	389429938	1
505250	389429939	236
505250	389429940	7089
505250	389429941	47
505250	389429942	42
505250	389429943	91
505250	389429944	1
505250	389429945	228
505250	389429946	42
505250	389429947	59
505250	389429948	337
505250	389429949	9
505250	389429950	30
505250	389429951	265
505250	389429952	4079
505250	389429953	5
505250	389429954	18506
505250	389429955	17
505250	389429956	107799
505250	389429957	107799
505250	389429958	107799
505250	389429959	107799
505250	389429960	107799
505250	389429961	107799
505250	389429962	107799
505250	389429963	107799
505250	389429964	107799
505250	389429965	107799
505250	389429966	30
505250	389429967	6
505250	389429968	465
505250	389429969	2021
505250	389429970	1
505250	389429971	5
505250	389429972	61
505250	389429973	554
505250	389429974	4596
505250	389429975	15
505250	389429976	1744
505250	389429977	1
505250	389429978	16787
505250	389429979	10550
505250	389429980	1
505250	389429981	11
505250	389429982	270
505250	389429983	15
505250	389429984	66
505250	389429985	238
505250	389429986	6
505250	389429987	7072
505250	389429988	1
505250	389429989	42
505250	389429990	570
505250	389429991	3
505250	389429992	321
505250	389429993	4730
505250	389429994	906
505250	389429995	374
505250	389429996	3
505250	389429997	411
505250	389429998	2
505250	389429999	311
505250	389430000	8388
505250	389430001	773
505250	389430002	253
505250	389430003	120
505250	389430004	360
505250	389430005	52026
505250	389430006	64
505250	389430007	174
505250	389430008	33
505250	389430009	7
505250	389430010	3740
505250	389430011	45
505250	389430012	7
505250	389430013	61394
505250	389430014	818
505250	389430015	1
505250	389430016	11
505250	389430017	3
505250	389430018	271
505250	389430019	38860
505250	389430020	62
505250	389430021	118
505250	389430022	2882
505250	389430023	1
505250	389430024	5
505250	389430025	37933
505250	389430026	9
505250	389430027	10017
505250	389430028	7
505250	389430029	4270
505250	389430030	55
505250	389430031	1954
505250	389430032	715
505250	389430033	11
505250	389430034	3
505250	389430035	1600
505250	389430036	2
505250	389430037	31
505250	389430038	2882
505250	389430039	221
505250	389430040	2577
505250	389430041	1
505250	389430042	5
505250	389430043	207
505250	389430044	3
505250	389430045	773
505250	389430046	4
505250	389430047	65
505250	389430048	12
505250	389430049	44
505250	389430050	115
505250	389430051	17
505250	389430052	7
505250	389430053	15881
505250	389430054	6
505250	389430055	46
505250	389430056	402
505250	389430057	2
505250	389430058	4
505250	389430059	4
505250	389430060	8
505250	389430061	243
505250	389430062	1
505250	389430063	4
505250	389430064	39
505250	389430065	3
505250	389430066	4
505250	389430067	446806
505250	389430068	1
505250	389430069	4
505250	389430070	17
505250	389430071	185
505250	389430072	9829
505250	389430073	1
505250	389430074	4
505250	389430075	92
505250	389430076	104
505250	389430077	8
505250	389430078	68
505250	389430079	5303
505250	389430080	50
505250	389430081	715
505250	389430082	11
505250	389430083	46
505250	389430084	818
505250	389430085	1
505250	389430086	8
505250	389430087	135
505250	389430088	1105
505250	389430089	35
505250	389430090	3177
505250	389430091	1039
505250	389430092	2
505250	389430093	4
505250	389430094	24923
505250	389430095	630
505250	389430096	7750
505250	389430097	7
505250	389430098	405719
505250	389430099	1
505250	389430100	5
505250	389430101	28150
505250	389430102	6771
505250	389430103	17
505250	389430104	3
505250	389430105	7974
505250	389430106	2
505250	389430107	4169
505250	389430108	6
505250	389430109	43
505250	389430110	402
505250	389430111	70
505250	389430112	56
505250	389430113	475
505250	389430114	11
505250	389430115	542
505250	389430116	692
505250	389430117	2
505250	389430118	146
505250	389430119	10
505250	389430120	7
505250	389430121	2376
505250	389430122	3173365
505250	389430123	11
505250	389430124	1627
505250	389430125	1
505250	389430126	51
505250	389430127	1439
505250	389430128	37530
505250	389430129	17
505250	389430130	3
505250	389430131	2483590
505250	389430132	15430
505250	389430133	9
505250	389430134	669
505250	389430135	17
505250	389430136	351
505250	389430137	1
505250	389430138	630
505250	389430139	17
505250	389430140	217
505250	389430141	2
505250	389430142	37
505250	389430143	10
505250	389430144	7
505250	389430145	2107
505250	389430146	11274
505250	389430147	32
505250	389430148	188
505250	389430149	417
505250	389430150	26
505250	389430151	5
505250	389430152	10
505250	389430153	199
505250	389430154	255
505250	389430155	11
505250	389430156	3
505250	389430157	107799
505250	389430158	107799
505250	389430159	107799
505250	389430160	107799
505250	389430161	107799
505250	389430162	107799
505250	389430163	107799
505250	389430164	107799
505250	389430165	107799
505250	389430166	107799
505250	389430167	482
505250	389430168	138
505250	389430169	7
505250	389430170	11229
505250	389430171	910
505250	389430172	9
505250	389430173	370
505250	389430174	6
505250	389430175	3
505250	389430176	818
505250	389430177	1
505250	389430178	5
505250	389430179	8820
505250	389430180	7
505250	389430181	3303
505250	389430182	9
505250	389430183	111
505250	389430184	29
505250	389430185	2
505250	389430186	231
505250	389430187	4449
505250	389430188	10
505250	389430189	5725
505250	389430190	58574
505250	389430191	1
505250	389430192	5
505250	389430193	204493
505250	389430194	284
505250	389430195	16
505250	389430196	1087
505250	389430197	3069
505250	389430198	11
505250	389430199	3
505250	389430200	377
505250	389430201	6
505250	389430202	7
505250	389430203	4679
505250	389430204	2
505250	389430205	37
505250	389430206	10
505250	389430207	24
505250	389430208	1141
505250	389430209	29541
505250	389430210	9
505250	389430211	487
505250	389430212	16
505250	389430213	181
505250	389430214	1
505250	389430215	5
505250	389430216	3
505250	389430217	410
505250	389430218	106
505250	389430219	10
505250	389430220	9
505250	389430221	171
505250	389430222	7
505250	389430223	22668
505250	389430224	21161
505250	389430225	11
505250	389430226	7
505250	389430227	4353
505250	389430228	1263
505250	389430229	3
505250	389430230	509
505250	389430231	2
505250	389430232	1107909
505250	389430233	1039
505250	389430234	7240
505250	389430235	72
505250	389430236	357
505250	389430237	29
505250	389430238	26
505250	389430239	4216
505250	389430240	33
505250	389430241	1254
505250	389430242	3
505250	389430243	77
505250	389430244	47239
505250	389430245	16
505250	389430246	3373
505250	389430247	1
505250	389430248	12
505250	389430249	175
505250	389430250	426
505250	389430251	10
505250	389430252	86
505250	389430253	417
505250	389430254	1
505250	389430255	5
505250	389430256	698
505250	389430257	7666
505250	389430258	72822
505250	389430259	2
505250	389430260	31
505250	389430261	4449
505250	389430262	1299
505250	389430263	25
505250	389430264	12
505250	389430265	58
505250	389430266	30
505250	389430267	10199
505250	389430268	9
505250	389430269	134
505250	389430270	86
505250	389430271	11334
505250	389430272	26
505250	389430273	450
505250	389430274	12
505250	389430275	10
505250	389430276	3043
505250	389430277	9
505250	389430278	2016
505250	389430279	29
505250	389430280	62
505250	389430281	5
505250	389430282	1306
505250	389430283	29
505250	389430284	2
505250	389430285	2534177
505250	389430286	1439
505250	389430287	20
505250	389430288	224
505250	389430289	214
505250	389430290	1
505250	389430291	2719
505250	389430292	3
505250	389430293	7974
505250	389430294	15
505250	389430295	3
505250	389430296	3746
505250	389430297	1
505250	389430298	5
505250	389430299	10
505250	389430300	199
505250	389430301	16171
505250	389430302	5
505250	389430303	6325
505250	389430304	9684
505250	389430305	20
505250	389430306	45
505250	389430307	3
505250	389430308	21102
505250	389430309	2
505250	389430310	37
505250	389430311	10
505250	389430312	6
505250	389430313	3
505250	389430314	25820
505250	389430315	52386
505250	389430316	1
505250	389430317	6
505250	389430318	862
505250	389430319	7
505250	389430320	3214
505250	389430321	1
505250	389430322	10396
505250	389430323	1087
505250	389430324	1
505250	389430325	729
505250	389430326	2010
505250	389430327	77965
505250	389430328	40
505250	389430329	16
505250	389430330	622
505250	389430331	6
505250	389430332	150
505250	389430333	2
505250	389430334	1203890
505250	389430335	928
505250	389430336	12177
505250	389430337	4388
505250	389430338	373
505250	389430339	90
505250	389430340	323
505250	389430341	35202
505250	389430342	29
505250	389430343	1
505250	389430344	4495
505250	389430345	72
505250	389430346	33
505250	389430347	7320
505250	389430348	1
505250	389430349	4341
505250	389430350	45
505250	389430351	16
505250	389430352	818
505250	389430353	1
505250	389430354	9
505250	389430355	2177
505250	389430356	14
505250	389430357	2
505250	389430358	107799
505250	389430359	107799
505250	389430360	107799
505250	389430361	107799
505250	389430362	107799
505250	389430363	107799
505250	389430364	107799
505250	389430365	107799
505250	389430366	107799
505250	389430367	107799
505250	389430368	29
505250	389430369	5
505250	389430370	300
505250	389430371	16
505250	389430372	1654
505250	389430373	1331
505250	389430374	2
505250	389430375	31
505250	389430376	4388
505250	389430377	1
505250	389430378	357
505250	389430379	2453
505250	389430380	90
505250	389430381	844
505250	389430382	1
505250	389430383	45677
505250	389430384	9
505250	389430385	24565
505250	389430386	149
505250	389430387	1
505250	389430388	5
505250	389430389	530
505250	389430390	3
505250	389430391	1384
505250	389430392	6
505250	389430393	323
505250	389430394	11
505250	389430395	16
505250	389430396	136
505250	389430397	1
505250	389430398	2685
505250	389430399	14
505250	389430400	98
505250	389430401	45
505250	389430402	16
505250	389430403	249
505250	389430404	275
505250	389430405	7
505250	389430406	8830
505250	389430407	1
505250	389430408	5
505250	389430409	1
505250	389430410	33
505250	389430411	555578
505250	389430412	1
505250	389430413	1712
505250	389430414	14
505250	389430415	2
505250	389430416	31
505250	389430417	818
505250	389430418	17910
505250	389430419	43
505250	389430420	4718
505250	389430421	1
505250	389430422	5
505250	389430423	1
505250	389430424	4708
505250	389430425	9
505250	389430426	49779
505250	389430427	14
505250	389430428	1
505250	389430429	557
505250	389430430	9
505250	389430431	6698
505250	389430432	3
505250	389430433	1384
505250	389430434	26
505250	389430435	38
505250	389430436	14
505250	389430437	10
505250	389430438	189
505250	389430439	681
505250	389430440	20
505250	389430441	29
505250	389430442	9
505250	389430443	6518
505250	389430444	711
505250	389430445	2
505250	389430446	37
505250	389430447	84
505250	389430448	557
505250	389430449	15
505250	389430450	16
505250	389430451	1026
505250	389430452	1
505250	389430453	5
505250	389430454	45
505250	389430455	6859
505250	389430456	1
505250	389430457	14789
505250	389430458	1
505250	389430459	5
505250	389430460	26330
505250	389430461	1
505250	389430462	221
505250	389430463	9
505250	389430464	30
505250	389430465	3560
505250	389430466	9
505250	389430467	5681
505250	389430468	16
505250	389430469	1026
505250	389430470	6
505250	389430471	16
505250	389430472	1683
505250	389430473	2
505250	389430474	31
505250	389430475	4388
505250	389430476	1
505250	389430477	12728
505250	389430478	94
505250	389430479	90
505250	389430480	10062
505250	389430481	1
505250	389430482	2733
505250	389430483	33583
505250	389430484	3
505250	389430485	560
505250	389430486	1406
505250	389430487	6
505250	389430488	16
505250	389430489	4910
505250	389430490	11274
505250	389430491	36
505250	389430492	46717
505250	389430493	1
505250	389430494	5
505250	389430495	17597
505250	389430496	3
505250	389430497	14344
505250	389430498	5295
505250	389430499	25
505250	389430500	3
505250	389430501	818
505250	389430502	18
505250	389430503	287
505250	389430504	1224
505250	389430505	2
505250	389430506	36842
505250	389430507	38193
505250	389430508	3
505250	389430509	2802
505250	389430510	6
505250	389430511	20335
505250	389430512	17
505250	389430513	16
505250	389430514	818
505250	389430515	1
505250	389430516	5
505250	389430517	3142
505250	389430518	6367
505250	389430519	5
505250	389430520	775
505250	389430521	11789
505250	389430522	25
505250	389430523	12
505250	389430524	10
505250	389430525	317
505250	389430526	40712
505250	389430527	1
505250	389430528	12
505250	389430529	691
505250	389430530	7
505250	389430531	2465
505250	389430532	40
505250	389430533	16
505250	389430534	913
505250	389430535	1
505250	389430536	5
505250	389430537	1
505250	389430538	1038
505250	389430539	16
505250	389430540	161
505250	389430541	154
505250	389430542	1
505250	389430543	9240
505250	389430544	2
505250	389430545	31
505250	389430546	5220
505250	389430547	10
505250	389430548	38
505250	389430549	189
505250	389430550	439
505250	389430551	1861305
505250	389430552	3
505250	389430553	2638
505250	389430554	1600
505250	389430555	12111
505250	389430556	46112
505250	389430557	15
505250	389430558	3
505250	389430559	107799
505250	389430560	107799
505250	389430561	107799
505250	389430562	107799
505250	389430563	107799
505250	389430564	107799
505250	389430565	107799
505250	389430566	107799
505250	389430567	107799
505250	389430568	107799
505250	389430569	803
505250	389430570	1
505250	389430571	7870
505250	389430572	2824
505250	389430573	72
505250	389430574	16
505250	389430575	136
505250	389430576	1
505250	389430577	12
505250	389430578	2311
505250	389430579	16
505250	389430580	1683
505250	389430581	2
505250	389430582	160
505250	389430583	50
505250	389430584	1988
505250	389430585	12
505250	389430586	24825
505250	389430587	16
505250	389430588	22235
505250	389430589	5
505250	389430590	3980
505250	389430591	1
505250	389430592	5
505250	389430593	1038
505250	389430594	16
505250	389430595	571
505250	389430596	1
505250	389430597	22038
505250	389430598	124
505250	389430599	15
505250	389430600	3
505250	389430601	238
505250	389430602	394
505250	389430603	12
505250	389430604	939
505250	389430605	2
505250	389430606	37
505250	389430607	2311
505250	389430608	3
505250	389430609	7012
505250	389430610	6
505250	389430611	507
505250	389430612	1
505250	389430613	38
505250	389430614	12
505250	389430615	2435228
505250	389430616	1014
505250	389430617	2213
505250	389430618	20
505250	389430619	3
505250	389430620	3087220
505250	389430621	18
505250	389430622	25293
505250	389430623	1
505250	389430624	20207
505250	389430625	47
505250	389430626	12
505250	389430627	10
505250	389430628	1
505250	389430629	15
505250	389430630	3
505250	389430631	15823
505250	389430632	1384
505250	389430633	1
505250	389430634	5
505250	389430635	936
505250	389430636	98
505250	389430637	562
505250	389430638	14
505250	389430639	257
505250	389430640	7
505250	389430641	1962
505250	389430642	2
505250	389430643	312
505250	389430644	12
505250	389430645	190
505250	389430646	16
505250	389430647	1026
505250	389430648	1
505250	389430649	12
505250	389430650	23619
505250	389430651	16
505250	389430652	892
505250	389430653	45
505250	389430654	23118
505250	389430655	16
505250	389430656	2526
505250	389430657	26
505250	389430658	5
505250	389430659	11
505250	389430660	7624
505250	389430661	9
505250	389430662	27888
505250	389430663	16
505250	389430664	1026
505250	389430665	1
505250	389430666	12
505250	389430667	15602
505250	389430668	16
505250	389430669	240
505250	389430670	468
505250	389430671	6
505250	389430672	1956
505250	389430673	11
505250	389430674	16
505250	389430675	140
505250	389430676	1
505250	389430677	5
505250	389430678	483
505250	389430679	124
505250	389430680	1
505250	389430681	5
505250	389430682	1059
505250	389430683	2
505250	389430684	231
505250	389430685	2990
505250	389430686	11
505250	389430687	7
505250	389430688	1627
505250	389430689	614
505250	389430690	32422
505250	389430691	25
505250	389430692	12
505250	389430693	190
505250	389430694	7
505250	389430695	2871
505250	389430696	77
505250	389430697	2752
505250	389430698	17
505250	389430699	360
505250	389430700	3140
505250	389430701	715
505250	389430702	32
505250	389430703	3
505250	389430704	10644
505250	389430705	11
505250	389430706	2990135
505250	389430707	36
505250	389430708	395
505250	389430709	2
505250	389430710	4
505250	389430711	248
505250	389430712	1
505250	389430713	35
505250	389430714	325
505250	389430715	1
505250	389430716	4
505250	389430717	39
505250	389430718	12
505250	389430719	1
505250	389430720	4
505250	389430721	14
505250	389430722	639
505250	389430723	13
505250	389430724	59
505250	389430725	24
505250	389430726	2871
505250	389430727	19
505250	389430728	4
505250	389430729	4
505250	389430730	109365
505250	389430731	23
505250	389430732	556
505250	389430733	1
505250	389430734	1597
505250	389430735	345
505250	389430736	1
505250	389430737	69
505250	389430738	1466
505250	389430739	1
505250	389430740	4
505250	389430741	432
505250	389430742	3
505250	389430743	77
505250	389430744	26
505250	389430745	4
505250	389430746	8
505250	389430747	70
505250	389430748	35
505250	389430749	4447
505250	389430750	531
505250	389430751	1663
505250	389430752	1672
505250	389430753	1674
505250	389430754	217
505250	389430755	2
505250	389430756	4
505250	389430757	4
505250	389430758	168
505250	389430759	1
505250	389430760	107799
505250	389430761	107799
505250	389430762	107799
505250	389430763	107799
505250	389430764	107799
505250	389430765	107799
505250	389430766	107799
505250	389430767	107799
505250	389430768	107799
505250	389430769	107799
505250	389430770	7
505250	389430771	3540
505250	389430772	19
505250	389430773	4
505250	389430774	207
505250	389430775	3
505250	389430776	773
505250	389430777	2
505250	389430778	4
505250	389430779	248
505250	389430780	1
505250	389430781	252
505250	389430782	1166
505250	389430783	2445045
505250	389430784	1687
505250	389430785	20
505250	389430786	3
505250	389430787	9452
505250	389430788	1
505250	389430789	4
505250	389430790	10
505250	389430791	3
505250	389430792	6196
505250	389430793	1506
505250	389430794	2
505250	389430795	462
505250	389430796	772
505250	389430797	25
505250	389430798	43
505250	389430799	2568
505250	389430800	22
505250	389430801	8191
505250	389430802	1
505250	389430803	44567
505250	389430804	22
505250	389430805	310
505250	389430806	45
505250	389430807	7
505250	389430808	11773
505250	389430809	11
505250	389430810	2245
505250	389430811	1
505250	389430812	73
505250	389430813	190
505250	389430814	7
505250	389430815	8871
505250	389430816	425109
505250	389430817	1
505250	389430818	51
505250	389430819	123
505250	389430820	15
505250	389430821	3
505250	389430822	297560
505250	389430823	5
505250	389430824	326
505250	389430825	108
505250	389430826	16
505250	389430827	11369
505250	389430828	901
505250	389430829	17
505250	389430830	3
505250	389430831	327
505250	389430832	6
505250	389430833	82
505250	389430834	41619
505250	389430835	20
505250	389430836	169
505250	389430837	2
505250	389430838	4
505250	389430839	3072157
505250	389430840	2
505250	389430841	7
505250	389430842	6246
505250	389430843	1
505250	389430844	4
505250	389430845	39
505250	389430846	3
505250	389430847	386489
505250	389430848	1
505250	389430849	4
505250	389430850	5
505250	389430851	13
505250	389430852	80
505250	389430853	111
505250	389430854	65
505250	389430855	12
505250	389430856	80
505250	389430857	115
505250	389430858	17
505250	389430859	14
505250	389430860	2
505250	389430861	4
505250	389430862	31
505250	389430863	323
505250	389430864	10
505250	389430865	1394
505250	389430866	26
505250	389430867	3
505250	389430868	818
505250	389430869	3705
505250	389430870	14
505250	389430871	62
505250	389430872	1
505250	389430873	557
505250	389430874	15
505250	389430875	7
505250	389430876	17817
505250	389430877	36
505250	389430878	5
505250	389430879	1353
505250	389430880	124
505250	389430881	7
505250	389430882	927
505250	389430883	6
505250	389430884	1666
505250	389430885	1
505250	389430886	51
505250	389430887	12
505250	389430888	2171
505250	389430889	2
505250	389430890	31
505250	389430891	818
505250	389430892	18
505250	389430893	17287
505250	389430894	15
505250	389430895	7
505250	389430896	2871
505250	389430897	77
505250	389430898	2730
505250	389430899	384
505250	389430900	1
505250	389430901	5
505250	389430902	373
505250	389430903	86
505250	389430904	1026
505250	389430905	1
505250	389430906	13175
505250	389430907	26319
505250	389430908	33
505250	389430909	16
505250	389430910	142
505250	389430911	1669
505250	389430912	2
505250	389430913	146
505250	389430914	59
505250	389430915	1687
505250	389430916	11
505250	389430917	2271
505250	389430918	73
505250	389430919	91
505250	389430920	7865
505250	389430921	303
505250	389430922	2995147
505250	389430923	1901
505250	389430924	5
505250	389430925	398
505250	389430926	24
505250	389430927	137
505250	389430928	5115
505250	389430929	1
505250	389430930	5
505250	389430931	73
505250	389430932	80
505250	389430933	2408
505250	389430934	66
505250	389430935	6335
505250	389430936	62
505250	389430937	15
505250	389430938	1464
505250	389430939	394
505250	389430940	42
505250	389430941	704
505250	389430942	28676
505250	389430943	169
505250	389430944	80
505250	389430945	30
505250	389430946	469
505250	389430947	1
505250	389430948	5
505250	389430949	18400
505250	389430950	187
505250	389430951	32
505250	389430952	51
505250	389430953	3
505250	389430954	2677
505250	389430955	41904
505250	389430956	80
505250	389430957	30
505250	389430958	1460
505250	389430959	17
505250	389430960	2
505250	389430961	107799
505250	389430962	107799
505250	389430963	107799
505250	389430964	107799
505250	389430965	107799
505250	389430966	107799
505250	389430967	107799
505250	389430968	107799
505250	389430969	107799
505250	389430970	107799
505250	389430971	818
505250	389430972	25
505250	389430973	4161
505250	389430974	15
505250	389430975	7
505250	389430976	586403
505250	389430977	11
505250	389430978	1732
505250	389430979	2
505250	389430980	31
505250	389430981	1600
505250	389430982	1
505250	389430983	11
505250	389430984	16
505250	389430985	1432
505250	389430986	9
505250	389430987	2561
505250	389430988	16
505250	389430989	1026
505250	389430990	1
505250	389430991	44
505250	389430992	299758
505250	389430993	11
505250	389430994	3
505250	389430995	26484
505250	389430996	1
505250	389430997	5
505250	389430998	84
505250	389430999	15248
505250	389431000	9
505250	389431001	2001
505250	389431002	90
505250	389431003	2972
505250	389431004	33
505250	389431005	3
505250	389431006	1414
505250	389431007	6
505250	389431008	3
505250	389431009	25146
505250	389431010	2
505250	389431011	231
505250	389431012	773
505250	389431013	373
505250	389431014	478
505250	389431015	16
505250	389431016	308
505250	389431017	43695
505250	389431018	122
505250	389431019	55
505250	389431020	258
505250	389431021	420
505250	389431022	3
505250	389431023	244
505250	389431024	271
505250	389431025	1
505250	389431026	96307
505250	389431027	3
505250	389431028	321681
505250	389431029	17
505250	389431030	3
505250	389431031	33285
505250	389431032	2
505250	389431033	31
505250	389431034	77
505250	389431035	23276
505250	389431036	25
505250	389431037	12
505250	389431038	18
505250	389431039	3005
505250	389431040	3
505250	389431041	818
505250	389431042	3
505250	389431043	3417
505250	389431044	1
505250	389431045	5
505250	389431046	25
505250	389431047	14
505250	389431048	10
505250	389431049	3
505250	389431050	3209
505250	389431051	1541
505250	389431052	6
505250	389431053	12778
505250	389431054	29
505250	389431055	7
505250	389431056	23642
505250	389431057	2
505250	389431058	9017
505250	389431059	1
505250	389431060	6
505250	389431061	3
505250	389431062	10118
505250	389431063	124120
505250	389431064	1
505250	389431065	18167
505250	389431066	7
505250	389431067	818
505250	389431068	73
505250	389431069	153
505250	389431070	30
505250	389431071	18951
505250	389431072	82
505250	389431073	6
505250	389431074	3
505250	389431075	167404
505250	389431076	36
505250	389431077	2
505250	389431078	37
505250	389431079	10
505250	389431080	7
505250	389431081	9704
505250	389431082	1
505250	389431083	214897
505250	389431084	1
505250	389431085	13940
505250	389431086	1
505250	389431087	70870
505250	389431088	24764
505250	389431089	26
505250	389431090	50
505250	389431091	1600
505250	389431092	92
505250	389431093	153
505250	389431094	30
505250	389431095	11914
505250	389431096	533
505250	389431097	1
505250	389431098	47
505250	389431099	253
505250	389431100	194
505250	389431101	832
505250	389431102	20
505250	389431103	7
505250	389431104	1994
505250	389431105	1
505250	389431106	55
505250	389431107	20
505250	389431108	113
505250	389431109	736
505250	389431110	6
505250	389431111	37119
505250	389431112	62737
505250	389431113	1
505250	389431114	32
505250	389431115	3
505250	389431116	19257
505250	389431117	618
505250	389431118	3078
505250	389431119	1
505250	389431120	5
505250	389431121	700
505250	389431122	68
505250	389431123	933
505250	389431124	4
505250	389431125	4384
505250	389431126	965
505250	389431127	16000
505250	389431128	1
505250	389431129	4
505250	389431130	5
505250	389431131	52319
505250	389431132	7
505250	389431133	4
505250	389431134	3238663
505250	389431135	4
505250	389431136	291
505250	389431137	3
505250	389431138	1361
505250	389431139	4
505250	389431140	155458
505250	389431141	2
505250	389431142	4
505250	389431143	31
505250	389431144	2882
505250	389431145	6
505250	389431146	43
505250	389431147	818
505250	389431148	999
505250	389431149	7
505250	389431150	20356
505250	389431151	2108
505250	389431152	25
505250	389431153	182
505250	389431154	153
505250	389431155	3243
505250	389431156	5354
505250	389431157	18
505250	389431158	56
505250	389431159	3429
505250	389431160	17
505250	389431161	3
505250	389431162	107799
505250	389431163	107799
505250	389431164	107799
505250	389431165	107799
505250	389431166	107799
505250	389431167	107799
505250	389431168	107799
505250	389431169	107799
505250	389431170	107799
505250	389431171	107799
505250	389431172	10
505250	389431173	7
505250	389431174	2426
505250	389431175	1888
505250	389431176	9704
505250	389431177	3862
505250	389431178	303
505250	389431179	7
505250	389431180	275448
505250	389431181	5
505250	389431182	7
505250	389431183	61648
505250	389431184	1
505250	389431185	11
505250	389431186	476
505250	389431187	62
505250	389431188	6
505250	389431189	51
505250	389431190	7
505250	389431191	465
505250	389431192	10065
505250	389431193	18
505250	389431194	56
505250	389431195	310
505250	389431196	20
505250	389431197	170
505250	389431198	511
505250	389431199	122
505250	389431200	214
505250	389431201	76
505250	389431202	4454
505250	389431203	2
505250	389431204	208
505250	389431205	3198
505250	389431206	41
505250	389431207	6
505250	389431208	3
505250	389431209	244
505250	389431210	3839
505250	389431211	1
505250	389431212	5
505250	389431213	32
505250	389431214	3
505250	389431215	2320
505250	389431216	41
505250	389431217	8884
505250	389431218	15046
505250	389431219	498
505250	389431220	263
505250	389431221	16
505250	389431222	1101
505250	389431223	1
505250	389431224	159
505250	389431225	51
505250	389431226	16
505250	389431227	7408
505250	389431228	60242
505250	389431229	30797
505250	389431230	1
505250	389431231	3
505250	389431232	3094017
505250	389431233	6
505250	389431234	51
505250	389431235	41
505250	389431236	164308
505250	389431237	11
505250	389431238	7
505250	389431239	1290
505250	389431240	6
505250	389431241	198172
505250	389431242	1414
505250	389431243	1
505250	389431244	92
505250	389431245	221
505250	389431246	9
505250	389431247	63
505250	389431248	56
505250	389431249	310
505250	389431250	17
505250	389431251	1589
505250	389431252	5836
505250	389431253	15
505250	389431254	3
505250	389431255	5930
505250	389431256	6
505250	389431257	48942
505250	389431258	2
505250	389431259	31
505250	389431260	818
505250	389431261	5
505250	389431262	16
505250	389431263	2882
505250	389431264	1
505250	389431265	373
505250	389431266	907
505250	389431267	30207
505250	389431268	500
505250	389431269	2186
505250	389431270	3869
505250	389431271	332
505250	389431272	7
505250	389431273	2600253
505250	389431274	1
505250	389431275	3
505250	389431276	122
505250	389431277	202
505250	389431278	7
505250	389431279	5606
505250	389431280	10620
505250	389431281	6
505250	389431282	3
505250	389431283	183
505250	389431284	19705
505250	389431285	2
505250	389431286	4
505250	389431287	4699
505250	389431288	15
505250	389431289	3
505250	389431290	1379
505250	389431291	1
505250	389431292	4
505250	389431293	8580
505250	389431294	3
505250	389431295	1026
505250	389431296	26
505250	389431297	62929
505250	389431298	27277
505250	389431299	851
505250	389431300	16
505250	389431301	499
505250	389431302	5
505250	389431303	292
505250	389431304	730
505250	389431305	258
505250	389431306	55
505250	389431307	492
505250	389431308	4623
505250	389431309	301234
505250	389431310	2
505250	389431311	4
505250	389431312	7729
505250	389431313	1
505250	389431314	4
505250	389431315	39
505250	389431316	3
505250	389431317	13614
505250	389431318	6
505250	389431319	3
505250	389431320	2459
505250	389431321	1
505250	389431322	4
505250	389431323	43
505250	389431324	22
505250	389431325	82
505250	389431326	6
505250	389431327	3
505250	389431328	1687
505250	389431329	13
505250	389431330	158
505250	389431331	6531
505250	389431332	473
505250	389431333	6
505250	389431334	2
505250	389431335	37
505250	389431336	48
505250	389431337	7
505250	389431338	185
505250	389431339	818
505250	389431340	1
505250	389431341	1109
505250	389431342	818
505250	389431343	1
505250	389431344	7
505250	389431345	818
505250	389431346	92
505250	389431347	135
505250	389431348	27
505250	389431349	5016
505250	389431350	151
505250	389431351	15
505250	389431352	82
505250	389431353	6950
505250	389431354	2
505250	389431355	37
505250	389431356	48
505250	389431357	189
505250	389431358	318316
505250	389431359	7
505250	389431360	1744
505250	389431361	20
505250	389431362	7
505250	389431363	107799
505250	389431364	107799
505250	389431365	107799
505250	389431366	107799
505250	389431367	107799
505250	389431368	107799
505250	389431369	107799
505250	389431370	107799
505250	389431371	107799
505250	389431372	107799
505250	389431373	9006
505250	389431374	463
505250	389431375	7
505250	389431376	3294973
505250	389431377	2896596
505250	389431378	30
505250	389431379	8560
505250	389431380	74
505250	389431381	13179
505250	389431382	1
505250	389431383	5
505250	389431384	11148
505250	389431385	45
505250	389431386	7
505250	389431387	2447264
505250	389431388	135
505250	389431389	2
505250	389431390	231
505250	389431391	17238
505250	389431392	47
505250	389431393	11148
505250	389431394	148
505250	389431395	818
505250	389431396	44
505250	389431397	171
505250	389431398	7
505250	389431399	1381
505250	389431400	11
505250	389431401	3
505250	389431402	234
505250	389431403	2
505250	389431404	146
505250	389431405	44
505250	389431406	30
505250	389431407	7
505250	389431408	349
505250	389431409	39752
505250	389431410	33
505250	389431411	3
505250	389431412	2314
505250	389431413	1
505250	389431414	13
505250	389431415	198
505250	389431416	4390
505250	389431417	1479
505250	389431418	33
505250	389431419	46
505250	389431420	2
505250	389431421	146
505250	389431422	195
505250	389431423	30
505250	389431424	849
505250	389431425	56934
505250	389431426	62
505250	389431427	89
505250	389431428	14
505250	389431429	2
505250	389431430	1677
505250	389431431	44
505250	389431432	30
505250	389431433	7
505250	389431434	1246
505250	389431435	12920
505250	389431436	1
505250	389431437	5
505250	389431438	337
505250	389431439	5281
505250	389431440	2
505250	389431441	4
505250	389431442	31
505250	389431443	818
505250	389431444	221
505250	389431445	9
505250	389431446	615
505250	389431447	3
505250	389431448	6589
505250	389431449	6
505250	389431450	16
505250	389431451	1026
505250	389431452	26
505250	389431453	5
505250	389431454	3
505250	389431455	122
505250	389431456	1
505250	389431457	32
505250	389431458	3
505250	389431459	3579
505250	389431460	6
505250	389431461	3
505250	389431462	1301
505250	389431463	1
505250	389431464	7030
505250	389431465	7
505250	389431466	1007
505250	389431467	6
505250	389431468	976
505250	389431469	6178
505250	389431470	5
505250	389431471	13484
505250	389431472	12154
505250	389431473	6
505250	389431474	4
505250	389431475	484
505250	389431476	150
505250	389431477	4
505250	389431478	47
505250	389431479	58
505250	389431480	30
505250	389431481	616
505250	389431482	43
505250	389431483	249
505250	389431484	6
505250	389431485	6836
505250	389431486	394
505250	389431487	2
566050	387815086	2605229
566050	387815087	1999317
566050	387815088	49522
566050	387815089	2
566050	387815090	91534
566050	387815091	2507432
566050	387815092	774
566050	387815093	336
566050	387815094	13332
566050	387815095	1055
566050	387815096	56362
566050	387815097	774
566050	387815098	336
566050	387815099	112737
566050	387815100	7811
566050	387815101	2426375
566050	387815102	2
566050	387815103	336
566050	387815104	11836
566050	387815105	1748
566050	387815106	3656
566050	387815107	6
566050	387815108	3
566050	387815109	16659
566050	387815110	1207
566050	387815111	117193
566050	387815112	1
566050	387815113	2730
566050	387815114	17573
566050	387815115	1
566050	387815116	5
566050	387815117	16
566050	387815118	1288
566050	387815119	3101
566050	387815120	1
566050	387815121	1257
566050	387815122	47
566050	387815123	5559
566050	387815124	11
566050	387815125	3
566050	387815126	7641
566050	387815127	7078
566050	387815128	6
566050	387815129	12985
566050	387815130	6906
566050	387815131	1
566050	387815132	5
566050	387815133	1169
566050	387815134	44954
566050	387815135	15643
566050	387815136	6
566050	387815137	3
566050	387815138	14228
566050	387815139	3512
566050	387815140	6
566050	387815141	10521
566050	387815142	1
566050	387815143	70
566050	387815144	10199
566050	387815145	3
566050	387815146	69267
566050	387815147	6
566050	387815148	3
566050	387815149	1881
566050	387815150	43101
566050	387815151	9
566050	387815152	21468
566050	387815153	20
566050	387815154	12031
566050	387815155	3
566050	387815156	2351
566050	387815157	3099
566050	387815158	1
566050	387815159	45788
566050	387815160	16
566050	387815161	150
566050	387815162	5
566050	387815163	864
566050	387815164	1
566050	387815165	51
566050	387815166	10
566050	387815167	469
566050	387815168	33
566050	387815169	3
566050	387815170	1484
566050	387815171	6
566050	387815172	16
566050	387815173	9731
566050	387815174	45
566050	387815175	3
566050	387815176	7397
566050	387815177	3367
566050	387815178	5353
566050	387815179	3367
566050	387815180	47332
566050	387815181	2
566050	387815182	146
566050	387815183	3937
566050	387815184	427
566050	387815185	117
566050	387815186	1
566050	387815187	11
566050	387815188	381
566050	387815189	1
566050	387815190	849
566050	387815191	775
566050	387815192	10733
566050	387815193	9
566050	387815194	30
566050	387815195	255
566050	387815196	382
566050	387815197	3
566050	387815198	3854
566050	387815199	1
566050	387815200	42399
566050	387815201	20
566050	387815202	3
566050	387815203	1785
566050	387815204	1
566050	387815205	3
566050	387815206	921
566050	387815207	6
566050	387815208	1210
566050	387815209	376
566050	387815210	54
566050	387815211	70
566050	387815212	613
566050	387815213	1958
566050	387815214	108
566050	387815215	17
566050	387815216	2452
566050	387815217	1
566050	387815218	1956
566050	387815219	5
566050	387815220	5796
566050	387815221	26
566050	387815222	351
566050	387815223	1
566050	387815224	73
566050	387815225	1
566050	387815226	159
566050	387815227	7
566050	387815228	269
566050	387815229	150
566050	387815230	1
566050	387815231	99
566050	387815232	56
566050	387815233	11836
566050	387815234	11
566050	387815235	3
566050	387815236	1748
566050	387815237	1108
566050	387815238	26
566050	387815239	1210
566050	387815240	376
566050	387815241	43
566050	387815242	445
566050	387815243	1
566050	387815244	5
566050	387815245	484
566050	387815246	1
566050	387815247	5
566050	387815248	6906
566050	387815249	1
566050	387815250	5
566050	387815251	61959
566050	387815252	1
566050	387815253	70
566050	387815254	7010
566050	387815255	8090
566050	387815256	5
566050	387815257	3804
566050	387815258	9
566050	387815259	10183
566050	387815260	2
566050	387815261	1203890
566050	387815262	201
566050	387815263	5591
566050	387815264	2593
566050	387815265	99
566050	387815266	24
566050	387815267	421
566050	387815268	108
566050	387815269	117
566050	387815270	415
566050	387815271	2
566050	387815272	127
566050	387815273	70
566050	387815274	613
566050	387815275	107799
566050	387815276	107799
566050	387815277	107799
566050	387815278	107799
566050	387815279	107799
566050	387815280	107799
566050	387815281	107799
566050	387815282	107799
566050	387815283	107799
566050	387815284	107799
566050	387815285	114
566050	387815286	325
566050	387815287	1
566050	387815288	2789
566050	387815289	6007
566050	387815290	5
566050	387815291	3414
566050	387815292	1
566050	387815293	4
566050	387815294	3
566050	387815295	71049
566050	387815296	6
566050	387815297	64
566050	387815298	2696097
566050	387815299	11
566050	387815300	114
566050	387815301	1322
566050	387815302	5
566050	387815303	1748
566050	387815304	47900
566050	387815305	1
566050	387815306	2639
566050	387815307	7836
566050	387815308	45
566050	387815309	3
566050	387815310	6827
566050	387815311	27739
566050	387815312	6
566050	387815313	754
566050	387815314	9
566050	387815315	9037
566050	387815316	12303
566050	387815317	11
566050	387815318	16
566050	387815319	142
566050	387815320	4531
566050	387815321	2
566050	387815322	167
566050	387815323	222
566050	387815324	1
566050	387815325	51
566050	387815326	412
566050	387815327	11986
566050	387815328	93
566050	387815329	7
566050	387815330	41935
566050	387815331	11
566050	387815332	3
566050	387815333	6667
566050	387815334	6
566050	387815335	1869
566050	387815336	5
566050	387815337	6
566050	387815338	26844
566050	387815339	1
566050	387815340	5
566050	387815341	11
566050	387815342	3
566050	387815343	943
566050	387815344	764
566050	387815345	6
566050	387815346	1817
566050	387815347	30282
566050	387815348	1
566050	387815349	99
566050	387815350	56
566050	387815351	3787
566050	387815352	118
566050	387815353	19665
566050	387815354	5
566050	387815355	524
566050	387815356	2
566050	387815357	127
566050	387815358	70
566050	387815359	255
566050	387815360	7
566050	387815361	24333
566050	387815362	154
566050	387815363	11
566050	387815364	46
566050	387815365	2430
566050	387815366	5
566050	387815367	611
566050	387815368	4487
566050	387815369	140
566050	387815370	1
566050	387815371	5
566050	387815372	19072
566050	387815373	5978
566050	387815374	3
566050	387815375	417
566050	387815376	6
566050	387815377	46
566050	387815378	6414
566050	387815379	419
566050	387815380	2
566050	387815381	167
566050	387815382	7835
566050	387815383	1062
566050	387815384	1
566050	387815385	51
566050	387815386	10
566050	387815387	412
566050	387815388	255
566050	387815389	11
566050	387815390	114
566050	387815391	1322
566050	387815392	348
566050	387815393	3
566050	387815394	508
566050	387815395	6
566050	387815396	383
566050	387815397	271
566050	387815398	1
566050	387815399	54
566050	387815400	70
566050	387815401	4573
566050	387815402	9
566050	387815403	2103
566050	387815404	11979
566050	387815405	5
566050	387815406	278
566050	387815407	3686
566050	387815408	5
566050	387815409	43968
566050	387815410	2
566050	387815411	67
566050	387815412	148
566050	387815413	1517
566050	387815414	921
566050	387815415	1
566050	387815416	17
566050	387815417	118
566050	387815418	34162
566050	387815419	5
566050	387815420	1950
566050	387815421	38
566050	387815422	16413
566050	387815423	992
566050	387815424	1
566050	387815425	51
566050	387815426	10
566050	387815427	412
566050	387815428	255
566050	387815429	188
566050	387815430	138
566050	387815431	45
566050	387815432	114
566050	387815433	4249
566050	387815434	1
566050	387815435	5
566050	387815436	11
566050	387815437	3
566050	387815438	11884
566050	387815439	236
566050	387815440	6771
566050	387815441	47
566050	387815442	3
566050	387815443	3943
566050	387815444	6
566050	387815445	21135
566050	387815446	41
566050	387815447	2728
566050	387815448	33
566050	387815449	3
566050	387815450	7232
566050	387815451	1
566050	387815452	99
566050	387815453	56
566050	387815454	2639
566050	387815455	1
566050	387815456	5
566050	387815457	170
566050	387815458	1534
566050	387815459	2733
566050	387815460	1
566050	387815461	7836
566050	387815462	40
566050	387815463	1748
566050	387815464	997
566050	387815465	2
566050	387815466	127
566050	387815467	70
566050	387815468	475
566050	387815469	25
566050	387815470	3
566050	387815471	301
566050	387815472	6
566050	387815473	77
566050	387815474	36
566050	387815475	214
566050	387815476	107799
566050	387815477	107799
566050	387815478	107799
566050	387815479	107799
566050	387815480	107799
566050	387815481	107799
566050	387815482	107799
566050	387815483	107799
566050	387815484	107799
566050	387815485	107799
566050	387815486	64489
566050	387815487	214
566050	387815488	1
566050	387815489	14
566050	387815490	22
566050	387815491	3556
566050	387815492	17385
566050	387815493	332
566050	387815494	850
566050	387815495	26
566050	387815496	5
566050	387815497	92
566050	387815498	361
566050	387815499	42
566050	387815500	59
566050	387815501	7431
566050	387815502	263
566050	387815503	64489
566050	387815504	5
566050	387815505	549
566050	387815506	1
566050	387815507	42
566050	387815508	131
566050	387815509	367
566050	387815510	30
566050	387815511	2750
566050	387815512	242
566050	387815513	2
566050	387815514	67
566050	387815515	100
566050	387815516	14
566050	387815517	10
566050	387815518	1706
566050	387815519	148
566050	387815520	3796
566050	387815521	18
566050	387815522	421
566050	387815523	108
566050	387815524	114
566050	387815525	325
566050	387815526	11
566050	387815527	16
566050	387815528	4437
566050	387815529	754
566050	387815530	1
566050	387815531	54
566050	387815532	64
566050	387815533	1423
566050	387815534	46
566050	387815535	38
566050	387815536	82
566050	387815537	2593
566050	387815538	58
566050	387815539	30
566050	387815540	10368
566050	387815541	31822
566050	387815542	2
566050	387815543	75
566050	387815544	114
566050	387815545	6578
566050	387815546	6
566050	387815547	43
566050	387815548	2593
566050	387815549	1
566050	387815550	114
566050	387815551	5703
566050	387815552	25
566050	387815553	14
566050	387815554	58
566050	387815555	24
566050	387815556	30
566050	387815557	613
566050	387815558	87040
566050	387815559	1
566050	387815560	251
566050	387815561	24
566050	387815562	43757
566050	387815563	14
566050	387815564	6
566050	387815565	1691
566050	387815566	2
566050	387815567	1001
566050	387815568	1691
566050	387815569	22
566050	387815570	588
566050	387815571	14161
566050	387815572	5
566050	387815573	7970
566050	387815574	2
566050	387815575	52
566050	387815576	22
566050	387815577	24
566050	387815578	3
566050	387815579	1691
566050	387815580	6
566050	387815581	187
566050	387815582	73
566050	387815583	21837
566050	387815584	496
566050	387815585	351
566050	387815586	55180
566050	387815587	98
566050	387815588	11
566050	387815589	3
566050	387815590	8259
566050	387815591	1
566050	387815592	55
566050	387815593	3
566050	387815594	2265
566050	387815595	1
566050	387815596	6
566050	387815597	16
566050	387815598	301
566050	387815599	5
566050	387815600	16
566050	387815601	16197
566050	387815602	85
566050	387815603	20
566050	387815604	114
566050	387815605	325
566050	387815606	22
566050	387815607	3069
566050	387815608	1
566050	387815609	7
566050	387815610	23268
566050	387815611	1
566050	387815612	15
566050	387815613	16
566050	387815614	1785
566050	387815615	1
566050	387815616	4
566050	387815617	518
566050	387815618	7
566050	387815619	2246
566050	387815620	6
566050	387815621	2766
566050	387815622	21068
566050	387815623	94
566050	387815624	118
566050	387815625	1798
566050	387815626	2
566050	387815627	4
566050	387815628	52
566050	387815629	22
566050	387815630	24
566050	387815631	3
566050	387815632	1691
566050	387815633	6
566050	387815634	5695
566050	387815635	9981
566050	387815636	1
566050	387815637	1692
566050	387815638	2046
566050	387815639	5
566050	387815640	144989
566050	387815641	2260
566050	387815642	2
566050	387815643	52
566050	387815644	22
566050	387815645	24
566050	387815646	3
566050	387815647	1691
566050	387815648	6
566050	387815649	46
566050	387815650	8040
566050	387815651	2246
566050	387815652	1
566050	387815653	51
566050	387815654	20630
566050	387815655	154
566050	387815656	3
566050	387815657	23402
566050	387815658	1
566050	387815659	3
566050	387815660	19330
566050	387815661	5
566050	387815662	3
566050	387815663	106303
566050	387815664	11
566050	387815665	3
566050	387815666	366
566050	387815667	4818
566050	387815668	6
566050	387815669	66
566050	387815670	10198
566050	387815671	26
566050	387815672	51
566050	387815673	59338
566050	387815674	154
566050	387815675	3
566050	387815676	10932
566050	387815677	107799
566050	387815678	107799
566050	387815679	107799
566050	387815680	107799
566050	387815681	107799
566050	387815682	107799
566050	387815683	107799
566050	387815684	107799
566050	387815685	107799
566050	387815686	107799
566050	387815687	3
566050	387815688	853
566050	387815689	5
566050	387815690	3
566050	387815691	399
566050	387815692	85
566050	387815693	599
566050	387815694	1
566050	387815695	728
566050	387815696	490
566050	387815697	2557
566050	387815698	11
566050	387815699	3
566050	387815700	4753
566050	387815701	2438
566050	387815702	1
566050	387815703	3
566050	387815704	1205
566050	387815705	87569
566050	387815706	6
566050	387815707	13235
566050	387815708	754
566050	387815709	18
566050	387815710	4321
566050	387815711	1
566050	387815712	82
566050	387815713	45
566050	387815714	82
566050	387815715	1
566050	387815716	3
566050	387815717	9654
566050	387815718	51
566050	387815719	13511
566050	387815720	114
566050	387815721	325
566050	387815722	15
566050	387815723	7
566050	387815724	150
566050	387815725	6
566050	387815726	4944
566050	387815727	5
566050	387815728	908
566050	387815729	1
566050	387815730	5
566050	387815731	18
566050	387815732	11284
566050	387815733	481
566050	387815734	1
566050	387815735	3243
566050	387815736	5
566050	387815737	1523
566050	387815738	15
566050	387815739	164
566050	387815740	215
566050	387815741	3
566050	387815742	5177
566050	387815743	5
566050	387815744	8110
566050	387815745	51
566050	387815746	412
566050	387815747	41
566050	387815748	955
566050	387815749	2
566050	387815750	208
566050	387815751	1748
566050	387815752	13381
566050	387815753	18
566050	387815754	869
566050	387815755	56
566050	387815756	3069
566050	387815757	5
566050	387815758	5418
566050	387815759	1006
566050	387815760	2
566050	387815761	208
566050	387815762	46158
566050	387815763	18
566050	387815764	869
566050	387815765	56
566050	387815766	11343
566050	387815767	1
566050	387815768	1308
566050	387815769	7984
566050	387815770	5
566050	387815771	601
566050	387815772	16
566050	387815773	431
566050	387815774	2
566050	387815775	208
566050	387815776	359
566050	387815777	18
566050	387815778	869
566050	387815779	56
566050	387815780	261
566050	387815781	2
566050	387815782	1624
566050	387815783	229
566050	387815784	22
566050	387815785	114
566050	387815786	1691
566050	387815787	25
566050	387815788	21292
566050	387815789	6
566050	387815790	64
566050	387815791	1861303
566050	387815792	3
566050	387815793	1691
566050	387815794	6
566050	387815795	187
566050	387815796	73
566050	387815797	70
566050	387815798	86
566050	387815799	912
566050	387815800	11
566050	387815801	1941
566050	387815802	15
566050	387815803	3
566050	387815804	2997
566050	387815805	150
566050	387815806	6
566050	387815807	7
566050	387815808	325
566050	387815809	12003
566050	387815810	2
566050	387815811	4501
566050	387815812	1
566050	387815813	114
566050	387815814	1691
566050	387815815	22
566050	387815816	1691
566050	387815817	588
566050	387815818	1861307
566050	387815819	3
566050	387815820	1691
566050	387815821	6
566050	387815822	187
566050	387815823	73
566050	387815824	281
566050	387815825	9883
566050	387815826	5
566050	387815827	33735
566050	387815828	11041
566050	387815829	741
566050	387815830	719
566050	387815831	382
566050	387815832	117
566050	387815833	26
566050	387815834	5
566050	387815835	1257
566050	387815836	3
566050	387815837	1691
566050	387815838	51
566050	387815839	131
566050	387815840	10592
566050	387815841	40
566050	387815842	3
566050	387815843	2037
566050	387815844	9654
566050	387815845	6
566050	387815846	631
566050	387815847	5
566050	387815848	1956
566050	387815849	1
566050	387815850	100
566050	387815851	266014
566050	387815852	5
566050	387815853	16205
566050	387815854	2
566050	387815855	127
566050	387815856	59
566050	387815857	105
566050	387815858	3209991
566050	387815859	1861357
566050	387815860	105
566050	387815861	91
566050	387815862	30
566050	387815863	832
566050	387815864	1861303
566050	387815865	9
566050	387815866	63
566050	387815867	187
566050	387815868	9654
566050	387815869	65428
566050	387815870	26
566050	387815871	335
566050	387815872	1192
566050	387815873	5
566050	387815874	10854
566050	387815875	91
566050	387815876	8242
566050	387815877	15
566050	387815878	107799
566050	387815879	107799
566050	387815880	107799
566050	387815881	107799
566050	387815882	107799
566050	387815883	107799
566050	387815884	107799
566050	387815885	107799
566050	387815886	107799
566050	387815887	107799
566050	387815888	2
566050	387815889	52
566050	387815890	22
566050	387815891	1275
566050	387815892	1
566050	387815893	84
566050	387815894	1
566050	387815895	20
566050	387815896	26965
566050	387815897	400
566050	387815898	1
566050	387815899	7
566050	387815900	26965
566050	387815901	853
566050	387815902	1
566050	387815903	7
566050	387815904	26965
566050	387815905	3538
566050	387815906	1
566050	387815907	5
566050	387815908	278
566050	387815909	1560
566050	387815910	26965
566050	387815911	18291
566050	387815912	1
566050	387815913	9
566050	387815914	15126
566050	387815915	1
566050	387815916	11
566050	387815917	43
566050	387815918	380
566050	387815919	1
566050	387815920	66
566050	387815921	15392
566050	387815922	5
566050	387815923	8849
566050	387815924	2
566050	387815925	67
566050	387815926	1257
566050	387815927	22
566050	387815928	14
566050	387815929	2044913
566050	387815930	22
566050	387815931	2380257
566050	387815932	54
566050	387815933	72811
566050	387815934	15
566050	387815935	3
566050	387815936	181
566050	387815937	6
566050	387815938	3
566050	387815939	8394
566050	387815940	182
566050	387815941	73
566050	387815942	99
566050	387815943	8049
566050	387815944	177
566050	387815945	224
566050	387815946	10496
566050	387815947	3656
566050	387815948	1
566050	387815949	9
566050	387815950	28194
566050	387815951	16
566050	387815952	150
566050	387815953	5
566050	387815954	864
566050	387815955	1
566050	387815956	25
566050	387815957	54
566050	387815958	198
566050	387815959	30
566050	387815960	2266
566050	387815961	20
566050	387815962	65
566050	387815963	345
566050	387815964	99
566050	387815965	261
566050	387815966	20
566050	387815967	114
566050	387815968	4031
566050	387815969	5
566050	387815970	20
566050	387815971	117
566050	387815972	159
566050	387815973	29
566050	387815974	1
566050	387815975	5
566050	387815976	25
566050	387815977	54
566050	387815978	198
566050	387815979	4511
566050	387815980	2480
566050	387815981	40
566050	387815982	3
566050	387815983	10620
566050	387815984	6
566050	387815985	16
566050	387815986	5799
566050	387815987	2
566050	387815988	7811
566050	387815989	1870992
566050	387815990	10
566050	387815991	1149
566050	387815992	11
566050	387815993	628512
566050	387815994	1
566050	387815995	11
566050	387815996	3
566050	387815997	4048
566050	387815998	6
566050	387815999	19227
566050	387816000	1
566050	387816001	11
566050	387816002	3
566050	387816003	32365
566050	387816004	6
566050	387816005	7509
566050	387816006	1
566050	387816007	33
566050	387816008	3
566050	387816009	79248
566050	387816010	6
566050	387816011	6148
566050	387816012	1
566050	387816013	153463
566050	387816014	26
566050	387816015	5
566050	387816016	1
566050	387816017	522
566050	387816018	330
566050	387816019	1
566050	387816020	32
566050	387816021	3
566050	387816022	138
566050	387816023	6
566050	387816024	16
566050	387816025	38343
566050	387816026	1
566050	387816027	4581
566050	387816028	6122
566050	387816029	1
566050	387816030	48154
566050	387816031	1
566050	387816032	18
566050	387816033	1158
566050	387816034	159
566050	387816035	258
566050	387816036	734
566050	387816037	5
566050	387816038	1696
566050	387816039	301
566050	387816040	6
566050	387816041	16
566050	387816042	402816
566050	387816043	441
566050	387816044	2
566050	387816045	37
566050	387816046	10
566050	387816047	6
566050	387816048	46
566050	387816049	2314
566050	387816050	1
566050	387816051	51
566050	387816052	54
566050	387816053	70
566050	387816054	177
566050	387816055	309
566050	387816056	598
566050	387816057	9
566050	387816058	10183
566050	387816059	5
566050	387816060	5796
566050	387816061	1
566050	387816062	3
566050	387816063	14725
566050	387816064	2314
566050	387816065	6
566050	387816066	3
566050	387816067	542
566050	387816068	1086
566050	387816069	30572
566050	387816070	26
566050	387816071	4064
566050	387816072	3
566050	387816073	6525
566050	387816074	11
566050	387816075	3
566050	387816076	4730
566050	387816077	612
566050	387816078	6
566050	387816079	107799
566050	387816080	107799
566050	387816081	107799
566050	387816082	107799
566050	387816083	107799
566050	387816084	107799
566050	387816085	107799
566050	387816086	107799
566050	387816087	107799
566050	387816088	107799
566050	387816089	17
566050	387816090	5580
566050	387816091	36
566050	387816092	750
566050	387816093	11
566050	387816094	142824
566050	387816095	1
566050	387816096	5
566050	387816097	5807
566050	387816098	11
566050	387816099	90065
566050	387816100	1
566050	387816101	11
566050	387816102	3
566050	387816103	25282
566050	387816104	6
566050	387816105	7509
566050	387816106	2
566050	387816107	208
566050	387816108	440
566050	387816109	1
566050	387816110	2498
566050	387816111	117193
566050	387816112	1
566050	387816113	25086
566050	387816114	1
566050	387816115	48873
566050	387816116	11
566050	387816117	344723
566050	387816118	1
566050	387816119	33
566050	387816120	2201
566050	387816121	36
566050	387816122	56498
566050	387816123	2
566050	387816124	37
566050	387816125	6763
566050	387816126	6799
566050	387816127	1
566050	387816128	14
566050	387816129	22
566050	387816130	5986
566050	387816131	1
566050	387816132	17
566050	387816133	3
566050	387816134	152
566050	387816135	9735
566050	387816136	57934
566050	387816137	1
566050	387816138	100
566050	387816139	12
566050	387816140	5217
566050	387816141	148
566050	387816142	1743
566050	387816143	11
566050	387816144	181962
566050	387816145	2
566050	387816146	37
566050	387816147	16392
566050	387816148	3053
566050	387816149	1
566050	387816150	3
566050	387816151	5150
566050	387816152	563
566050	387816153	6
566050	387816154	9735
566050	387816155	57934
566050	387816156	1
566050	387816157	10
566050	387816158	7
566050	387816159	11229
566050	387816160	6
566050	387816161	3
566050	387816162	1743
566050	387816163	1
566050	387816164	5
566050	387816165	1059
566050	387816166	89
566050	387816167	3
566050	387816168	441
566050	387816169	187707
566050	387816170	2
566050	387816171	208
566050	387816172	440
566050	387816173	1
566050	387816174	6065
566050	387816175	444
566050	387816176	117193
566050	387816177	1
566050	387816178	3
566050	387816179	2289
566050	387816180	11
566050	387816181	3
566050	387816182	612
566050	387816183	40
566050	387816184	3
566050	387816185	2618
566050	387816186	26652
566050	387816187	1
566050	387816188	9338
566050	387816189	1
566050	387816190	17
566050	387816191	492
566050	387816192	2722
566050	387816193	1
566050	387816194	89
566050	387816195	3
566050	387816196	441
566050	387816197	358044
566050	387816198	1
566050	387816199	40
566050	387816200	2201
566050	387816201	36
566050	387816202	56498
566050	387816203	15
566050	387816204	628512
566050	387816205	1
566050	387816206	19227
566050	387816207	4048
566050	387816208	1
566050	387816209	7509
566050	387816210	1
566050	387816211	228
566050	387816212	12
566050	387816213	8210
566050	387816214	1
566050	387816215	20
566050	387816216	3248
566050	387816217	239
566050	387816218	3
566050	387816219	1451
566050	387816220	1
566050	387816221	65
566050	387816222	10
566050	387816223	672
566050	387816224	7
566050	387816225	4
566050	387816226	8786
566050	387816227	181
566050	387816228	1
566050	387816229	4
566050	387816230	11
566050	387816231	51
566050	387816232	12
566050	387816233	1439
566050	387816234	2
566050	387816235	52
566050	387816236	22
566050	387816237	466
566050	387816238	2979
566050	387816239	46
566050	387816240	6
566050	387816241	3
566050	387816242	492
566050	387816243	2722
566050	387816244	6
566050	387816245	43
566050	387816246	6065
566050	387816247	444
566050	387816248	117193
566050	387816249	1
566050	387816250	258
566050	387816251	70
566050	387816252	1
566050	387816253	20
566050	387816254	224
566050	387816255	6107
566050	387816256	1
566050	387816257	56
566050	387816258	11831
566050	387816259	45
566050	387816260	2922999
566050	387816261	1
566050	387816262	11
566050	387816263	542
566050	387816264	22173
566050	387816265	26
566050	387816266	33417
566050	387816267	1
566050	387816268	57934
566050	387816269	117193
566050	387816270	1
566050	387816271	3
566050	387816272	2447
566050	387816273	6
566050	387816274	3
566050	387816275	947
566050	387816276	1004
566050	387816277	117193
566050	387816278	1
566050	387816279	25086
566050	387816280	107799
566050	387816281	107799
566050	387816282	107799
566050	387816283	107799
566050	387816284	107799
566050	387816285	107799
566050	387816286	107799
566050	387816287	107799
566050	387816288	107799
566050	387816289	107799
566050	387816290	5010
566050	387816291	1322
566050	387816292	26
566050	387816293	87188
566050	387816294	117193
566050	387816295	1
566050	387816296	3
566050	387816297	186
566050	387816298	6
566050	387816299	7397
566050	387816300	673
566050	387816301	117193
566050	387816302	1
566050	387816303	5559
566050	387816304	6
566050	387816305	37908
566050	387816306	5
566050	387816307	2437
566050	387816308	11
566050	387816309	12985
566050	387816310	6906
566050	387816311	1
566050	387816312	5
566050	387816313	2447
566050	387816314	6
566050	387816315	3
566050	387816316	947
566050	387816317	891
566050	387816318	1004
566050	387816319	117193
566050	387816320	1
566050	387816321	385
566050	387816322	4177
566050	387816323	10
566050	387816324	11
566050	387816325	783
566050	387816326	509
566050	387816327	26
566050	387816328	5
566050	387816329	2498
566050	387816330	117193
566050	387816331	1
566050	387816332	3
566050	387816333	2447
566050	387816334	6
566050	387816335	1207
566050	387816336	117193
566050	387816337	1
566050	387816338	385
566050	387816339	381
566050	387816340	54
566050	387816341	81
566050	387816342	21837
566050	387816343	2
566050	387816344	31
566050	387816345	3531
566050	387816346	440
566050	387816347	1
566050	387816348	3327193
566050	387816349	117193
566050	387816350	1
566050	387816351	2912
566050	387816352	50
566050	387816353	17218
566050	387816354	381
566050	387816355	45
566050	387816356	3
566050	387816357	24333
566050	387816358	6
566050	387816359	7
566050	387816360	760
566050	387816361	11
566050	387816362	628512
566050	387816363	2
566050	387816364	31
566050	387816365	3531
566050	387816366	11
566050	387816367	43
566050	387816368	612
566050	387816369	6
566050	387816370	6800
566050	387816371	1
566050	387816372	379
566050	387816373	9824
566050	387816374	2498
566050	387816375	117193
566050	387816376	1
566050	387816377	3
566050	387816378	186
566050	387816379	6
566050	387816380	114
566050	387816381	49667
566050	387816382	325
566050	387816383	1
566050	387816384	10
566050	387816385	7
566050	387816386	77
566050	387816387	6
566050	387816388	6007
566050	387816389	6123
566050	387816390	1
566050	387816391	611
566050	387816392	1177
566050	387816393	602
566050	387816394	1
566050	387816395	5
566050	387816396	5473
566050	387816397	5
566050	387816398	3426
566050	387816399	2868
566050	387816400	864
566050	387816401	2
566050	387816402	8
566050	387816403	70
566050	387816404	490
566050	387816405	422
566050	387816406	114
566050	387816407	6161
566050	387816408	325
566050	387816409	1501
566050	387816410	6
566050	387816411	16
566050	387816412	186
566050	387816413	36
566050	387816414	611
566050	387816415	1684
566050	387816416	1861323
566050	387816417	17
566050	387816418	3
566050	387816419	400
566050	387816420	6
566050	387816421	3
566050	387816422	4
566050	387816423	1822
566050	387816424	226083
566050	387816425	1
566050	387816426	227
566050	387816427	406
566050	387816428	51
566050	387816429	3638
566050	387816430	11
566050	387816431	3
566050	387816432	6033
566050	387816433	362
566050	387816434	6
566050	387816435	16
566050	387816436	5294
566050	387816437	1
566050	387816438	275
566050	387816439	3
566050	387816440	79533
566050	387816441	6
566050	387816442	77855
566050	387816443	1
566050	387816444	9689
566050	387816445	1
566050	387816446	39521
566050	387816447	5
566050	387816448	3
566050	387816449	1982640
566050	387816450	2
566050	387816451	160
566050	387816452	3
566050	387816453	16858
566050	387816454	1
566050	387816455	51
566050	387816456	11
566050	387816457	9900
566050	387816458	214
566050	387816459	738
566050	387816460	156
566050	387816461	130
566050	387816462	46
566050	387816463	656397
566050	387816464	1
566050	387816465	12
566050	387816466	10
566050	387816467	3162
566050	387816468	33
566050	387816469	3
566050	387816470	249
566050	387816471	6
566050	387816472	118
566050	387816473	400
566050	387816474	26
566050	387816475	137
566050	387816476	360
566050	387816477	693
566050	387816478	389
566050	387816479	12
566050	387816480	18
566050	387816481	107799
566050	387816482	107799
566050	387816483	107799
566050	387816484	107799
566050	387816485	107799
566050	387816486	107799
566050	387816487	107799
566050	387816488	107799
566050	387816489	107799
566050	387816490	107799
566050	387816491	1
566050	387816492	335
566050	387816493	12
566050	387816494	105
566050	387816495	42427
566050	387816496	149
566050	387816497	17
566050	387816498	53
566050	387816499	2
566050	387816500	37
566050	387816501	10
566050	387816502	7
566050	387816503	56214
566050	387816504	11
566050	387816505	3711
566050	387816506	26
566050	387816507	5
566050	387816508	16
566050	387816509	1959
566050	387816510	304
566050	387816511	165
566050	387816512	1667
566050	387816513	7
566050	387816514	2028693
566050	387816515	1
566050	387816516	335
566050	387816517	24
566050	387816518	7
566050	387816519	12672
566050	387816520	1
566050	387816521	46243
566050	387816522	33
566050	387816523	3
566050	387816524	4453
566050	387816525	6
566050	387816526	16
566050	387816527	440
566050	387816528	159
566050	387816529	150
566050	387816530	2
566050	387816531	3541
566050	387816532	3
566050	387816533	59340
566050	387816534	5
566050	387816535	21271
566050	387816536	6
566050	387816537	165
566050	387816538	7
566050	387816539	186
566050	387816540	1
566050	387816541	3
566050	387816542	440
566050	387816543	5255
566050	387816544	8573
566050	387816545	5
566050	387816546	15768
566050	387816547	2868
566050	387816548	8460
566050	387816549	1
566050	387816550	51044
566050	387816551	45
566050	387816552	7
566050	387816553	21733
566050	387816554	3365
566050	387816555	26
566050	387816556	5
566050	387816557	10
566050	387816558	265
566050	387816559	6536
566050	387816560	11
566050	387816561	3
566050	387816562	4395
566050	387816563	6
566050	387816564	2867
566050	387816565	5
566050	387816566	10854
566050	387816567	2
566050	387816568	356
566050	387816569	3
566050	387816570	754
566050	387816571	6
566050	387816572	4087
566050	387816573	12
566050	387816574	123
566050	387816575	15
566050	387816576	12985
566050	387816577	6906
566050	387816578	1
566050	387816579	5
566050	387816580	1262
566050	387816581	3
566050	387816582	15255
566050	387816583	18841
566050	387816584	1
566050	387816585	122
566050	387816586	214
566050	387816587	11
566050	387816588	3820
566050	387816589	26
566050	387816590	28077
566050	387816591	9
566050	387816592	3377
566050	387816593	43
566050	387816594	5051
566050	387816595	2747
566050	387816596	3
566050	387816597	9446
566050	387816598	6906
566050	387816599	32
566050	387816600	7885
566050	387816601	1
566050	387816602	700
566050	387816603	45
566050	387816604	3
566050	387816605	455
566050	387816606	25
566050	387816607	7397
566050	387816608	673
566050	387816609	117193
566050	387816610	1
566050	387816611	3
566050	387816612	152
566050	387816613	1537
566050	387816614	6
566050	387816615	16
566050	387816616	186
566050	387816617	1
566050	387816618	73
566050	387816619	17573
566050	387816620	3
566050	387816621	441
566050	387816622	423
566050	387816623	1
566050	387816624	18
566050	387816625	56
566050	387816626	50
566050	387816627	1196
566050	387816628	11
566050	387816629	12985
566050	387816630	2
566050	387816631	37
566050	387816632	25115
566050	387816633	94
566050	387816634	2985
566050	387816635	906
566050	387816636	1
566050	387816637	5
566050	387816638	17
566050	387816639	573
566050	387816640	1466
566050	387816641	1
566050	387816642	11
566050	387816643	3
566050	387816644	441
566050	387816645	94922
566050	387816646	1
566050	387816647	11
566050	387816648	3
566050	387816649	244
566050	387816650	1481
566050	387816651	17
566050	387816652	5299
566050	387816653	5590
566050	387816654	1
566050	387816655	402771
566050	387816656	9086
566050	387816657	1
566050	387816658	5
566050	387816659	444
566050	387816660	31881
566050	387816661	1879
566050	387816662	2
566050	387816663	685
566050	387816664	43
566050	387816665	1481
566050	387816666	1
566050	387816667	101688
566050	387816668	25067
566050	387816669	32
566050	387816670	3
566050	387816671	87
566050	387816672	6
566050	387816673	18659
566050	387816674	1
566050	387816675	12
566050	387816676	22
566050	387816677	3
566050	387816678	240
566050	387816679	26302
566050	387816680	38
566050	387816681	124880
566050	387816682	107799
566050	387816683	107799
566050	387816684	107799
566050	387816685	107799
566050	387816686	107799
566050	387816687	107799
566050	387816688	107799
566050	387816689	107799
566050	387816690	107799
566050	387816691	107799
566050	387816692	10
566050	387816693	654
566050	387816694	3
566050	387816695	1417
566050	387816696	362
566050	387816697	6
566050	387816698	3
566050	387816699	7633
566050	387816700	5
566050	387816701	13209
566050	387816702	1910
566050	387816703	6
566050	387816704	3
566050	387816705	903
566050	387816706	9545
566050	387816707	2
566050	387816708	208
566050	387816709	1481
566050	387816710	7775
566050	387816711	654
566050	387816712	3
566050	387816713	441
566050	387816714	11
566050	387816715	51
566050	387816716	3
566050	387816717	1936
566050	387816718	3139
566050	387816719	1
566050	387816720	3658
566050	387816721	3696
566050	387816722	2666168
566050	387816723	1
566050	387816724	49700
566050	387816725	542
566050	387816726	22173
566050	387816727	26
566050	387816728	5
566050	387816729	70527
566050	387816730	11
566050	387816731	3
566050	387816732	747
566050	387816733	1214
566050	387816734	11
566050	387816735	51
566050	387816736	3
566050	387816737	12493
566050	387816738	6
566050	387816739	978
566050	387816740	17
566050	387816741	17624
566050	387816742	9438
566050	387816743	10
566050	387816744	8002
566050	387816745	2
566050	387816746	312
566050	387816747	12
566050	387816748	202
566050	387816749	16
566050	387816750	1938
566050	387816751	1
566050	387816752	55
566050	387816753	3051
566050	387816754	36
566050	387816755	2118
566050	387816756	1
566050	387816757	12
566050	387816758	459
566050	387816759	50
566050	387816760	26995
566050	387816761	6
566050	387816762	165
566050	387816763	8484
566050	387816764	11982
566050	387816765	25
566050	387816766	14
566050	387816767	2456
566050	387816768	3
566050	387816769	1466
566050	387816770	1
566050	387816771	466
566050	387816772	2637
566050	387816773	11
566050	387816774	46
566050	387816775	138
566050	387816776	1
566050	387816777	6
566050	387816778	12031
566050	387816779	2
566050	387816780	3150
566050	387816781	7
566050	387816782	611
566050	387816783	10526
566050	387816784	20
566050	387816785	3
566050	387816786	3806
566050	387816787	6
566050	387816788	3
566050	387816789	966
566050	387816790	1
566050	387816791	12
566050	387816792	10019
566050	387816793	1
566050	387816794	367
566050	387816795	357
566050	387816796	839
566050	387816797	6906
566050	387816798	1
566050	387816799	3
566050	387816800	2028
566050	387816801	16515
566050	387816802	15
566050	387816803	46
566050	387816804	3806
566050	387816805	1
566050	387816806	17
566050	387816807	1212
566050	387816808	52446
566050	387816809	1
566050	387816810	25086
566050	387816811	1
566050	387816812	6
566050	387816813	542
566050	387816814	22173
566050	387816815	1
566050	387816816	2463
566050	387816817	7
566050	387816818	5420
566050	387816819	6
566050	387816820	3
566050	387816821	72325
566050	387816822	3512
566050	387816823	26
566050	387816824	5
566050	387816825	3356
566050	387816826	11600
566050	387816827	3370
566050	387816828	6699
566050	387816829	1
566050	387816830	140224
566050	387816831	1
566050	387816832	386
566050	387816833	425
566050	387816834	260
566050	387816835	96
566050	387816836	122
566050	387816837	214
566050	387816838	26
566050	387816839	262
566050	387816840	12
566050	387816841	10
566050	387816842	6328
566050	387816843	15
566050	387816844	3
566050	387816845	1453
566050	387816846	6
566050	387816847	542
566050	387816848	22173
566050	387816849	4048
566050	387816850	1
566050	387816851	32
566050	387816852	3
566050	387816853	754
566050	387816854	6
566050	387816855	9929
566050	387816856	1
566050	387816857	5
566050	387816858	1039
566050	387816859	7775
566050	387816860	108
566050	387816861	2409
566050	387816862	11
566050	387816863	43
566050	387816864	445
566050	387816865	2
566050	387816866	968
566050	387816867	9581
566050	387816868	16
566050	387816869	3934
566050	387816870	5700
566050	387816871	275
566050	387816872	10697
566050	387816873	52446
566050	387816874	1
566050	387816875	12
566050	387816876	15159
566050	387816877	149
566050	387816878	45
566050	387816879	14459
566050	387816880	3
566050	387816881	2793
566050	387816882	6
566050	387816883	107799
566050	387816884	107799
566050	387816885	107799
566050	387816886	107799
566050	387816887	107799
566050	387816888	107799
566050	387816889	107799
566050	387816890	107799
566050	387816891	107799
566050	387816892	107799
566050	387816893	32284
566050	387816894	4963
566050	387816895	2
566050	387816896	231
566050	387816897	230
566050	387816898	734
566050	387816899	803
566050	387816900	12
566050	387816901	10
566050	387816902	6328
566050	387816903	15
566050	387816904	3
566050	387816905	10195
566050	387816906	1
566050	387816907	12
566050	387816908	10
566050	387816909	3061
566050	387816910	15
566050	387816911	3
566050	387816912	596
566050	387816913	6
566050	387816914	86772
566050	387816915	11
566050	387816916	12985
566050	387816917	6906
566050	387816918	85
566050	387816919	51
566050	387816920	12
566050	387816921	13338
566050	387816922	1
566050	387816923	253
566050	387816924	1721
566050	387816925	9
566050	387816926	6147
566050	387816927	3
566050	387816928	2409
566050	387816929	6
566050	387816930	3
566050	387816931	3806
566050	387816932	51
566050	387816933	12
566050	387816934	18
566050	387816935	3061
566050	387816936	2
566050	387816937	116
566050	387816938	117193
566050	387816939	10
566050	387816940	2288
566050	387816941	3315927
566050	387816942	74
566050	387816943	2613
566050	387816944	1108
566050	387816945	2
566050	387816946	160
566050	387816947	112475
566050	387816948	1
566050	387816949	12
566050	387816950	1075702
566050	387816951	10
566050	387816952	3061
566050	387816953	9
566050	387816954	11191
566050	387816955	3
566050	387816956	445
566050	387816957	6
566050	387816958	542
566050	387816959	22173
566050	387816960	11
566050	387816961	3
566050	387816962	3696
566050	387816963	20241
566050	387816964	26
566050	387816965	5
566050	387816966	10
566050	387816967	28157
566050	387816968	1993802
566050	387816969	20
566050	387816970	713
566050	387816971	214
566050	387816972	1
566050	387816973	1549
566050	387816974	105260
566050	387816975	1
566050	387816976	100
566050	387816977	12
566050	387816978	10
566050	387816979	3061
566050	387816980	7
566050	387816981	2449
566050	387816982	6
566050	387816983	3
566050	387816984	7819
566050	387816985	55
566050	387816986	15253
566050	387816987	1775
566050	387816988	2
566050	387816989	7402
566050	387816990	82
566050	387816991	6
566050	387816992	3
566050	387816993	6005
566050	387816994	2216
566050	387816995	6
566050	387816996	3
566050	387816997	1775
566050	387816998	6
566050	387816999	41917
566050	387817000	1
566050	387817001	12
566050	387817002	367
566050	387817003	575
566050	387817004	82
566050	387817005	6
566050	387817006	3
566050	387817007	321
566050	387817008	18766
566050	387817009	26
566050	387817010	5
566050	387817011	11
566050	387817012	59821
566050	387817013	1
566050	387817014	258
566050	387817015	214
566050	387817016	803
566050	387817017	12
566050	387817018	1262
566050	387817019	3
566050	387817020	1775
566050	387817021	1
566050	387817022	12
566050	387817023	10
566050	387817024	3061
566050	387817025	9
566050	387817026	35559
566050	387817027	291
566050	387817028	14
566050	387817029	304
566050	387817030	118
566050	387817031	25488
566050	387817032	1
566050	387817033	32
566050	387817034	3
566050	387817035	1124
566050	387817036	754
566050	387817037	6
566050	387817038	24327
566050	387817039	2
566050	387817040	438
566050	387817041	43
566050	387817042	596
566050	387817043	12
566050	387817044	10
566050	387817045	10729
566050	387817046	1
566050	387817047	441
566050	387817048	314
566050	387817049	441
566050	387817050	1
566050	387817051	885
566050	387817052	12
566050	387817053	10
566050	387817054	3061
566050	387817055	15
566050	387817056	3
566050	387817057	7819
566050	387817058	55
566050	387817059	15253
566050	387817060	1775
566050	387817061	2
566050	387817062	201
566050	387817063	397
566050	387817064	10
566050	387817065	84
566050	387817066	104108
566050	387817067	94
566050	387817068	7
566050	387817069	622
566050	387817070	1
566050	387817071	120
566050	387817072	606
566050	387817073	40
566050	387817074	46
566050	387817075	11
566050	387817076	51
566050	387817077	114
566050	387817078	1146
566050	387817079	10475
566050	387817080	55
566050	387817081	15253
566050	387817082	1775
566050	387817083	22
566050	387817084	107799
566050	387817085	107799
566050	387817086	107799
566050	387817087	107799
566050	387817088	107799
566050	387817089	107799
566050	387817090	107799
566050	387817091	107799
566050	387817092	107799
566050	387817093	107799
566050	387817094	1901
566050	387817095	41
566050	387817096	3061
566050	387817097	1
566050	387817098	24
566050	387817099	40
566050	387817100	1837
566050	387817101	21793
566050	387817102	1
566050	387817103	38
566050	387817104	40
566050	387817105	3662
566050	387817106	94
566050	387817107	3
566050	387817108	4418
566050	387817109	38961
566050	387817110	3
566050	387817111	42509
566050	387817112	155
566050	387817113	58
566050	387817114	30
566050	387817115	616
566050	387817116	26
566050	387817117	5
566050	387817118	156
566050	387817119	130
566050	387817120	179
566050	387817121	930
566050	387817122	1
566050	387817123	1696
566050	387817124	41
566050	387817125	3061
566050	387817126	32
566050	387817127	3
566050	387817128	6189
566050	387817129	11
566050	387817130	3
566050	387817131	1132
566050	387817132	1861305
566050	387817133	3
566050	387817134	1696
566050	387817135	73
566050	387817136	18
566050	387817137	3
566050	387817138	3169
566050	387817139	840
566050	387817140	6
566050	387817141	12841
566050	387817142	1861307
566050	387817143	9
566050	387817144	31368
566050	387817145	3
566050	387817146	10475
566050	387817147	2
566050	387817148	31
566050	387817149	2216
566050	387817150	6
566050	387817151	46
566050	387817152	397
566050	387817153	1
566050	387817154	703
566050	387817155	3061
566050	387817156	1
566050	387817157	41
566050	387817158	4019
566050	387817159	5780
566050	387817160	2
566050	387817161	103
566050	387817162	41
566050	387817163	1514
566050	387817164	515616
566050	387817165	1
566050	387817166	375
566050	387817167	42
566050	387817168	75331
566050	387817169	10496
566050	387817170	1542
566050	387817171	45
566050	387817172	2668731
566050	387817173	1
566050	387817174	55
566050	387817175	41
566050	387817176	17865
566050	387817177	15
566050	387817178	90
566050	387817179	2862
566050	387817180	596
566050	387817181	1
566050	387817182	55
566050	387817183	15152
566050	387817184	87612
566050	387817185	2
566050	387817186	52
566050	387817187	10
566050	387817188	703
566050	387817189	50
566050	387817190	7149
566050	387817191	6146
566050	387817192	397
566050	387817193	20
566050	387817194	50
566050	387817195	61334
566050	387817196	182
566050	387817197	1
566050	387817198	5
566050	387817199	22460
566050	387817200	309
566050	387817201	6
566050	387817202	3
566050	387817203	2613
566050	387817204	2480
566050	387817205	1
566050	387817206	3870
566050	387817207	5
566050	387817208	1489
566050	387817209	6
566050	387817210	3
566050	387817211	3082
566050	387817212	2
566050	387817213	438
566050	387817214	43
566050	387817215	397
566050	387817216	1
566050	387817217	116
566050	387817218	117193
566050	387817219	10
566050	387817220	11284
566050	387817221	40
566050	387817222	3
566050	387817223	453
566050	387817224	6
566050	387817225	3
566050	387817226	1775
566050	387817227	6
566050	387817228	41917
566050	387817229	1
566050	387817230	11
566050	387817231	105260
566050	387817232	26
566050	387817233	5
566050	387817234	12
566050	387817235	20295
566050	387817236	16
566050	387817237	807
566050	387817238	125
566050	387817239	1
566050	387817240	20
566050	387817241	1388
566050	387817242	214
566050	387817243	1
566050	387817244	375
566050	387817245	12
566050	387817246	22663
566050	387817247	14
566050	387817248	11
566050	387817249	113131
566050	387817250	2
566050	387817251	160
566050	387817252	97903
566050	387817253	1
566050	387817254	12
566050	387817255	10
566050	387817256	128
566050	387817257	7
566050	387817258	2449
566050	387817259	6
566050	387817260	3
566050	387817261	1775
566050	387817262	6
566050	387817263	41917
566050	387817264	2
566050	387817265	160
566050	387817266	85911
566050	387817267	1
566050	387817268	12
566050	387817269	10
566050	387817270	128
566050	387817271	3061
566050	387817272	7
566050	387817273	2449
566050	387817274	6
566050	387817275	3
566050	387817276	15253
566050	387817277	1775
566050	387817278	6
566050	387817279	3
566050	387817280	3696
566050	387817281	20241
566050	387817282	26
566050	387817283	5
566050	387817284	12
566050	387817285	107799
566050	387817286	107799
566050	387817287	107799
566050	387817288	107799
566050	387817289	107799
566050	387817290	107799
566050	387817291	107799
566050	387817292	107799
566050	387817293	107799
566050	387817294	107799
566050	387817295	492
566050	387817296	214
566050	387817297	1
566050	387817298	1549
566050	387817299	3197
566050	387817300	1
566050	387817301	66048
566050	387817302	1
566050	387817303	100
566050	387817304	12
566050	387817305	10
566050	387817306	3061
566050	387817307	7
566050	387817308	7046
566050	387817309	11
566050	387817310	3
566050	387817311	4640
566050	387817312	6
566050	387817313	3
566050	387817314	2615
566050	387817315	2175
566050	387817316	1
566050	387817317	20
566050	387817318	713
566050	387817319	214
566050	387817320	40
566050	387817321	3
566050	387817322	9519
566050	387817323	3531
566050	387817324	6
566050	387817325	8802
566050	387817326	2
566050	387817327	160
566050	387817328	4645
566050	387817329	1
566050	387817330	74397
566050	387817331	1
566050	387817332	12
566050	387817333	10
566050	387817334	28942
566050	387817335	15198
566050	387817336	36
566050	387817337	12835
566050	387817338	20
566050	387817339	3
566050	387817340	4048
566050	387817341	6
566050	387817342	542
566050	387817343	22173
566050	387817344	1
566050	387817345	5
566050	387817346	3356
566050	387817347	11
566050	387817348	46
566050	387817349	596
566050	387817350	885
566050	387817351	12
566050	387817352	22663
566050	387817353	14
566050	387817354	1
566050	387817355	100
566050	387817356	43634
566050	387817357	7046
566050	387817358	11
566050	387817359	66048
566050	387817360	2
566050	387817361	356
566050	387817362	3
566050	387817363	7770
566050	387817364	6
566050	387817365	16
566050	387817366	123395
566050	387817367	4322
566050	387817368	1
566050	387817369	11
566050	387817370	62569
566050	387817371	1
566050	387817372	12
566050	387817373	993
566050	387817374	15
566050	387817375	16
566050	387817376	9059
566050	387817377	2409
566050	387817378	6
566050	387817379	966
566050	387817380	1
566050	387817381	51
566050	387817382	2761058
566050	387817383	1009830
566050	387817384	775
566050	387817385	15
566050	387817386	16
566050	387817387	1473
566050	387817388	715
566050	387817389	96
566050	387817390	18
566050	387817391	3
566050	387817392	1748
566050	387817393	1108
566050	387817394	6
566050	387817395	3
566050	387817396	3082
566050	387817397	1
566050	387817398	11
566050	387817399	51
566050	387817400	12
566050	387817401	18
566050	387817402	56
566050	387817403	3461
566050	387817404	304
566050	387817405	28
566050	387817406	21710
566050	387817407	11
566050	387817408	3
566050	387817409	10475
566050	387817410	6
566050	387817411	3
566050	387817412	2615
566050	387817413	2175
566050	387817414	2
566050	387817415	160
566050	387817416	5348
566050	387817417	1
566050	387817418	71843
566050	387817419	1
566050	387817420	12
566050	387817421	575
566050	387817422	50
566050	387817423	58682
566050	387817424	14861
566050	387817425	6
566050	387817426	3
566050	387817427	7641
566050	387817428	4963
566050	387817429	11
566050	387817430	43
566050	387817431	484
566050	387817432	17
566050	387817433	3
566050	387817434	947
566050	387817435	11219
566050	387817436	27525
566050	387817437	26
566050	387817438	5
566050	387817439	11
566050	387817440	65225
566050	387817441	1
566050	387817442	12
566050	387817443	10
566050	387817444	8622
566050	387817445	3835
566050	387817446	5559
566050	387817447	6
566050	387817448	7641
566050	387817449	11
566050	387817450	12985
566050	387817451	6906
566050	387817452	2
566050	387817453	160
566050	387817454	179
566050	387817455	8406
566050	387817456	12
566050	387817457	836
566050	387817458	1
566050	387817459	375
566050	387817460	1
566050	387817461	32
566050	387817462	7
566050	387817463	120
566050	387817464	14240
566050	387817465	754
566050	387817466	1
566050	387817467	16
566050	387817468	27739
566050	387817469	28077
566050	387817470	29
566050	387817471	9
566050	387817472	12969
566050	387817473	53
566050	387817474	2
566050	387817475	160
566050	387817476	3
566050	387817477	3692
566050	387817478	6
566050	387817479	65225
566050	387817480	1
566050	387817481	12
566050	387817482	2456
566050	387817483	40
566050	387817484	3
566050	387817485	17238
566050	387817486	107799
566050	387817487	107799
566050	387817488	107799
566050	387817489	107799
566050	387817490	107799
566050	387817491	107799
566050	387817492	107799
566050	387817493	107799
566050	387817494	107799
566050	387817495	107799
566050	387817496	3197
566050	387817497	1
566050	387817498	65225
566050	387817499	1
566050	387817500	100
566050	387817501	12
566050	387817502	10
566050	387817503	44154
566050	387817504	214
566050	387817505	6
566050	387817506	754
566050	387817507	1
566050	387817508	12
566050	387817509	10
566050	387817510	3061
566050	387817511	50
566050	387817512	282966
566050	387817513	5420
566050	387817514	6
566050	387817515	3
566050	387817516	72325
566050	387817517	3512
566050	387817518	6
566050	387817519	43
566050	387817520	3082
566050	387817521	2
566050	387817522	438
566050	387817523	43
566050	387817524	596
566050	387817525	12
566050	387817526	10
566050	387817527	8622
566050	387817528	45
566050	387817529	7
566050	387817530	19677
566050	387817531	1
566050	387817532	11
566050	387817533	51
566050	387817534	7
566050	387817535	13216
566050	387817536	6201
566050	387817537	41
566050	387817538	15216
566050	387817539	15
566050	387817540	29
566050	387817541	11
566050	387817542	2613
566050	387817543	4395
566050	387817544	5
566050	387817545	38055
566050	387817546	2
566050	387817547	201
566050	387817548	455
566050	387817549	22
566050	387817550	1378412
566050	387817551	17615
566050	387817552	6
566050	387817553	3093
566050	387817554	1
566050	387817555	2186
566050	387817556	4311
566050	387817557	332
566050	387817558	118
566050	387817559	611
566050	387817560	5169
566050	387817561	15
566050	387817562	16
566050	387817563	112470
566050	387817564	18483
566050	387817565	1
566050	387817566	32
566050	387817567	46
566050	387817568	87
566050	387817569	1
566050	387817570	20
566050	387817571	46
566050	387817572	573
566050	387817573	596
566050	387817574	1
566050	387817575	5
566050	387817576	379
566050	387817577	2186
566050	387817578	4311
566050	387817579	332
566050	387817580	3
566050	387817581	5383
566050	387817582	5169
566050	387817583	51
566050	387817584	14
566050	387817585	1338
566050	387817586	13357
566050	387817587	16
566050	387817588	2613
566050	387817589	3126334
566050	387817590	12
566050	387817591	105
566050	387817592	150471
566050	387817593	1
566050	387817594	5
566050	387817595	11
566050	387817596	2613
566050	387817597	5401
566050	387817598	105
566050	387817599	2447405
566050	387817600	11
566050	387817601	3
566050	387817602	6189
566050	387817603	15
566050	387817604	50
566050	387817605	596
566050	387817606	137
566050	387817607	3682
566050	387817608	1
566050	387817609	137
566050	387817610	4035
566050	387817611	40
566050	387817612	2613
566050	387817613	4082
566050	387817614	5
566050	387817615	52911
566050	387817616	1
566050	387817617	47
566050	387817618	46
566050	387817619	6
566050	387817620	7
566050	387817621	5420
566050	387817622	6
566050	387817623	114
566050	387817624	3114182
566050	387817625	3512
566050	387817626	1
566050	387817627	42
566050	387817628	41
566050	387817629	1425
566050	387817630	9
566050	387817631	2587
566050	387817632	1006
566050	387817633	144834
566050	387817634	106898
566050	387817635	1
566050	387817636	5
566050	387817637	9
566050	387817638	30
566050	387817639	18313
566050	387817640	45
566050	387817641	7
566050	387817642	4815
566050	387817643	15
566050	387817644	3834
566050	387817645	20373
566050	387817646	1
566050	387817647	3934
566050	387817648	5
566050	387817649	2887
566050	387817650	21662
566050	387817651	2
566050	387817652	2524
566050	387817653	3
566050	387817654	214
566050	387817655	71331
566050	387817656	5
566050	387817657	62997
566050	387817658	12
566050	387817659	10
566050	387817660	14863
566050	387817661	6
566050	387817662	3
566050	387817663	484
566050	387817664	6
566050	387817665	542
566050	387817666	22173
566050	387817667	2
566050	387817668	160
566050	387817669	3197
566050	387817670	1
566050	387817671	46852
566050	387817672	1
566050	387817673	12
566050	387817674	10
566050	387817675	310
566050	387817676	13004
566050	387817677	15643
566050	387817678	6
566050	387817679	3
566050	387817680	14228
566050	387817681	3512
566050	387817682	2
566050	387817683	493
566050	387817684	1
566050	387817685	128
566050	387817686	1
566050	387817687	107799
566050	387817688	107799
566050	387817689	107799
566050	387817690	107799
566050	387817691	107799
566050	387817692	107799
566050	387817693	107799
566050	387817694	107799
566050	387817695	107799
566050	387817696	107799
566050	387817697	1
566050	387817698	14707
566050	387817699	263
566050	387817700	3
566050	387817701	1252
566050	387817702	3832
566050	387817703	1
566050	387817704	12
566050	387817705	10
566050	387817706	8622
566050	387817707	15
566050	387817708	46
566050	387817709	3209
566050	387817710	238
566050	387817711	64249
566050	387817712	3
566050	387817713	455
566050	387817714	25
566050	387817715	12
566050	387817716	10
566050	387817717	24
566050	387817718	3
566050	387817719	19844
566050	387817720	11
566050	387817721	596
566050	387817722	382
566050	387817723	3
566050	387817724	9877
566050	387817725	33
566050	387817726	3
566050	387817727	2619
566050	387817728	2
566050	387817729	11698
566050	387817730	117193
566050	387817731	836
566050	387817732	9
566050	387817733	5421
566050	387817734	3
566050	387817735	2793
566050	387817736	6
566050	387817737	46
566050	387817738	1412
566050	387817739	4881
566050	387817740	6148
566050	387817741	79248
566050	387817742	1
566050	387817743	34145
566050	387817744	26
566050	387817745	262
566050	387817746	12
566050	387817747	879
566050	387817748	7673
566050	387817749	214
566050	387817750	6
566050	387817751	754
566050	387817752	1861305
566050	387817753	3
566050	387817754	7281
566050	387817755	51
566050	387817756	114
566050	387817757	3082
566050	387817758	16389
566050	387817759	80296
566050	387817760	15
566050	387817761	3
566050	387817762	21789
566050	387817763	596
566050	387817764	2
566050	387817765	2831101
566050	387817766	20
566050	387817767	39110
566050	387817768	214
566050	387817769	1
566050	387817770	40
566050	387817771	3
566050	387817772	7770
566050	387817773	6
566050	387817774	16
566050	387817775	60760
566050	387817776	15
566050	387817777	3
566050	387817778	7770
566050	387817779	6
566050	387817780	16
566050	387817781	106023
566050	387817782	441
566050	387817783	1
566050	387817784	116
566050	387817785	117193
566050	387817786	10
566050	387817787	276
566050	387817788	5140
566050	387817789	6443
566050	387817790	11
566050	387817791	1748
566050	387817792	1108
566050	387817793	1
566050	387817794	47
566050	387817795	2449
566050	387817796	5
566050	387817797	25488
566050	387817798	6
566050	387817799	3
566050	387817800	1775
566050	387817801	6
566050	387817802	41917
566050	387817803	6
566050	387817804	43
566050	387817805	3082
566050	387817806	1
566050	387817807	2449
566050	387817808	6
566050	387817809	118
566050	387817810	7819
566050	387817811	1
566050	387817812	7046
566050	387817813	11
566050	387817814	3
566050	387817815	4640
566050	387817816	6
566050	387817817	3
566050	387817818	2615
566050	387817819	2175
566050	387817820	1
566050	387817821	5
566050	387817822	3008133
566050	387817823	5
566050	387817824	13004
566050	387817825	5420
566050	387817826	6
566050	387817827	114
566050	387817828	14228
566050	387817829	3512
566050	387817830	2
566050	387817831	31
566050	387817832	13521
566050	387817833	6
566050	387817834	10697
566050	387817835	117193
566050	387817836	1
566050	387817837	11
566050	387817838	16
566050	387817839	3806
566050	387817840	1
566050	387817841	5
566050	387817842	382
566050	387817843	3
566050	387817844	1748
566050	387817845	155
566050	387817846	6
566050	387817847	3
566050	387817848	3082
566050	387817849	1
566050	387817850	22
566050	387817851	3524
566050	387817852	68546
566050	387817853	45
566050	387817854	3
566050	387817855	9519
566050	387817856	1669
566050	387817857	6
566050	387817858	3
566050	387817859	224
566050	387817860	8406
566050	387817861	6
566050	387817862	573
566050	387817863	3585
566050	387817864	5
566050	387817865	18054
566050	387817866	1
566050	387817867	11
566050	387817868	51
566050	387817869	12
566050	387817870	10
566050	387817871	1925
566050	387817872	45
566050	387817873	3
566050	387817874	20772
566050	387817875	6
566050	387817876	12985
566050	387817877	6906
566050	387817878	1
566050	387817879	5
566050	387817880	45
566050	387817881	3
566050	387817882	183
566050	387817883	6
566050	387817884	43
566050	387817885	445
566050	387817886	1
566050	387817887	5
566050	387817888	107799
566050	387817889	107799
566050	387817890	107799
566050	387817891	107799
566050	387817892	107799
566050	387817893	107799
566050	387817894	107799
566050	387817895	107799
566050	387817896	107799
566050	387817897	107799
566050	387817898	638
566050	387817899	15
566050	387817900	51
566050	387817901	12
566050	387817902	4161
566050	387817903	1
566050	387817904	51
566050	387817905	10
566050	387817906	18738
566050	387817907	11
566050	387817908	3
566050	387817909	3082
566050	387817910	2755487
566050	387817911	12
566050	387817912	10
566050	387817913	11507
566050	387817914	6250
566050	387817915	150
566050	387817916	1
566050	387817917	5
566050	387817918	292
566050	387817919	29
566050	387817920	3
566050	387817921	727
566050	387817922	6
566050	387817923	16
566050	387817924	10244
566050	387817925	1
566050	387817926	2452719
566050	387817927	1
566050	387817928	82050
566050	387817929	1
566050	387817930	224
566050	387817931	6
566050	387817932	3
566050	387817933	321
566050	387817934	1894
566050	387817935	5
566050	387817936	2051
566050	387817937	2421
566050	387817938	6
566050	387817939	3
566050	387817940	3082
566050	387817941	5
566050	387817942	104
566050	387817943	54
566050	387817944	856
566050	387817945	379
566050	387817946	1
566050	387817947	25
566050	387817948	90
566050	387817949	6
566050	387817950	3
566050	387817951	3169
566050	387817952	6
566050	387817953	179
566050	387817954	46158
566050	387817955	41
566050	387817956	89941
566050	387817957	108
566050	387817958	29
566050	387817959	100
566050	387817960	16
566050	387817961	2613
566050	387817962	16917
566050	387817963	18
566050	387817964	421
566050	387817965	74
566050	387817966	524
566050	387817967	1
566050	387817968	5
566050	387817969	16
566050	387817970	142
566050	387817971	638
566050	387817972	18
566050	387817973	1158
566050	387817974	74
566050	387817975	7
566050	387817976	22062
566050	387817977	2
566050	387817978	116
566050	387817979	117193
566050	387817980	10
566050	387817981	6328
566050	387817982	15
566050	387817983	3
566050	387817984	1453
566050	387817985	1
566050	387817986	5
566050	387817987	7775
566050	387817988	74
566050	387817989	1748
566050	387817990	150
566050	387817991	1
566050	387817992	122
566050	387817993	214
566050	387817994	348
566050	387817995	3
566050	387817996	18579
566050	387817997	6
566050	387817998	3
566050	387817999	8423
566050	387818000	16389
566050	387818001	2
566050	387818002	685
566050	387818003	3
566050	387818004	2613
566050	387818005	2428
566050	387818006	51
566050	387818007	738
566050	387818008	156
566050	387818009	130
566050	387818010	3
566050	387818011	18579
566050	387818012	6
566050	387818013	46
566050	387818014	16389
566050	387818015	1
566050	387818016	12
566050	387818017	39558
566050	387818018	1
566050	387818019	47
566050	387818020	68
566050	387818021	7
566050	387818022	185
566050	387818023	397
566050	387818024	6
566050	387818025	3
566050	387818026	183
566050	387818027	6
566050	387818028	542
566050	387818029	1086
566050	387818030	32
566050	387818031	46
566050	387818032	87
566050	387818033	1
566050	387818034	17
566050	387818035	46
566050	387818036	51
566050	387818037	10
566050	387818038	672
566050	387818039	8423
566050	387818040	2
566050	387818041	685
566050	387818042	43
566050	387818043	638
566050	387818044	1
566050	387818045	335
566050	387818046	12
566050	387818047	10
566050	387818048	24
566050	387818049	7
566050	387818050	1528
566050	387818051	36523
566050	387818052	38
566050	387818053	7
566050	387818054	439
566050	387818055	16817
566050	387818056	1
566050	387818057	12
566050	387818058	10
566050	387818059	7
566050	387818060	5124
566050	387818061	1
566050	387818062	13657
566050	387818063	1
566050	387818064	5
566050	387818065	8573
566050	387818066	2110500
566050	387818067	1915308
566050	387818068	2
566050	387818069	160
566050	387818070	3
566050	387818071	25116
566050	387818072	6
566050	387818073	3
566050	387818074	3082
566050	387818075	1
566050	387818076	5
566050	387818077	257
566050	387818078	7
566050	387818079	7046
566050	387818080	6
566050	387818081	3
566050	387818082	2615
566050	387818083	2175
566050	387818084	1
566050	387818085	12
566050	387818086	10
566050	387818087	7
566050	387818088	19197
566050	387818089	107799
566050	387818090	107799
566050	387818091	107799
566050	387818092	107799
566050	387818093	107799
566050	387818094	107799
566050	387818095	107799
566050	387818096	107799
566050	387818097	107799
566050	387818098	107799
566050	387818099	2
566050	387818100	4234
566050	387818101	118
566050	387818102	224
566050	387818103	611
566050	387818104	155
566050	387818105	11
566050	387818106	43
566050	387818107	3082
566050	387818108	1
566050	387818109	14
566050	387818110	18
566050	387818111	776
566050	387818112	2881
566050	387818113	96
566050	387818114	12
566050	387818115	2
566050	387818116	316
566050	387818117	224
566050	387818118	214
566050	387818119	1
566050	387818120	86
566050	387818121	77
566050	387818122	11
566050	387818123	3
566050	387818124	3082
566050	387818125	18
566050	387818126	177
566050	387818127	360
566050	387818128	2613
566050	387818129	1959
566050	387818130	1
566050	387818131	50
566050	387818132	1959
566050	387818133	27848
566050	387818134	177
566050	387818135	723
566050	387818136	15
566050	387818137	7
566050	387818138	2613
566050	387818139	2254
566050	387818140	6
566050	387818141	3
566050	387818142	3082
566050	387818143	1
566050	387818144	47
566050	387818145	12
566050	387818146	2
566050	387818147	67
566050	387818148	576
566050	387818149	3
566050	387818150	7305
566050	387818151	5
566050	387818152	30388
566050	387818153	6
566050	387818154	46
566050	387818155	638
566050	387818156	5
566050	387818157	3
566050	387818158	11268
566050	387818159	6
566050	387818160	254
566050	387818161	2428
566050	387818162	33
566050	387818163	254
566050	387818164	13247
566050	387818165	1
566050	387818166	12
566050	387818167	1
566050	387818168	795
566050	387818169	1
566050	387818170	99
566050	387818171	105
566050	387818172	56
566050	387818173	2168
566050	387818174	1
566050	387818175	55
566050	387818176	7039
566050	387818177	1
566050	387818178	9
566050	387818179	63
566050	387818180	14
566050	387818181	7588
566050	387818182	1
566050	387818183	25
566050	387818184	12
566050	387818185	4161
566050	387818186	15
566050	387818187	3
566050	387818188	244
566050	387818189	580
566050	387818190	6
566050	387818191	3914
566050	387818192	17
566050	387818193	1364
566050	387818194	5
566050	387818195	5843
566050	387818196	1
566050	387818197	8681
566050	387818198	5
566050	387818199	46534
566050	387818200	1
566050	387818201	4357
566050	387818202	5
566050	387818203	17809
566050	387818204	1
566050	387818205	24238
566050	387818206	5
566050	387818207	9707
566050	387818208	2
566050	387818209	178
566050	387818210	54
566050	387818211	29639
566050	387818212	20
566050	387818213	3
566050	387818214	4574
566050	387818215	51
566050	387818216	23217
566050	387818217	10697
566050	387818218	923493
566050	387818219	137
566050	387818220	5130
566050	387818221	5
566050	387818222	11836
566050	387818223	11
566050	387818224	323073
566050	387818225	5
566050	387818226	2613
566050	387818227	150
566050	387818228	1
566050	387818229	46
566050	387818230	51
566050	387818231	10
566050	387818232	1
566050	387818233	685372
566050	387818234	1
566050	387818235	1905
566050	387818236	2979
566050	387818237	1
566050	387818238	10
566050	387818239	2058
566050	387818240	3080767
566050	387818241	7173
566050	387818242	6
566050	387818243	1088
566050	387818244	5
566050	387818245	8573
566050	387818246	3231782
566050	387818247	283
566050	387818248	1520
566050	387818249	1
566050	387818250	7089
566050	387818251	5
566050	387818252	1523
566050	387818253	1
566050	387818254	155
566050	387818255	1
566050	387818256	7706
566050	387818257	5
566050	387818258	2830
566050	387818259	1
566050	387818260	5
566050	387818261	11602
566050	387818262	65
566050	387818263	10
566050	387818264	11
566050	387818265	53
566050	387818266	2
566050	387818267	201
566050	387818268	7173
566050	387818269	10
566050	387818270	6
566050	387818271	185
566050	387818272	1108
566050	387818273	15
566050	387818274	29
566050	387818275	11
566050	387818276	1267
566050	387818277	1
566050	387818278	11
566050	387818279	2613
566050	387818280	150
566050	387818281	1
566050	387818282	5
566050	387818283	11
566050	387818284	1367
566050	387818285	1
566050	387818286	642
566050	387818287	32
566050	387818288	3
566050	387818289	1453
566050	387818290	107799
566050	387818291	107799
566050	387818292	107799
566050	387818293	107799
566050	387818294	107799
566050	387818295	107799
566050	387818296	107799
566050	387818297	107799
566050	387818298	107799
566050	387818299	107799
566050	387818300	276
566050	387818301	14309
566050	387818302	2
566050	387818303	37
566050	387818304	245
566050	387818305	159
566050	387818306	53
566050	387818307	32
566050	387818308	7
566050	387818309	1032
566050	387818310	1
566050	387818311	5
566050	387818312	5579
566050	387818313	66
566050	387818314	3791
566050	387818315	1
566050	387818316	5214
566050	387818317	5
566050	387818318	19909
566050	387818319	2
566050	387818320	37
566050	387818321	175
566050	387818322	170
566050	387818323	590
566050	387818324	16
566050	387818325	4749
566050	387818326	1
566050	387818327	3
566050	387818328	6316
566050	387818329	1
566050	387818330	5
566050	387818331	3
566050	387818332	20851
566050	387818333	5298
566050	387818334	1
566050	387818335	5
566050	387818336	7579
566050	387818337	1
566050	387818338	522
566050	387818339	330
566050	387818340	1
566050	387818341	196
566050	387818342	9
566050	387818343	4649
566050	387818344	17
566050	387818345	53
566050	387818346	2
566050	387818347	178
566050	387818348	7
566050	387818349	3694
566050	387818350	175
566050	387818351	3
566050	387818352	10648
566050	387818353	38
566050	387818354	10
566050	387818355	7039
566050	387818356	9
566050	387818357	19325
566050	387818358	55
566050	387818359	11227
566050	387818360	9
566050	387818361	4036
566050	387818362	46
566050	387818363	1068
566050	387818364	26
566050	387818365	12
566050	387818366	5641
566050	387818367	3
566050	387818368	455
566050	387818369	1
566050	387818370	5
566050	387818371	265
566050	387818372	9055
566050	387818373	196
566050	387818374	9
566050	387818375	671
566050	387818376	72
566050	387818377	16
566050	387818378	5169
566050	387818379	2
566050	387818380	178
566050	387818381	7
566050	387818382	3694
566050	387818383	10
566050	387818384	16082
566050	387818385	1
566050	387818386	12
566050	387818387	190
566050	387818388	14
566050	387818389	1
566050	387818390	5
566050	387818391	175
566050	387818392	107
566050	387818393	228
566050	387818394	16
566050	387818395	10978
566050	387818396	936
566050	387818397	1
566050	387818398	5
566050	387818399	196
566050	387818400	9
566050	387818401	9998
566050	387818402	5
566050	387818403	10716
566050	387818404	14
566050	387818405	2
566050	387818406	208
566050	387818407	2830
566050	387818408	12
566050	387818409	24825
566050	387818410	2929
566050	387818411	1
566050	387818412	5
566050	387818413	190
566050	387818414	53
566050	387818415	94
566050	387818416	66
566050	387818417	4278
566050	387818418	9758
566050	387818419	26
566050	387818420	1326
566050	387818421	13911
566050	387818422	66
566050	387818423	611
566050	387818424	1
566050	387818425	66
566050	387818426	1543
566050	387818427	1
566050	387818428	5
566050	387818429	66
566050	387818430	14485
566050	387818431	2863646
566050	387818432	51
566050	387818433	1791
566050	387818434	3078
566050	387818435	5
566050	387818436	11011
566050	387818437	1
566050	387818438	187
566050	387818439	51
566050	387818440	44
566050	387818441	24
566050	387818442	1203
566050	387818443	14
566050	387818444	1
566050	387818445	5
566050	387818446	187
566050	387818447	51
566050	387818448	44
566050	387818449	8905
566050	387818450	87
566050	387818451	15
566050	387818452	86
566050	387818453	940
566050	387818454	1
566050	387818455	2575
566050	387818456	6965
566050	387818457	6
566050	387818458	2640
566050	387818459	5
566050	387818460	4749
566050	387818461	2
566050	387818462	299256
566050	387818463	17
566050	387818464	43
566050	387818465	7173
566050	387818466	1
566050	387818467	10
566050	387818468	69344
566050	387818469	2338
566050	387818470	5
566050	387818471	611
566050	387818472	1177
566050	387818473	602
566050	387818474	2
566050	387818475	160
566050	387818476	16
566050	387818477	142
566050	387818478	5685
566050	387818479	2662
566050	387818480	1
566050	387818481	12
566050	387818482	8300
566050	387818483	16
566050	387818484	1272
566050	387818485	1
566050	387818486	47
566050	387818487	45
566050	387818488	7
566050	387818489	402
566050	387818490	6
566050	387818491	107799
566050	387818492	107799
566050	387818493	107799
566050	387818494	107799
566050	387818495	107799
566050	387818496	107799
566050	387818497	107799
566050	387818498	107799
566050	387818499	107799
566050	387818500	107799
566050	387818501	37
566050	387818502	10
566050	387818503	586
566050	387818504	728
566050	387818505	618
566050	387818506	40
566050	387818507	11048
566050	387818508	3980
566050	387818509	1
566050	387818510	2
566050	387818511	5685
566050	387818512	161417
566050	387818513	1
566050	387818514	55
566050	387818515	3
566050	387818516	25255
566050	387818517	6
566050	387818518	34378
566050	387818519	15
566050	387818520	86
566050	387818521	133
566050	387818522	940
566050	387818523	2
566050	387818524	37
566050	387818525	58
566050	387818526	15445
566050	387818527	8172
566050	387818528	1
566050	387818529	104
566050	387818530	14
566050	387818531	10
566050	387818532	1013
566050	387818533	85
566050	387818534	461
566050	387818535	12
566050	387818536	10
566050	387818537	9973
566050	387818538	11
566050	387818539	24484
566050	387818540	1
566050	387818541	5
566050	387818542	3829
566050	387818543	11
566050	387818544	11254
566050	387818545	26
566050	387818546	38
566050	387818547	12
566050	387818548	105
566050	387818549	44
566050	387818550	15445
566050	387818551	8172
566050	387818552	20
566050	387818553	2322018
566050	387818554	1
566050	387818555	55
566050	387818556	20
566050	387818557	3
566050	387818558	1150
566050	387818559	6
566050	387818560	3
566050	387818561	4004
566050	387818562	2
566050	387818563	1258
566050	387818564	7
566050	387818565	1974
566050	387818566	5
566050	387818567	7
566050	387818568	2640
566050	387818569	1
566050	387818570	12
566050	387818571	44
566050	387818572	24
566050	387818573	30
566050	387818574	275
566050	387818575	13316
566050	387818576	15
566050	387818577	1019
566050	387818578	109636
566050	387818579	55
566050	387818580	3934
566050	387818581	56445
566050	387818582	1
566050	387818583	38
566050	387818584	202
566050	387818585	7
566050	387818586	4071
566050	387818587	5
566050	387818588	31064
566050	387818589	906
566050	387818590	15
566050	387818591	46
566050	387818592	51
566050	387818593	10
566050	387818594	3
566050	387818595	560
566050	387818596	20224
566050	387818597	6
566050	387818598	3
566050	387818599	966
566050	387818600	26
566050	387818601	5
566050	387818602	12
566050	387818603	7352
566050	387818604	9
566050	387818605	9384
566050	387818606	15
566050	387818607	3
566050	387818608	249
566050	387818609	6
566050	387818610	38916
566050	387818611	5
566050	387818612	6166
566050	387818613	2338
566050	387818614	1
566050	387818615	12600
566050	387818616	12417
566050	387818617	15
566050	387818618	3
566050	387818619	249
566050	387818620	6
566050	387818621	3934
566050	387818622	14892
566050	387818623	2
566050	387818624	67
566050	387818625	1
566050	387818626	11
566050	387818627	10308
566050	387818628	6
566050	387818629	3
566050	387818630	5685
566050	387818631	2662
566050	387818632	6
566050	387818633	398
566050	387818634	1
566050	387818635	12
566050	387818636	199
566050	387818637	5850
566050	387818638	187
566050	387818639	10760
566050	387818640	552
566050	387818641	5
566050	387818642	1177
566050	387818643	552
566050	387818644	7053
566050	387818645	1
566050	387818646	51
566050	387818647	4208
566050	387818648	3
566050	387818649	13862
566050	387818650	6
566050	387818651	3
566050	387818652	185
566050	387818653	397
566050	387818654	6
566050	387818655	3584
566050	387818656	183
566050	387818657	1
566050	387818658	862
566050	387818659	1378412
566050	387818660	96
566050	387818661	187
566050	387818662	4437
566050	387818663	5
566050	387818664	5157
566050	387818665	1
566050	387818666	335
566050	387818667	10730
566050	387818668	7053
566050	387818669	1
566050	387818670	51
566050	387818671	30520
566050	387818672	500
566050	387818673	143
566050	387818674	15
566050	387818675	3
566050	387818676	230
566050	387818677	2
566050	387818678	67
566050	387818679	43
566050	387818680	7173
566050	387818681	6
566050	387818682	280
566050	387818683	1
566050	387818684	354
566050	387818685	13388
566050	387818686	3110
566050	387818687	16
566050	387818688	1088
566050	387818689	5
566050	387818690	8573
566050	387818691	10187
566050	387818692	107799
566050	387818693	107799
566050	387818694	107799
566050	387818695	107799
566050	387818696	107799
566050	387818697	107799
566050	387818698	107799
566050	387818699	107799
566050	387818700	107799
566050	387818701	107799
566050	387818702	8014
566050	387818703	5169
566050	387818704	4140
566050	387818705	4282
566050	387818706	9
566050	387818707	171
566050	387818708	3
566050	387818709	7614
566050	387818710	2048
566050	387818711	6
566050	387818712	3
566050	387818713	10586
566050	387818714	6
566050	387818715	16
566050	387818716	585
566050	387818717	108
566050	387818718	3
566050	387818719	2640
566050	387818720	1
566050	387818721	5
566050	387818722	1257
566050	387818723	108
566050	387818724	3
566050	387818725	4749
566050	387818726	2
566050	387818727	37
566050	387818728	18
566050	387818729	379
566050	387818730	50
566050	387818731	4203
566050	387818732	5
566050	387818733	1088
566050	387818734	602
566050	387818735	6
566050	387818736	7710
566050	387818737	55
566050	387818738	18483
566050	387818739	2
566050	387818740	37
566050	387818741	175
566050	387818742	196
566050	387818743	9
566050	387818744	115
566050	387818745	5
566050	387818746	180
566050	387818747	3
566050	387818748	1018
566050	387818749	192
566050	387818750	1
566050	387818751	11
566050	387818752	3
566050	387818753	1018
566050	387818754	87
566050	387818755	5
566050	387818756	1771
566050	387818757	2
566050	387818758	37
566050	387818759	827
566050	387818760	490
566050	387818761	9
566050	387818762	15038
566050	387818763	25
566050	387818764	12
566050	387818765	8848
566050	387818766	65
566050	387818767	3
566050	387818768	14574
566050	387818769	1143
566050	387818770	266011
566050	387818771	2573863
566050	387818772	250
566050	387818773	85
566050	387818774	5
566050	387818775	1552
566050	387818776	1
566050	387818777	230
566050	387818778	194
566050	387818779	7579
566050	387818780	14
566050	387818781	1
566050	387818782	55
566050	387818783	197823
566050	387818784	14
566050	387818785	1
566050	387818786	822
566050	387818787	96
566050	387818788	12
566050	387818789	2
566050	387818790	201
566050	387818791	2919
566050	387818792	9640
566050	387818793	29
566050	387818794	120
566050	387818795	3527
566050	387818796	15
566050	387818797	398
566050	387818798	1
566050	387818799	5
566050	387818800	10
566050	387818801	6
566050	387818802	185
566050	387818803	1108
566050	387818804	15
566050	387818805	29
566050	387818806	94
566050	387818807	16
566050	387818808	1748
566050	387818809	150
566050	387818810	1
566050	387818811	1257
566050	387818812	32
566050	387818813	3
566050	387818814	1453
566050	387818815	2
566050	387818816	52
566050	387818817	292
566050	387818818	29
566050	387818819	185
566050	387818820	11224
566050	387818821	2
566050	387818822	37
566050	387818823	175
566050	387818824	107
566050	387818825	65
566050	387818826	18176
566050	387818827	65
566050	387818828	1
566050	387818829	5
566050	387818830	196
566050	387818831	9
566050	387818832	671
566050	387818833	53
566050	387818834	334
566050	387818835	4140
566050	387818836	4282
566050	387818837	9
566050	387818838	5426
566050	387818839	3
566050	387818840	1018
566050	387818841	1816
566050	387818842	2
566050	387818843	37
566050	387818844	105
566050	387818845	68
566050	387818846	277
566050	387818847	51
566050	387818848	10
566050	387818849	275274
566050	387818850	2
566050	387818851	37
566050	387818852	105
566050	387818853	1878
566050	387818854	33
566050	387818855	3
566050	387818856	1992
566050	387818857	1024
566050	387818858	2
566050	387818859	37
566050	387818860	105
566050	387818861	2350
566050	387818862	3
566050	387818863	1992
566050	387818864	1132
566050	387818865	55
566050	387818866	2470
566050	387818867	2
566050	387818868	37
566050	387818869	4019
566050	387818870	50748
566050	387818871	1
566050	387818872	11
566050	387818873	338
566050	387818874	55
566050	387818875	3481
566050	387818876	2
566050	387818877	37
566050	387818878	72517
566050	387818879	379
566050	387818880	11
566050	387818881	3661
566050	387818882	5
566050	387818883	2994
566050	387818884	1
566050	387818885	5
566050	387818886	1076
566050	387818887	50
566050	387818888	22594
566050	387818889	13577
566050	387818890	6
566050	387818891	19818
566050	387818892	1
566050	387818893	107799
566050	387818894	107799
566050	387818895	107799
566050	387818896	107799
566050	387818897	107799
566050	387818898	107799
566050	387818899	107799
566050	387818900	107799
566050	387818901	107799
566050	387818902	107799
566050	387818903	16
566050	387818904	8406
566050	387818905	5
566050	387818906	7053
566050	387818907	1
566050	387818908	17
566050	387818909	185
566050	387818910	128892
566050	387818911	5
566050	387818912	15551
566050	387818913	2
566050	387818914	37
566050	387818915	18
566050	387818916	7
566050	387818917	2697
566050	387818918	602
566050	387818919	6
566050	387818920	3
566050	387818921	11995
566050	387818922	1
566050	387818923	5
566050	387818924	2979
566050	387818925	524
566050	387818926	6
566050	387818927	2755170
566050	387818928	17999
566050	387818929	222
566050	387818930	1
566050	387818931	2752
566050	387818932	5
566050	387818933	2506817
566050	387818934	12
566050	387818935	17924
566050	387818936	120
566050	387818937	20773
566050	387818938	1
566050	387818939	100
566050	387818940	12
566050	387818941	12937
566050	387818942	19818
566050	387818943	1
566050	387818944	55
566050	387818945	262
566050	387818946	12
566050	387818947	1304
566050	387818948	9
566050	387818949	171
566050	387818950	16
566050	387818951	31268
566050	387818952	1961
566050	387818953	3420
566050	387818954	2
566050	387818955	37
566050	387818956	18
566050	387818957	3
566050	387818958	2367
566050	387818959	5
566050	387818960	120
566050	387818961	8191
566050	387818962	35640
566050	387818963	524
566050	387818964	6
566050	387818965	11041
566050	387818966	415
566050	387818967	40
566050	387818968	3
566050	387818969	9970
566050	387818970	5
566050	387818971	11995
566050	387818972	1
566050	387818973	15
566050	387818974	3
566050	387818975	2176
566050	387818976	1
566050	387818977	16548
566050	387818978	5
566050	387818979	6625
566050	387818980	1
566050	387818981	5
566050	387818982	6
566050	387818983	6821
566050	387818984	3
566050	387818985	1485
566050	387818986	6
566050	387818987	16
566050	387818988	16433
566050	387818989	74
566050	387818990	3852
566050	387818991	3543
566050	387818992	1
566050	387818993	55
566050	387818994	3956
566050	387818995	1
566050	387818996	55
566050	387818997	674
566050	387818998	2
566050	387818999	208
566050	387819000	1023
566050	387819001	10
566050	387819002	9109
566050	387819003	5
566050	387819004	77705
566050	387819005	26
566050	387819006	5
566050	387819007	14
566050	387819008	18
566050	387819009	3
566050	387819010	2419
566050	387819011	2919
566050	387819012	6
566050	387819013	184540
566050	387819014	65
566050	387819015	10
566050	387819016	31058
566050	387819017	1
566050	387819018	5
566050	387819019	6
566050	387819020	2723
566050	387819021	3
566050	387819022	491
566050	387819023	134
566050	387819024	2
566050	387819025	37
566050	387819026	202
566050	387819027	120
566050	387819028	230
566050	387819029	2563
566050	387819030	654
566050	387819031	7
566050	387819032	2238
566050	387819033	26
566050	387819034	229
566050	387819035	418
566050	387819036	11
566050	387819037	3
566050	387819038	585
566050	387819039	10
566050	387819040	32
566050	387819041	16
566050	387819042	2005
566050	387819043	100
566050	387819044	14
566050	387819045	10
566050	387819046	4008
566050	387819047	20
566050	387819048	1044
566050	387819049	1
566050	387819050	5
566050	387819051	3
566050	387819052	1018
566050	387819053	13627
566050	387819054	41
566050	387819055	194
566050	387819056	832
566050	387819057	32
566050	387819058	3
566050	387819059	1018
566050	387819060	3206
566050	387819061	2
566050	387819062	37
566050	387819063	18
566050	387819064	185
566050	387819065	2344
566050	387819066	6
566050	387819067	3341
566050	387819068	1
566050	387819069	1482
566050	387819070	1
566050	387819071	33166
566050	387819072	62
566050	387819073	47
566050	387819074	12
566050	387819075	2586
566050	387819076	17
566050	387819077	16
566050	387819078	585
566050	387819079	1
566050	387819080	292
566050	387819081	57803
566050	387819082	15
566050	387819083	16
566050	387819084	302
566050	387819085	1
566050	387819086	5
566050	387819087	5086
566050	387819088	16
566050	387819089	3178
566050	387819090	33
566050	387819091	417
566050	387819092	2
566050	387819093	2261
566050	387819094	107799
566050	387819095	107799
566050	387819096	107799
566050	387819097	107799
566050	387819098	107799
566050	387819099	107799
566050	387819100	107799
566050	387819101	107799
566050	387819102	107799
566050	387819103	107799
566050	387819104	51
566050	387819105	12
566050	387819106	106218
566050	387819107	1
566050	387819108	5
566050	387819109	1076
566050	387819110	7
566050	387819111	4425
566050	387819112	524
566050	387819113	6
566050	387819114	33183
566050	387819115	149
566050	387819116	17
566050	387819117	16
566050	387819118	6658
566050	387819119	2
566050	387819120	208
566050	387819121	524
566050	387819122	6
566050	387819123	9392
566050	387819124	379
566050	387819125	10
566050	387819126	42898
566050	387819127	2
566050	387819128	37
566050	387819129	10
566050	387819130	276
566050	387819131	27041
566050	387819132	30175
566050	387819133	11
566050	387819134	16
566050	387819135	7053
566050	387819136	1
566050	387819137	4019
566050	387819138	17805
566050	387819139	454
566050	387819140	96
566050	387819141	50
566050	387819142	380
566050	387819143	26
566050	387819144	229
566050	387819145	42
566050	387819146	13094
566050	387819147	94
566050	387819148	66
566050	387819149	5372
566050	387819150	5
566050	387819151	21302
566050	387819152	38
566050	387819153	9536
566050	387819154	2797
566050	387819155	1
566050	387819156	64
566050	387819157	46
566050	387819158	10
566050	387819159	6455
566050	387819160	1
566050	387819161	55
566050	387819162	317
566050	387819163	3244
566050	387819164	1
566050	387819165	20
566050	387819166	16
566050	387819167	940
566050	387819168	2
566050	387819169	472
566050	387819170	73
566050	387819171	70
566050	387819172	422
566050	387819173	29
566050	387819174	3895
566050	387819175	94
566050	387819176	172235
566050	387819177	1
566050	387819178	25
566050	387819179	16
566050	387819180	321
566050	387819181	8484
566050	387819182	17491
566050	387819183	11
566050	387819184	3
566050	387819185	7654
566050	387819186	6
566050	387819187	16
566050	387819188	2830
566050	387819189	10
566050	387819190	1
566050	387819191	25
566050	387819192	12
566050	387819193	190
566050	387819194	1
566050	387819195	5
566050	387819196	74432
566050	387819197	1927
566050	387819198	1
566050	387819199	3
566050	387819200	37415
566050	387819201	5
566050	387819202	3
566050	387819203	611
566050	387819204	3206
566050	387819205	1
566050	387819206	5
566050	387819207	23770
566050	387819208	1174194
566050	387819209	68273
566050	387819210	3197
566050	387819211	1
566050	387819212	1181
566050	387819213	55
566050	387819214	1639
566050	387819215	267
566050	387819216	3
566050	387819217	1550
566050	387819218	1
566050	387819219	15750
566050	387819220	108
566050	387819221	3
566050	387819222	1417
566050	387819223	17
566050	387819224	1272
566050	387819225	5
566050	387819226	8573
566050	387819227	11247
566050	387819228	1
566050	387819229	2546
566050	387819230	53
566050	387819231	730
566050	387819232	11
566050	387819233	64
566050	387819234	66
566050	387819235	850
566050	387819236	1
566050	387819237	5
566050	387819238	2939
566050	387819239	53
566050	387819240	17
566050	387819241	185
566050	387819242	6486
566050	387819243	5
566050	387819244	524
566050	387819245	108
566050	387819246	3
566050	387819247	1367
566050	387819248	5
566050	387819249	4749
566050	387819250	2
566050	387819251	208
566050	387819252	1418
566050	387819253	1
566050	387819254	2979
566050	387819255	20
566050	387819256	118
566050	387819257	112195
566050	387819258	1
566050	387819259	2344
566050	387819260	5
566050	387819261	57803
566050	387819262	1
566050	387819263	5
566050	387819264	47327
566050	387819265	11
566050	387819266	3
566050	387819267	611
566050	387819268	23041
566050	387819269	302
566050	387819270	51
566050	387819271	59
566050	387819272	3
566050	387819273	1177
566050	387819274	10196
566050	387819275	6
566050	387819276	64
566050	387819277	73
566050	387819278	1501
566050	387819279	3
566050	387819280	1531
566050	387819281	1283
566050	387819282	1
566050	387819283	15108
566050	387819284	29
566050	387819285	9
566050	387819286	6070
566050	387819287	10724
566050	387819288	348
566050	387819289	398
566050	387819290	3
566050	387819291	521
566050	387819292	1
566050	387819293	51
566050	387819294	12
566050	387819295	107799
566050	387819296	107799
566050	387819297	107799
566050	387819298	107799
566050	387819299	107799
566050	387819300	107799
566050	387819301	107799
566050	387819302	107799
566050	387819303	107799
566050	387819304	107799
566050	387819305	8573
566050	387819306	1
566050	387819307	5
566050	387819308	16634
566050	387819309	3437
566050	387819310	2
566050	387819311	37
566050	387819312	18
566050	387819313	14
566050	387819314	32
566050	387819315	2005
566050	387819316	1
566050	387819317	100
566050	387819318	14
566050	387819319	10
566050	387819320	4008
566050	387819321	2
566050	387819322	208
566050	387819323	7053
566050	387819324	1
566050	387819325	11463
566050	387819326	15
566050	387819327	3
566050	387819328	1367
566050	387819329	1
566050	387819330	41
566050	387819331	5130
566050	387819332	5
566050	387819333	9536
566050	387819334	26
566050	387819335	5
566050	387819336	12
566050	387819337	12041
566050	387819338	15
566050	387819339	16
566050	387819340	2830
566050	387819341	3
566050	387819342	4395
566050	387819343	6
566050	387819344	966
566050	387819345	1
566050	387819346	1663
566050	387819347	1672
566050	387819348	1674
566050	387819349	3
566050	387819350	5169
566050	387819351	6
566050	387819352	6316
566050	387819353	1
566050	387819354	17
566050	387819355	185
566050	387819356	16591
566050	387819357	2
566050	387819358	37
566050	387819359	34414
566050	387819360	433
566050	387819361	1
566050	387819362	640
566050	387819363	1
566050	387819364	33
566050	387819365	3
566050	387819366	7058
566050	387819367	6
566050	387819368	16
566050	387819369	142
566050	387819370	280
566050	387819371	1
566050	387819372	108
566050	387819373	16
566050	387819374	943
566050	387819375	5
566050	387819376	1088
566050	387819377	20749
566050	387819378	6
566050	387819379	3
566050	387819380	631
566050	387819381	5
566050	387819382	3850
566050	387819383	6
566050	387819384	209
566050	387819385	1
566050	387819386	33
566050	387819387	16
566050	387819388	3829
566050	387819389	534
566050	387819390	1
566050	387819391	5
566050	387819392	611
566050	387819393	1177
566050	387819394	602
566050	387819395	1
566050	387819396	96
566050	387819397	108
566050	387819398	3
566050	387819399	40715
566050	387819400	6
566050	387819401	868
566050	387819402	26
566050	387819403	335
566050	387819404	12
566050	387819405	18
566050	387819406	7
566050	387819407	133
566050	387819408	4044
566050	387819409	1903
566050	387819410	1
566050	387819411	51
566050	387819412	12
566050	387819413	2678
566050	387819414	15
566050	387819415	185
566050	387819416	2070
566050	387819417	2
566050	387819418	208
566050	387819419	622
566050	387819420	6
566050	387819421	23653
566050	387819422	10
566050	387819423	6627
566050	387819424	5
566050	387819425	40119
566050	387819426	1
566050	387819427	100
566050	387819428	12
566050	387819429	300
566050	387819430	26
566050	387819431	38
566050	387819432	47
566050	387819433	12
566050	387819434	2586
566050	387819435	17
566050	387819436	16
566050	387819437	585
566050	387819438	55
566050	387819439	959
566050	387819440	1
566050	387819441	16
566050	387819442	1138
566050	387819443	31526
566050	387819444	1
566050	387819445	16
566050	387819446	1418
566050	387819447	9917
566050	387819448	1
566050	387819449	16
566050	387819450	419
566050	387819451	1
566050	387819452	2153
566050	387819453	5
566050	387819454	558
566050	387819455	459
566050	387819456	94
566050	387819457	14229
566050	387819458	17
566050	387819459	16
566050	387819460	302
566050	387819461	1
566050	387819462	5
566050	387819463	490
566050	387819464	1
566050	387819465	11
566050	387819466	16
566050	387819467	68509
566050	387819468	1
566050	387819469	12
566050	387819470	62052
566050	387819471	16
566050	387819472	13335
566050	387819473	47
566050	387819474	45
566050	387819475	7
566050	387819476	25374
566050	387819477	8495
566050	387819478	2
566050	387819479	31
566050	387819480	1551
566050	387819481	6
566050	387819482	10697
566050	387819483	117193
566050	387819484	36
566050	387819485	5685
566050	387819486	864
566050	387819487	51
566050	387819488	70
566050	387819489	56
566050	387819490	4233
566050	387819491	1
566050	387819492	16
566050	387819493	1088
566050	387819494	5
566050	387819495	8573
566050	387819496	107799
566050	387819497	107799
566050	387819498	107799
566050	387819499	107799
566050	387819500	107799
566050	387819501	107799
566050	387819502	107799
566050	387819503	107799
566050	387819504	107799
566050	387819505	107799
566050	387819506	1
566050	387819507	16
566050	387819508	1088
566050	387819509	5
566050	387819510	832
566050	387819511	10187
566050	387819512	6
566050	387819513	18483
566050	387819514	1
566050	387819515	16
566050	387819516	3661
566050	387819517	5
566050	387819518	2994
566050	387819519	1
566050	387819520	16
566050	387819521	524
566050	387819522	6
566050	387819523	11557
566050	387819524	5
566050	387819525	47158
566050	387819526	13279
566050	387819527	1
566050	387819528	16
566050	387819529	832
566050	387819530	1023
566050	387819531	1
566050	387819532	16
566050	387819533	2344
566050	387819534	6
566050	387819535	3341
566050	387819536	1
566050	387819537	16
566050	387819538	9392
566050	387819539	1
566050	387819540	16
566050	387819541	943
566050	387819542	5
566050	387819543	1750
566050	387819544	1418
566050	387819545	1
566050	387819546	16
566050	387819547	3437
566050	387819548	1068
566050	387819549	6
566050	387819550	3007724
566050	387819551	1
566050	387819552	12353
566050	387819553	15
566050	387819554	16
566050	387819555	4574
566050	387819556	6
566050	387819557	558
566050	387819558	5
566050	387819559	2952880
566050	387819560	871
566050	387819561	5
566050	387819562	7592
566050	387819563	921
566050	387819564	1
566050	387819565	199
566050	387819566	2854066
566050	387819567	1063
566050	387819568	1
566050	387819569	8601
566050	387819570	1
566050	387819571	5
566050	387819572	11
566050	387819573	1094
566050	387819574	1805
566050	387819575	1
566050	387819576	1763
566050	387819577	5
566050	387819578	94203
566050	387819579	47
566050	387819580	12
566050	387819581	19277
566050	387819582	17
566050	387819583	16
566050	387819584	959
566050	387819585	1
566050	387819586	16
566050	387819587	465
566050	387819588	5
566050	387819589	18588
566050	387819590	419
566050	387819591	1
566050	387819592	16
566050	387819593	8795
566050	387819594	1544
566050	387819595	1
566050	387819596	16
566050	387819597	230046
566050	387819598	4487
566050	387819599	140
566050	387819600	1
566050	387819601	16
566050	387819602	1894
566050	387819603	222
566050	387819604	23892
566050	387819605	159
566050	387819606	3
566050	387819607	403
566050	387819608	6801
566050	387819609	1
566050	387819610	40
566050	387819611	7
566050	387819612	8345
566050	387819613	229
566050	387819614	4623
566050	387819615	2787
566050	387819616	1
566050	387819617	885
566050	387819618	14
566050	387819619	3559
566050	387819620	93
566050	387819621	7
566050	387819622	153180
566050	387819623	1
566050	387819624	16
566050	387819625	6108
566050	387819626	37821
566050	387819627	40
566050	387819628	2176
566050	387819629	11758
566050	387819630	15
566050	387819631	3
566050	387819632	13427
566050	387819633	6
566050	387819634	7
566050	387819635	2892273
566050	387819636	4574
566050	387819637	6
566050	387819638	280
566050	387819639	1
566050	387819640	558
566050	387819641	5
566050	387819642	622
566050	387819643	1
566050	387819644	284
566050	387819645	29
566050	387819646	50
566050	387819647	20502
566050	387819648	1
566050	387819649	73
566050	387819650	1
566050	387819651	11
566050	387819652	16
566050	387819653	583
566050	387819654	301
566050	387819655	1
566050	387819656	18
566050	387819657	1
566050	387819658	33
566050	387819659	3
566050	387819660	3068
566050	387819661	1
566050	387819662	86
566050	387819663	8813
566050	387819664	1
566050	387819665	104
566050	387819666	12
566050	387819667	18
566050	387819668	50
566050	387819669	2532
566050	387819670	1
566050	387819671	32
566050	387819672	3
566050	387819673	1453
566050	387819674	6
566050	387819675	10521
566050	387819676	2
566050	387819677	146
566050	387819678	59
566050	387819679	164
566050	387819680	4574
566050	387819681	6
566050	387819682	10697
566050	387819683	117193
566050	387819684	36
566050	387819685	864
566050	387819686	257
566050	387819687	7
566050	387819688	1748
566050	387819689	77
566050	387819690	51
566050	387819691	135
566050	387819692	24
566050	387819693	30
566050	387819694	10013
566050	387819695	11
566050	387819696	43
566050	387819697	107799
566050	387819698	107799
566050	387819699	107799
566050	387819700	107799
566050	387819701	107799
566050	387819702	107799
566050	387819703	107799
566050	387819704	107799
566050	387819705	107799
566050	387819706	107799
566050	387819707	1
566050	387819708	5
566050	387819709	22
566050	387819710	4008
566050	387819711	20
566050	387819712	164
566050	387819713	2071
566050	387819714	6
566050	387819715	3
566050	387819716	959
566050	387819717	1
566050	387819718	30755
566050	387819719	34
566050	387819720	9
566050	387819721	495
566050	387819722	6
566050	387819723	53
566050	387819724	3455
566050	387819725	2
566050	387819726	208
566050	387819727	42141
566050	387819728	10
566050	387819729	321
566050	387819730	3146
566050	387819731	2
566050	387819732	31
566050	387819733	49746
566050	387819734	6
566050	387819735	3
566050	387819736	445
566050	387819737	2396
566050	387819738	1
566050	387819739	3
566050	387819740	508
566050	387819741	578
566050	387819742	1
566050	387819743	823
566050	387819744	48118
566050	387819745	29
566050	387819746	11
566050	387819747	43
566050	387819748	1941
566050	387819749	2
566050	387819750	208
566050	387819751	9921
566050	387819752	10
566050	387819753	8573
566050	387819754	1
566050	387819755	3852
566050	387819756	5
566050	387819757	47933
566050	387819758	26
566050	387819759	5
566050	387819760	192974
566050	387819761	1587
566050	387819762	1542
566050	387819763	2
566050	387819764	1203890
566050	387819765	37
566050	387819766	27237
566050	387819767	1837
566050	387819768	2438
566050	387819769	15
566050	387819770	187
566050	387819771	73
566050	387819772	41
566050	387819773	1870
566050	387819774	150
566050	387819775	1
566050	387819776	1257
566050	387819777	11
566050	387819778	16
566050	387819779	142
566050	387819780	3806
566050	387819781	26
566050	387819782	50381
566050	387819783	17
566050	387819784	53
566050	387819785	94
566050	387819786	66
566050	387819787	5413
566050	387819788	5
566050	387819789	15765
566050	387819790	1
566050	387819791	252
566050	387819792	12
566050	387819793	1298
566050	387819794	16
566050	387819795	142
566050	387819796	2
566050	387819797	37
566050	387819798	18
566050	387819799	7
566050	387819800	4278
566050	387819801	532
566050	387819802	6
566050	387819803	3
566050	387819804	631
566050	387819805	1
566050	387819806	5
566050	387819807	7
566050	387819808	8573
566050	387819809	7491
566050	387819810	6
566050	387819811	3
566050	387819812	4095
566050	387819813	1
566050	387819814	6
566050	387819815	18284
566050	387819816	5
566050	387819817	4373
566050	387819818	32
566050	387819819	3
566050	387819820	1453
566050	387819821	26
566050	387819822	5
566050	387819823	2866
566050	387819824	53
566050	387819825	23490
566050	387819826	11
566050	387819827	16
566050	387819828	142
566050	387819829	2975
566050	387819830	2
566050	387819831	37
566050	387819832	10
566050	387819833	2192
566050	387819834	11
566050	387819835	16
566050	387819836	4448
566050	387819837	6
566050	387819838	6316
566050	387819839	26
566050	387819840	10357
566050	387819841	66
566050	387819842	1138
566050	387819843	26
566050	387819844	105
566050	387819845	3771
566050	387819846	5
566050	387819847	30407
566050	387819848	295
566050	387819849	53
566050	387819850	1
566050	387819851	1211
566050	387819852	588
566050	387819853	42
566050	387819854	8159
566050	387819855	10991
566050	387819856	1
566050	387819857	100
566050	387819858	12
566050	387819859	175
566050	387819860	265
566050	387819861	196
566050	387819862	9
566050	387819863	1084
566050	387819864	14
566050	387819865	26
566050	387819866	105
566050	387819867	44962
566050	387819868	15
566050	387819869	3
566050	387819870	20472
566050	387819871	5142
566050	387819872	6
566050	387819873	476
566050	387819874	50
566050	387819875	1408
566050	387819876	20851
566050	387819877	3694
566050	387819878	4089
566050	387819879	3420
566050	387819880	1
566050	387819881	55
566050	387819882	11023
566050	387819883	5
566050	387819884	26727
566050	387819885	1
566050	387819886	2063
566050	387819887	1923
566050	387819888	9
566050	387819889	58708
566050	387819890	3
566050	387819891	4278
566050	387819892	1272
566050	387819893	6
566050	387819894	16
566050	387819895	5169
566050	387819896	2
566050	387819897	37
566050	387819898	107799
566050	387819899	107799
566050	387819900	107799
566050	387819901	107799
566050	387819902	107799
566050	387819903	107799
566050	387819904	107799
566050	387819905	107799
566050	387819906	107799
566050	387819907	107799
566050	387819908	475
566050	387819909	4
566050	387819910	40
566050	387819911	7
566050	387819912	324
566050	387819913	1
566050	387819914	4
566050	387819915	5
566050	387819916	18
566050	387819917	8139
566050	387819918	11
566050	387819919	16
566050	387819920	5294
566050	387819921	433
566050	387819922	96
566050	387819923	113
566050	387819924	164
566050	387819925	619
566050	387819926	2
566050	387819927	31
566050	387819928	524
566050	387819929	6
566050	387819930	118
566050	387819931	1549435
566050	387819932	10648
566050	387819933	5
566050	387819934	6
566050	387819935	118
566050	387819936	611
566050	387819937	5
566050	387819938	3006
566050	387819939	1418
566050	387819940	291
566050	387819941	3
566050	387819942	2421
566050	387819943	6
566050	387819944	155
566050	387819945	12
566050	387819946	18908
566050	387819947	3071
566050	387819948	2
566050	387819949	2064
566050	387819950	6678
566050	387819951	41
566050	387819952	18939
566050	387819953	11
566050	387819954	16
566050	387819955	1023
566050	387819956	11
566050	387819957	185
566050	387819958	9676
566050	387819959	5
566050	387819960	17
566050	387819961	10700
566050	387819962	12975
566050	387819963	26
566050	387819964	5
566050	387819965	12
566050	387819966	10
566050	387819967	6779
566050	387819968	9
566050	387819969	6423
566050	387819970	1878665
566050	387819971	1
566050	387819972	100
566050	387819973	7
566050	387819974	5420
566050	387819975	74
566050	387819976	16
566050	387819977	5509
566050	387819978	5
566050	387819979	1257
566050	387819980	74
566050	387819981	16
566050	387819982	20389
566050	387819983	15
566050	387819984	3
566050	387819985	45615
566050	387819986	1
566050	387819987	5
566050	387819988	100
566050	387819989	50
566050	387819990	20502
566050	387819991	74
566050	387819992	16
566050	387819993	7053
566050	387819994	5
566050	387819995	20966
566050	387819996	1
566050	387819997	17
566050	387819998	185
566050	387819999	128892
566050	387820000	5
566050	387820001	15551
566050	387820002	1
566050	387820003	9829
566050	387820004	5
566050	387820005	524
566050	387820006	2
566050	387820007	231
566050	387820008	230
566050	387820009	302
566050	387820010	13357
566050	387820011	10697
566050	387820012	2738164
566050	387820013	47
566050	387820014	12
566050	387820015	887
566050	387820016	94
566050	387820017	1817
566050	387820018	150
566050	387820019	2
566050	387820020	37
566050	387820021	10
566050	387820022	7
566050	387820023	439
566050	387820024	5
566050	387820025	14335
566050	387820026	773
566050	387820027	2
566050	387820028	37
566050	387820029	10
566050	387820030	1
566050	387820031	11
566050	387820032	7
566050	387820033	120
566050	387820034	3146
566050	387820035	2118
566050	387820036	1
566050	387820037	54036
566050	387820038	94
566050	387820039	16
566050	387820040	2898
566050	387820041	1
566050	387820042	5
566050	387820043	7759
566050	387820044	5
566050	387820045	23490
566050	387820046	17756
566050	387820047	6
566050	387820048	64
566050	387820049	42587
566050	387820050	2
566050	387820051	208
566050	387820052	4373
566050	387820053	10
566050	387820054	2979
566050	387820055	2
566050	387820056	37
566050	387820057	10
566050	387820058	8086
566050	387820059	9
566050	387820060	3094
566050	387820061	64
566050	387820062	376
566050	387820063	12
566050	387820064	1042
566050	387820065	26
566050	387820066	5
566050	387820067	2915
566050	387820068	276
566050	387820069	10871
566050	387820070	602
566050	387820071	6
566050	387820072	7710
566050	387820073	1
566050	387820074	5
566050	387820075	16
566050	387820076	3205
566050	387820077	5
566050	387820078	1090
566050	387820079	2898
566050	387820080	5
566050	387820081	1418
566050	387820082	20245
566050	387820083	29
566050	387820084	9
566050	387820085	115
566050	387820086	191
566050	387820087	85
566050	387820088	5
566050	387820089	43
566050	387820090	284
566050	387820091	29
566050	387820092	7
566050	387820093	4724
566050	387820094	6
566050	387820095	4373
566050	387820096	2
566050	387820097	160
566050	387820098	3
566050	387820099	107799
566050	387820100	107799
566050	387820101	107799
566050	387820102	107799
566050	387820103	107799
566050	387820104	107799
566050	387820105	107799
566050	387820106	107799
566050	387820107	107799
566050	387820108	107799
566050	387820109	1
566050	387820110	5
566050	387820111	400
566050	387820112	1
566050	387820113	12
566050	387820114	10
566050	387820115	50
566050	387820116	3365
566050	387820117	1
566050	387820118	1606
566050	387820119	1532
566050	387820120	22
566050	387820121	4019
566050	387820122	104
566050	387820123	194
566050	387820124	4137
566050	387820125	11
566050	387820126	179
566050	387820127	301
566050	387820128	2
566050	387820129	208
566050	387820130	4373
566050	387820131	1
566050	387820132	16
566050	387820133	11557
566050	387820134	1068
566050	387820135	6
566050	387820136	155
566050	387820137	5
566050	387820138	209
566050	387820139	1
566050	387820140	16
566050	387820141	3808
566050	387820142	1138
566050	387820143	1
566050	387820144	97818
566050	387820145	3735
566050	387820146	15
566050	387820147	3
566050	387820148	110
566050	387820149	5
566050	387820150	3
566050	387820151	176
566050	387820152	1
566050	387820153	16
566050	387820154	10660
566050	387820155	1
566050	387820156	16
566050	387820157	3661
566050	387820158	5
566050	387820159	2994
566050	387820160	1
566050	387820161	16
566050	387820162	13577
566050	387820163	6
566050	387820164	22622
566050	387820165	1
566050	387820166	5
566050	387820167	16
566050	387820168	19789
566050	387820169	6
566050	387820170	3
566050	387820171	3029
566050	387820172	1
566050	387820173	284
566050	387820174	29
566050	387820175	3
566050	387820176	150
566050	387820177	6
566050	387820178	188
566050	387820179	1817
566050	387820180	1864
566050	387820181	74
566050	387820182	51
566050	387820183	12
566050	387820184	1262
566050	387820185	2
566050	387820186	31
566050	387820187	4337
566050	387820188	150
566050	387820189	6
566050	387820190	116
566050	387820191	117193
566050	387820192	10
566050	387820193	15051
566050	387820194	2288
566050	387820195	2
566050	387820196	356
566050	387820197	3
566050	387820198	754
566050	387820199	6
566050	387820200	9929
566050	387820201	1
566050	387820202	367
566050	387820203	803
566050	387820204	12
566050	387820205	300
566050	387820206	3
566050	387820207	2409
566050	387820208	6
566050	387820209	966
566050	387820210	11
566050	387820211	542
566050	387820212	22173
566050	387820213	1
566050	387820214	12
566050	387820215	10
566050	387820216	17798
566050	387820217	11
566050	387820218	1118
566050	387820219	15
566050	387820220	59991
566050	387820221	2762
566050	387820222	1
566050	387820223	563
566050	387820224	6
566050	387820225	1974398
566050	387820226	1925750
566050	387820227	23869
566050	387820228	26
566050	387820229	17
566050	387820230	376
566050	387820231	12
566050	387820232	1439
566050	387820233	1
566050	387820234	11
566050	387820235	28376
566050	387820236	2761112
566050	387820237	50013
566050	387820238	1
566050	387820239	5
566050	387820240	17
566050	387820241	276
566050	387820242	32782
566050	387820243	4815
566050	387820244	20
566050	387820245	232
566050	387820246	611
566050	387820247	5
566050	387820248	8484
566050	387820249	20373
566050	387820250	5
566050	387820251	2868
566050	387820252	864
566050	387820253	1
566050	387820254	20
566050	387820255	43741
566050	387820256	214
566050	387820257	1
566050	387820258	2621
566050	387820259	381
566050	387820260	9338
566050	387820261	49
566050	387820262	40
566050	387820263	29
566050	387820264	20
566050	387820265	7
566050	387820266	87
566050	387820267	1
566050	387820268	11
566050	387820269	3596
566050	387820270	1
566050	387820271	43967
566050	387820272	1
566050	387820273	32
566050	387820274	3
566050	387820275	754
566050	387820276	6
566050	387820277	39271
566050	387820278	2
566050	387820279	11698
566050	387820280	117193
566050	387820281	36
566050	387820282	20405
566050	387820283	1
566050	387820284	888
566050	387820285	2123
566050	387820286	17
566050	387820287	12450
566050	387820288	1177688
566050	387820289	5
566050	387820290	6302
566050	387820291	1
566050	387820292	10
566050	387820293	17177
566050	387820294	45
566050	387820295	3
566050	387820296	6295
566050	387820297	6
566050	387820298	224
566050	387820299	108070
566050	387820300	107799
566050	387820301	107799
566050	387820302	107799
566050	387820303	107799
566050	387820304	107799
566050	387820305	107799
566050	387820306	107799
566050	387820307	107799
566050	387820308	107799
566050	387820309	107799
566050	387820310	152
566050	387820311	1118
566050	387820312	1
566050	387820313	5
566050	387820314	6
566050	387820315	3
566050	387820316	4681
566050	387820317	73
566050	387820318	1439
566050	387820319	113
566050	387820320	2779
566050	387820321	87
566050	387820322	143
566050	387820323	258
566050	387820324	23554
566050	387820325	29
566050	387820326	26
566050	387820327	5
566050	387820328	179
566050	387820329	1
566050	387820330	45
566050	387820331	3
566050	387820332	2689
566050	387820333	6
566050	387820334	5444
566050	387820335	1
566050	387820336	70
566050	387820337	478
566050	387820338	3
566050	387820339	5591
566050	387820340	4689
566050	387820341	6
566050	387820342	13812
566050	387820343	16
566050	387820344	2826
566050	387820345	11
566050	387820346	16
566050	387820347	240
566050	387820348	4943
566050	387820349	1
566050	387820350	5
566050	387820351	1324
566050	387820352	1745218
566050	387820353	19
566050	387820354	28091
566050	387820355	29
566050	387820356	15
566050	387820357	16
566050	387820358	240
566050	387820359	4669
566050	387820360	181
566050	387820361	11
566050	387820362	3
566050	387820363	1785
566050	387820364	2
566050	387820365	4409
566050	387820366	224
566050	387820367	347
566050	387820368	1
566050	387820369	17
566050	387820370	66
566050	387820371	193
566050	387820372	1
566050	387820373	3
566050	387820374	4194
566050	387820375	319
566050	387820376	6
566050	387820377	16
566050	387820378	893
566050	387820379	1
566050	387820380	12
566050	387820381	99
566050	387820382	1399
566050	387820383	1
566050	387820384	11
566050	387820385	3
566050	387820386	986
566050	387820387	6
566050	387820388	1757
566050	387820389	1
566050	387820390	15
566050	387820391	3
566050	387820392	5097
566050	387820393	2
566050	387820394	1582
566050	387820395	10
566050	387820396	3
566050	387820397	850
566050	387820398	6
566050	387820399	16
566050	387820400	17381
566050	387820401	1138
566050	387820402	1
566050	387820403	25
566050	387820404	179
566050	387820405	108070
566050	387820406	202
566050	387820407	3109
566050	387820408	1760
566050	387820409	6
566050	387820410	29
566050	387820411	2
566050	387820412	341
566050	387820413	82
566050	387820414	6
566050	387820415	53
566050	387820416	12
566050	387820417	10
566050	387820418	1523
566050	387820419	55495
566050	387820420	1861303
566050	387820421	7
566050	387820422	22272
566050	387820423	45
566050	387820424	3
566050	387820425	381
566050	387820426	6
566050	387820427	7
566050	387820428	440
566050	387820429	1
566050	387820430	11
566050	387820431	16
566050	387820432	16064
566050	387820433	441
566050	387820434	1
566050	387820435	6
566050	387820436	2637
566050	387820437	6343
566050	387820438	5
566050	387820439	17558
566050	387820440	1
566050	387820441	73
566050	387820442	5647
566050	387820443	16
566050	387820444	186
566050	387820445	36
566050	387820446	279
566050	387820447	1
566050	387820448	5
566050	387820449	18
566050	387820450	23732
566050	387820451	149
566050	387820452	11
566050	387820453	940
566050	387820454	5
566050	387820455	211
566050	387820456	15
566050	387820457	3
566050	387820458	13480
566050	387820459	6
566050	387820460	1935
566050	387820461	2
566050	387820462	201
566050	387820463	10
566050	387820464	7
566050	387820465	1691
566050	387820466	40
566050	387820467	51
566050	387820468	12
566050	387820469	105
566050	387820470	1181
566050	387820471	15673
566050	387820472	26
566050	387820473	335
566050	387820474	3
566050	387820475	2020
566050	387820476	3130644
566050	387820477	108
566050	387820478	16
566050	387820479	211
566050	387820480	36470
566050	387820481	214
566050	387820482	13632
566050	387820483	2
566050	387820484	52
566050	387820485	22
566050	387820486	24
566050	387820487	613
566050	387820488	497
566050	387820489	25
566050	387820490	12
566050	387820491	39
566050	387820492	15
566050	387820493	7
566050	387820494	325
566050	387820495	85
566050	387820496	4
566050	387820497	146
566050	387820498	99
566050	387820499	24
566050	387820500	56
566050	387820501	107799
566050	387820502	107799
566050	387820503	107799
566050	387820504	107799
566050	387820505	107799
566050	387820506	107799
566050	387820507	107799
566050	387820508	107799
566050	387820509	107799
566050	387820510	107799
566050	387820511	70
566050	387820512	24
566050	387820513	954
566050	387820514	6
566050	387820515	46
566050	387820516	4194
566050	387820517	440
566050	387820518	2
566050	387820519	4
566050	387820520	1890
566050	387820521	14
566050	387820522	22
566050	387820523	1
566050	387820524	25
566050	387820525	42
566050	387820526	73
566050	387820527	2671
566050	387820528	94
566050	387820529	66
566050	387820530	1124
566050	387820531	2032
566050	387820532	1
566050	387820533	59
566050	387820534	103269
566050	387820535	11
566050	387820536	3
566050	387820537	1023
566050	387820538	1
566050	387820539	5
566050	387820540	58929
566050	387820541	1
566050	387820542	4879
566050	387820543	4860
566050	387820544	4857
566050	387820545	1
566050	387820546	66
566050	387820547	4669
566050	387820548	150
566050	387820549	45
566050	387820550	7195
566050	387820551	11
566050	387820552	3
566050	387820553	1397
566050	387820554	6
566050	387820555	59591
566050	387820556	400
566050	387820557	2
566050	387820558	160
566050	387820559	3197
566050	387820560	1
566050	387820561	30544
566050	387820562	1
566050	387820563	27921
566050	387820564	117193
566050	387820565	10
566050	387820566	1795
566050	387820567	1
566050	387820568	7
566050	387820569	1119
566050	387820570	87
566050	387820571	1
566050	387820572	15
566050	387820573	550
566050	387820574	1
566050	387820575	563
566050	387820576	6
566050	387820577	3087
566050	387820578	220075
566050	387820579	1
566050	387820580	73
566050	387820581	1
566050	387820582	45
566050	387820583	232
566050	387820584	6524
566050	387820585	1956
566050	387820586	5
566050	387820587	2438
566050	387820588	1
566050	387820589	28
566050	387820590	2371
566050	387820591	1267
566050	387820592	1
566050	387820593	5
566050	387820594	28
566050	387820595	7429
566050	387820596	6
566050	387820597	16
566050	387820598	188
566050	387820599	13620
566050	387820600	1
566050	387820601	99
566050	387820602	56
566050	387820603	3
566050	387820604	892
566050	387820605	5
566050	387820606	16426
566050	387820607	6
566050	387820608	16
566050	387820609	25161
566050	387820610	214
566050	387820611	26
566050	387820612	218
566050	387820613	21
566050	387820614	99
566050	387820615	310
566050	387820616	16
566050	387820617	431
566050	387820618	7
566050	387820619	1009
566050	387820620	7292
566050	387820621	1
566050	387820622	24
566050	387820623	143
566050	387820624	20
566050	387820625	16
566050	387820626	347
566050	387820627	5
566050	387820628	16
566050	387820629	347
566050	387820630	36
566050	387820631	347
566050	387820632	1
566050	387820633	25004
566050	387820634	22304
566050	387820635	64
566050	387820636	16
566050	387820637	400
566050	387820638	2
566050	387820639	649
566050	387820640	117
566050	387820641	874
566050	387820642	81
566050	387820643	1
566050	387820644	11
566050	387820645	3579
566050	387820646	1
566050	387820647	9
566050	387820648	8464
566050	387820649	3
566050	387820650	2868
566050	387820651	150
566050	387820652	5
566050	387820653	864
566050	387820654	6
566050	387820655	114
566050	387820656	325
566050	387820657	2
566050	387820658	184
566050	387820659	1
566050	387820660	46
566050	387820661	22
566050	387820662	3
566050	387820663	566
566050	387820664	15
566050	387820665	51
566050	387820666	1
566050	387820667	11
566050	387820668	43
566050	387820669	2176
566050	387820670	380
566050	387820671	1
566050	387820672	54
566050	387820673	718
566050	387820674	17
566050	387820675	29146
566050	387820676	715
566050	387820677	2
566050	387820678	208
566050	387820679	4669
566050	387820680	10244
566050	387820681	44
566050	387820682	1
566050	387820683	11
566050	387820684	43
566050	387820685	380
566050	387820686	1
566050	387820687	30
566050	387820688	363
566050	387820689	6006
566050	387820690	15
566050	387820691	117
566050	387820692	1
566050	387820693	68
566050	387820694	54
566050	387820695	24
566050	387820696	2100
566050	387820697	25
566050	387820698	12
566050	387820699	22
566050	387820700	50
566050	387820701	67341
566050	387820702	107799
566050	387820703	107799
566050	387820704	107799
566050	387820705	107799
566050	387820706	107799
566050	387820707	107799
566050	387820708	107799
566050	387820709	107799
566050	387820710	107799
566050	387820711	107799
566050	387820712	51
566050	387820713	428
566050	387820714	40
566050	387820715	345
566050	387820716	2
566050	387820717	52
566050	387820718	44
566050	387820719	30
566050	387820720	5591
566050	387820721	1
566050	387820722	588
566050	387820723	1
566050	387820724	9
566050	387820725	6734
566050	387820726	108
566050	387820727	16
566050	387820728	1748
566050	387820729	3656
566050	387820730	1
566050	387820731	68
566050	387820732	54
566050	387820733	24
566050	387820734	513
566050	387820735	25
566050	387820736	12
566050	387820737	10
566050	387820738	7
566050	387820739	1823
566050	387820740	6
566050	387820741	1935
566050	387820742	1
566050	387820743	5
566050	387820744	99
566050	387820745	422
566050	387820746	40
566050	387820747	29
566050	387820748	3
566050	387820749	15561
566050	387820750	1
566050	387820751	1730
566050	387820752	504
566050	387820753	74
566050	387820754	3
566050	387820755	892
566050	387820756	6
566050	387820757	437
566050	387820758	4181
566050	387820759	2
566050	387820760	4
566050	387820761	109277
566050	387820762	99
566050	387820763	388
566050	387820764	56
566050	387820765	310
566050	387820766	15
566050	387820767	3
566050	387820768	8573
566050	387820769	2868
566050	387820770	5095
566050	387820771	51
566050	387820772	116
566050	387820773	117193
566050	387820774	2456
566050	387820775	94
566050	387820776	16
566050	387820777	2743
566050	387820778	5
566050	387820779	893
566050	387820780	2
566050	387820781	201
566050	387820782	4
566050	387820783	59340
566050	387820784	5
566050	387820785	21271
566050	387820786	6
566050	387820787	3
566050	387820788	2004
566050	387820789	4
566050	387820790	275
566050	387820791	3
566050	387820792	17381
566050	387820793	1505
566050	387820794	1
566050	387820795	5
566050	387820796	3
566050	387820797	3182
566050	387820798	5
566050	387820799	5875
566050	387820800	6
566050	387820801	16
566050	387820802	6634
566050	387820803	21091
566050	387820804	1
566050	387820805	18
566050	387820806	7
566050	387820807	611
566050	387820808	1959
566050	387820809	108
566050	387820810	29
566050	387820811	2
566050	387820812	37
566050	387820813	10019
566050	387820814	16
566050	387820815	3414
566050	387820816	150
566050	387820817	17
566050	387820818	185
566050	387820819	1941
566050	387820820	20
566050	387820821	2484
566050	387820822	5
566050	387820823	118
566050	387820824	56859
566050	387820825	2
566050	387820826	37
566050	387820827	300
566050	387820828	170
566050	387820829	590
566050	387820830	9
566050	387820831	30
566050	387820832	7
566050	387820833	7653
566050	387820834	43278
566050	387820835	6
566050	387820836	118
566050	387820837	10928
566050	387820838	1
566050	387820839	47
566050	387820840	12
566050	387820841	10
566050	387820842	16024
566050	387820843	150
566050	387820844	1
566050	387820845	5
566050	387820846	7
566050	387820847	2107
566050	387820848	5
566050	387820849	8638
566050	387820850	29023
566050	387820851	6
566050	387820852	3
566050	387820853	11766
566050	387820854	11
566050	387820855	3
566050	387820856	11884
566050	387820857	26
566050	387820858	43142
566050	387820859	149
566050	387820860	17
566050	387820861	43
566050	387820862	26937
566050	387820863	1267
566050	387820864	54880
566050	387820865	32359
566050	387820866	25
566050	387820867	269119
566050	387820868	17
566050	387820869	3
566050	387820870	2133
566050	387820871	560012
566050	387820872	2792
566050	387820873	1
566050	387820874	6
566050	387820875	51
566050	387820876	7397
566050	387820877	673
566050	387820878	4552
566050	387820879	9689
566050	387820880	10
566050	387820881	3704
566050	387820882	9273
566050	387820883	2
566050	387820884	37
566050	387820885	199
566050	387820886	202
566050	387820887	7
566050	387820888	185
566050	387820889	819
566050	387820890	11
566050	387820891	3089
566050	387820892	3
566050	387820893	15645
566050	387820894	5
566050	387820895	27437
566050	387820896	6
566050	387820897	345
566050	387820898	36
566050	387820899	12671
566050	387820900	2929
566050	387820901	5
566050	387820902	345632
566050	387820903	107799
566050	387820904	107799
566050	387820905	107799
566050	387820906	107799
566050	387820907	107799
566050	387820908	107799
566050	387820909	107799
566050	387820910	107799
566050	387820911	107799
566050	387820912	107799
566050	387820913	24
566050	387820914	9407
566050	387820915	5
566050	387820916	673837
566050	387820917	12413
566050	387820918	53
566050	387820919	2
566050	387820920	1801
566050	387820921	1
566050	387820922	12
566050	387820923	10
566050	387820924	466
566050	387820925	50
566050	387820926	26478
566050	387820927	8741
566050	387820928	4172
566050	387820929	1715
566050	387820930	17085
566050	387820931	1
566050	387820932	5
566050	387820933	5255
566050	387820934	185
566050	387820935	5685
566050	387820936	1858
566050	387820937	11
566050	387820938	8393
566050	387820939	1
566050	387820940	2255
566050	387820941	12
566050	387820942	18
566050	387820943	50
566050	387820944	1567
566050	387820945	1
566050	387820946	3
566050	387820947	42509
566050	387820948	9261
566050	387820949	6
566050	387820950	16
566050	387820951	87
566050	387820952	26
566050	387820953	5
566050	387820954	42
566050	387820955	18
566050	387820956	86
566050	387820957	689
566050	387820958	9877
566050	387820959	6
566050	387820960	66
566050	387820961	41147
566050	387820962	96
566050	387820963	12
566050	387820964	2
566050	387820965	31
566050	387820966	1579
566050	387820967	5
566050	387820968	3545
566050	387820969	6128
566050	387820970	6
566050	387820971	22272
566050	387820972	17
566050	387820973	51
566050	387820974	14
566050	387820975	36500
566050	387820976	1250
566050	387820977	9
566050	387820978	2562
566050	387820979	116
566050	387820980	117193
566050	387820981	1
566050	387820982	18
566050	387820983	3
566050	387820984	1164
566050	387820985	9
566050	387820986	671
566050	387820987	29
566050	387820988	7431
566050	387820989	263
566050	387820990	3
566050	387820991	5098
566050	387820992	6
566050	387820993	345
566050	387820994	1
566050	387820995	1257
566050	387820996	3
566050	387820997	381
566050	387820998	6
566050	387820999	16
566050	387821000	440
566050	387821001	1207
566050	387821002	1
566050	387821003	51
566050	387821004	99
566050	387821005	56
566050	387821006	4233
566050	387821007	1
566050	387821008	5
566050	387821009	3
566050	387821010	381
566050	387821011	6
566050	387821012	7
566050	387821013	4194
566050	387821014	563
566050	387821015	1
566050	387821016	16
566050	387821017	6005
566050	387821018	324
566050	387821019	2
566050	387821020	3124
566050	387821021	314
566050	387821022	3
566050	387821023	381
566050	387821024	6
566050	387821025	3
566050	387821026	1417
566050	387821027	1
566050	387821028	51
566050	387821029	10
566050	387821030	11
566050	387821031	66767
566050	387821032	1
566050	387821033	12
566050	387821034	293
566050	387821035	92483
566050	387821036	9
566050	387821037	14291
566050	387821038	399
566050	387821039	5881
566050	387821040	1
566050	387821041	51
566050	387821042	12
566050	387821043	836
566050	387821044	40
566050	387821045	46
566050	387821046	87
566050	387821047	159
566050	387821048	150
566050	387821049	2
566050	387821050	1772
566050	387821051	1959
566050	387821052	51
566050	387821053	18
566050	387821054	185
566050	387821055	5
566050	387821056	19507
566050	387821057	1164
566050	387821058	108
566050	387821059	29
566050	387821060	1
566050	387821061	635
566050	387821062	9
566050	387821063	30
566050	387821064	4233
566050	387821065	2
566050	387821066	208
566050	387821067	319
566050	387821068	10
566050	387821069	7
566050	387821070	197
566050	387821071	6
566050	387821072	13216
566050	387821073	10854
566050	387821074	1
566050	387821075	11836
566050	387821076	11
566050	387821077	1192
566050	387821078	5
566050	387821079	1803
566050	387821080	2
566050	387821081	57
566050	387821082	10
566050	387821083	11
566050	387821084	3
566050	387821085	1945
566050	387821086	1
566050	387821087	24
566050	387821088	143
566050	387821089	6
566050	387821090	7411
566050	387821091	282
566050	387821092	20
566050	387821093	29
566050	387821094	32
566050	387821095	64
566050	387821096	420
566050	387821097	1
566050	387821098	38
566050	387821099	379
566050	387821100	6
566050	387821101	476
566050	387821102	5343
566050	387821103	17
566050	387821104	107799
566050	387821105	107799
566050	387821106	107799
566050	387821107	107799
566050	387821108	107799
566050	387821109	107799
566050	387821110	107799
566050	387821111	107799
566050	387821112	107799
566050	387821113	107799
566050	387821114	545
566050	387821115	11
566050	387821116	3
566050	387821117	138
566050	387821118	1
566050	387821119	9
566050	387821120	10784
566050	387821121	11
566050	387821122	7896
566050	387821123	32
566050	387821124	3
566050	387821125	3555
566050	387821126	6
566050	387821127	1866
566050	387821128	1
566050	387821129	20
566050	387821130	3
566050	387821131	18370
566050	387821132	6
566050	387821133	3
566050	387821134	477
566050	387821135	5
566050	387821136	3
566050	387821137	186
566050	387821138	2
566050	387821139	57
566050	387821140	199
566050	387821141	186202
566050	387821142	611
566050	387821143	1542
566050	387821144	25
566050	387821145	12
566050	387821146	44
566050	387821147	30
566050	387821148	757
566050	387821149	74
566050	387821150	3
566050	387821151	10155
566050	387821152	6
566050	387821153	1935
566050	387821154	1
566050	387821155	5
566050	387821156	21
566050	387821157	10
566050	387821158	24
566050	387821159	5695
566050	387821160	2
566050	387821161	52
566050	387821162	10
566050	387821163	24
566050	387821164	1
566050	387821165	640
566050	387821166	1
566050	387821167	2621
566050	387821168	3
566050	387821169	441
566050	387821170	46852
566050	387821171	1
566050	387821172	148
566050	387821173	54924
566050	387821174	311184
566050	387821175	1
566050	387821176	11
566050	387821177	16
566050	387821178	142
566050	387821179	997
566050	387821180	5
566050	387821181	46
566050	387821182	6
566050	387821183	16
566050	387821184	400
566050	387821185	1
566050	387821186	300
566050	387821187	7
566050	387821188	317
566050	387821189	2868
566050	387821190	150
566050	387821191	2
566050	387821192	160
566050	387821193	4581
566050	387821194	6
566050	387821195	46
566050	387821196	441
566050	387821197	1
566050	387821198	654
566050	387821199	82
566050	387821200	6
566050	387821201	187
566050	387821202	4
566050	387821203	420
566050	387821204	6
566050	387821205	12212
566050	387821206	40
566050	387821207	3
566050	387821208	821
566050	387821209	6
566050	387821210	3
566050	387821211	2004
566050	387821212	1
566050	387821213	4
566050	387821214	6
566050	387821215	51
566050	387821216	3
566050	387821217	4207
566050	387821218	24916
566050	387821219	1501
566050	387821220	1
566050	387821221	5
566050	387821222	51
566050	387821223	3
566050	387821224	2792
566050	387821225	11
566050	387821226	28
566050	387821227	555
566050	387821228	1489
566050	387821229	99
566050	387821230	137
566050	387821231	490
566050	387821232	7179
566050	387821233	1
566050	387821234	121
566050	387821235	41
566050	387821236	11
566050	387821237	43
566050	387821238	484
566050	387821239	10980
566050	387821240	2868
566050	387821241	3656
566050	387821242	20
566050	387821243	7
566050	387821244	230
566050	387821245	301
566050	387821246	2
566050	387821247	31
566050	387821248	524
566050	387821249	6
566050	387821250	3
566050	387821251	4207
566050	387821252	14645
566050	387821253	10
566050	387821254	108
566050	387821255	3
566050	387821256	3538
566050	387821257	1
566050	387821258	5
566050	387821259	34072
566050	387821260	117193
566050	387821261	5
566050	387821262	224
566050	387821263	398
566050	387821264	382
566050	387821265	114
566050	387821266	6655
566050	387821267	155
566050	387821268	6
566050	387821269	6045
566050	387821270	1
566050	387821271	41
566050	387821272	2495
566050	387821273	3544
566050	387821274	2
566050	387821275	443
566050	387821276	82
566050	387821277	667
566050	387821278	1
566050	387821279	100
566050	387821280	121
566050	387821281	10
566050	387821282	9
566050	387821283	30
566050	387821284	2868
566050	387821285	1108
566050	387821286	11
566050	387821287	3
566050	387821288	460
566050	387821289	1
566050	387821290	16
566050	387821291	319
566050	387821292	5
566050	387821293	347
566050	387821294	7912
566050	387821295	25
566050	387821296	12
566050	387821297	525
566050	387821298	16
566050	387821299	813
566050	387821300	20
566050	387821301	545
566050	387821302	1
566050	387821303	1705
566050	387821304	11
566050	387821305	107799
566050	387821306	107799
566050	387821307	107799
566050	387821308	107799
566050	387821309	107799
566050	387821310	107799
566050	387821311	107799
566050	387821312	107799
566050	387821313	107799
566050	387821314	107799
566050	387821315	609
566050	387821316	50
566050	387821317	3426
566050	387821318	5
566050	387821319	8573
566050	387821320	17536
566050	387821321	6
566050	387821322	3
566050	387821323	11766
566050	387821324	1
566050	387821325	187
566050	387821326	73
566050	387821327	41
566050	387821328	8086
566050	387821329	9
566050	387821330	200
566050	387821331	7
566050	387821332	857
566050	387821333	1
566050	387821334	8795
566050	387821335	6
566050	387821336	66
566050	387821337	1432
566050	387821338	9
566050	387821339	1312
566050	387821340	3
566050	387821341	400
566050	387821342	5
566050	387821343	2164
566050	387821344	6
566050	387821345	1935
566050	387821346	1
566050	387821347	41
566050	387821348	4702
566050	387821349	9
566050	387821350	1734
566050	387821351	94
566050	387821352	66
566050	387821353	3441
566050	387821354	1
566050	387821355	218
566050	387821356	3
566050	387821357	164
566050	387821358	2724
566050	387821359	6
566050	387821360	3
566050	387821361	2125
566050	387821362	135
566050	387821363	7132
566050	387821364	2
566050	387821365	11698
566050	387821366	117193
566050	387821367	2228
566050	387821368	2
566050	387821369	814
566050	387821370	7
566050	387821371	230
566050	387821372	302
566050	387821373	6
566050	387821374	2707
566050	387821375	1
566050	387821376	969
566050	387821377	5
566050	387821378	31393
566050	387821379	40
566050	387821380	7
566050	387821381	2158
566050	387821382	6
566050	387821383	1935
566050	387821384	1
566050	387821385	187
566050	387821386	73
566050	387821387	41
566050	387821388	6704
566050	387821389	1
566050	387821390	45
566050	387821391	3
566050	387821392	4753
566050	387821393	1475
566050	387821394	1
566050	387821395	9
566050	387821396	2561
566050	387821397	5
566050	387821398	2263
566050	387821399	5
566050	387821400	2100
566050	387821401	3
566050	387821402	53916
566050	387821403	6
566050	387821404	14176
566050	387821405	1
566050	387821406	41
566050	387821407	4702
566050	387821408	9
566050	387821409	2432
566050	387821410	2
566050	387821411	11698
566050	387821412	117193
566050	387821413	1717
566050	387821414	2
566050	387821415	67
566050	387821416	3
566050	387821417	2345
566050	387821418	1
566050	387821419	51
566050	387821420	12
566050	387821421	84
566050	387821422	1
566050	387821423	11
566050	387821424	46
566050	387821425	2924
566050	387821426	622
566050	387821427	1
566050	387821428	8820
566050	387821429	1
566050	387821430	12
566050	387821431	64091
566050	387821432	15
566050	387821433	5
566050	387821434	58305
566050	387821435	159
566050	387821436	150
566050	387821437	2
566050	387821438	1203890
566050	387821439	406
566050	387821440	1332
566050	387821441	10
566050	387821442	7
566050	387821443	1910
566050	387821444	6
566050	387821445	778
566050	387821446	1866
566050	387821447	5
566050	387821448	112182
566050	387821449	892
566050	387821450	11
566050	387821451	3
566050	387821452	181
566050	387821453	6
566050	387821454	114
566050	387821455	325
566050	387821456	85
566050	387821457	599
566050	387821458	24
566050	387821459	143
566050	387821460	12
566050	387821461	38
566050	387821462	16
566050	387821463	6005
566050	387821464	440
566050	387821465	1
566050	387821466	84
566050	387821467	11
566050	387821468	3
566050	387821469	3806
566050	387821470	6
566050	387821471	3
566050	387821472	966
566050	387821473	1
566050	387821474	104912
566050	387821475	149
566050	387821476	15
566050	387821477	1935
566050	387821478	26
566050	387821479	5
566050	387821480	3
566050	387821481	186
566050	387821482	99
566050	387821483	490
566050	387821484	1
566050	387821485	11
566050	387821486	9900
566050	387821487	214
566050	387821488	1
566050	387821489	18
566050	387821490	3
566050	387821491	819
566050	387821492	6
566050	387821493	6226
566050	387821494	15
566050	387821495	3
566050	387821496	17391
566050	387821497	40
566050	387821498	3
566050	387821499	448
566050	387821500	6
566050	387821501	46
566050	387821502	440
566050	387821503	2
566050	387821504	3758
566050	387821505	734
566050	387821506	107799
566050	387821507	107799
566050	387821508	107799
566050	387821509	107799
566050	387821510	107799
566050	387821511	107799
566050	387821512	107799
566050	387821513	107799
566050	387821514	107799
566050	387821515	107799
566050	387821516	3
566050	387821517	754
566050	387821518	6
566050	387821519	54940
566050	387821520	1
566050	387821521	289
566050	387821522	62
566050	387821523	11
566050	387821524	43
566050	387821525	5414
566050	387821526	1
566050	387821527	46377
566050	387821528	228
566050	387821529	16
566050	387821530	397
566050	387821531	81
566050	387821532	3937
566050	387821533	1
566050	387821534	5
566050	387821535	12852
566050	387821536	8820
566050	387821537	16
566050	387821538	12946
566050	387821539	295
566050	387821540	345
566050	387821541	5
566050	387821542	16
566050	387821543	1192
566050	387821544	295
566050	387821545	114
566050	387821546	1315
566050	387821547	1615
566050	387821548	1935
566050	387821549	1
566050	387821550	88426
566050	387821551	3
566050	387821552	194
566050	387821553	13885
566050	387821554	5
566050	387821555	439
566050	387821556	2942
566050	387821557	9
566050	387821558	30
566050	387821559	16
566050	387821560	2942
566050	387821561	26
566050	387821562	5
566050	387821563	2821213
566050	387821564	1
566050	387821565	45
566050	387821566	3
566050	387821567	1475
566050	387821568	6
566050	387821569	4753
566050	387821570	1866
566050	387821571	1
566050	387821572	9
566050	387821573	297
566050	387821574	149
566050	387821575	62
566050	387821576	159
566050	387821577	150
566050	387821578	1
566050	387821579	15
566050	387821580	3
566050	387821581	1315
566050	387821582	1615
566050	387821583	1935
566050	387821584	1
566050	387821585	9
566050	387821586	30
566050	387821587	3005
566050	387821588	5
566050	387821589	16714
566050	387821590	45
566050	387821591	29
566050	387821592	1
566050	387821593	5
566050	387821594	9
566050	387821595	1236
566050	387821596	17
566050	387821597	43
566050	387821598	853
566050	387821599	11
566050	387821600	3
566050	387821601	4753
566050	387821602	56859
566050	387821603	2
566050	387821604	2549
566050	387821605	46
566050	387821606	1910
566050	387821607	1
566050	387821608	12
566050	387821609	99
566050	387821610	8313
566050	387821611	11
566050	387821612	3
566050	387821613	1579
566050	387821614	3850
566050	387821615	6
566050	387821616	150
566050	387821617	2346
566050	387821618	263
566050	387821619	43
566050	387821620	133
566050	387821621	4468
566050	387821622	2
566050	387821623	37
566050	387821624	99
566050	387821625	56
566050	387821626	50
566050	387821627	1688
566050	387821628	5
566050	387821629	624622
566050	387821630	12814
566050	387821631	33
566050	387821632	3
566050	387821633	3656
566050	387821634	6
566050	387821635	3
566050	387821636	11884
566050	387821637	1
566050	387821638	5
566050	387821639	3
566050	387821640	12776
566050	387821641	1853
566050	387821642	6
566050	387821643	3
566050	387821644	853
566050	387821645	20
566050	387821646	1803
566050	387821647	5
566050	387821648	5564
566050	387821649	1
566050	387821650	375
566050	387821651	10691
566050	387821652	45
566050	387821653	3
566050	387821654	10060
566050	387821655	27739
566050	387821656	6
566050	387821657	754
566050	387821658	2
566050	387821659	160
566050	387821660	1817
566050	387821661	2868
566050	387821662	3656
566050	387821663	12
566050	387821664	68
566050	387821665	24
566050	387821666	78
566050	387821667	1169
566050	387821668	224
566050	387821669	166520
566050	387821670	1
566050	387821671	5
566050	387821672	1169
566050	387821673	588
566050	387821674	10
566050	387821675	120
566050	387821676	7622
566050	387821677	79
566050	387821678	570
566050	387821679	50
566050	387821680	3414
566050	387821681	55
566050	387821682	18935
566050	387821683	362
566050	387821684	2
566050	387821685	75
566050	387821686	12
566050	387821687	293
566050	387821688	7
566050	387821689	8900
566050	387821690	9
566050	387821691	200
566050	387821692	3
566050	387821693	2398
566050	387821694	6
566050	387821695	8460
566050	387821696	5
566050	387821697	31393
566050	387821698	11
566050	387821699	1862
566050	387821700	6
566050	387821701	3709
566050	387821702	1489
566050	387821703	1
566050	387821704	5
566050	387821705	7118
566050	387821706	1
566050	387821707	107799
566050	387821708	107799
566050	387821709	107799
566050	387821710	107799
566050	387821711	107799
566050	387821712	107799
566050	387821713	107799
566050	387821714	107799
566050	387821715	107799
566050	387821716	107799
566050	387821717	119981
566050	387821718	45
566050	387821719	398
566050	387821720	775
566050	387821721	96
566050	387821722	12
566050	387821723	58
566050	387821724	114819
566050	387821725	53
566050	387821726	2
566050	387821727	12089
566050	387821728	3027815
566050	387821729	105
566050	387821730	459
566050	387821731	3451
566050	387821732	6
566050	387821733	16
566050	387821734	1473
566050	387821735	1138
566050	387821736	33
566050	387821737	113
566050	387821738	959
566050	387821739	26
566050	387821740	5
566050	387821741	1257
566050	387821742	33
566050	387821743	3
566050	387821744	2248
566050	387821745	959
566050	387821746	6
566050	387821747	2484
566050	387821748	2
566050	387821749	790
566050	387821750	121
566050	387821751	41
566050	387821752	187
566050	387821753	1
566050	387821754	73
566050	387821755	1
566050	387821756	12
566050	387821757	225
566050	387821758	1
566050	387821759	18
566050	387821760	7
566050	387821761	1446
566050	387821762	9
566050	387821763	132
566050	387821764	16
566050	387821765	2868
566050	387821766	1138
566050	387821767	26
566050	387821768	5
566050	387821769	15
566050	387821770	53
566050	387821771	12
566050	387821772	44
566050	387821773	495
566050	387821774	7010
566050	387821775	5
566050	387821776	3451
566050	387821777	2
566050	387821778	5313
566050	387821779	425
566050	387821780	454
566050	387821781	96
566050	387821782	7
566050	387821783	441
566050	387821784	3190
566050	387821785	1
566050	387821786	12
566050	387821787	18
566050	387821788	7
566050	387821789	366
566050	387821790	5
566050	387821791	54539
566050	387821792	915
566050	387821793	13357
566050	387821794	16
566050	387821795	2868
566050	387821796	1421
566050	387821797	1
566050	387821798	16625
566050	387821799	1
566050	387821800	5
566050	387821801	7649
566050	387821802	1
566050	387821803	17
566050	387821804	351
566050	387821805	11
566050	387821806	376
566050	387821807	12
566050	387821808	16786
566050	387821809	2
566050	387821810	37
566050	387821811	10019
566050	387821812	16
566050	387821813	935
566050	387821814	15
566050	387821815	50
566050	387821816	4719
566050	387821817	1448
566050	387821818	33
566050	387821819	46
566050	387821820	566
566050	387821821	1
566050	387821822	45
566050	387821823	27397
566050	387821824	1
566050	387821825	47
566050	387821826	16
566050	387821827	142
566050	387821828	1
566050	387821829	3
566050	387821830	3093
566050	387821831	6
566050	387821832	7
566050	387821833	5447
566050	387821834	2757
566050	387821835	2158
566050	387821836	85
566050	387821837	4
566050	387821838	8
566050	387821839	704
566050	387821840	25
566050	387821841	14
566050	387821842	22
566050	387821843	7
566050	387821844	120
566050	387821845	2176
566050	387821846	192
566050	387821847	20
566050	387821848	7
566050	387821849	10774
566050	387821850	77
566050	387821851	9
566050	387821852	134
566050	387821853	74
566050	387821854	3
566050	387821855	821
566050	387821856	6
566050	387821857	7
566050	387821858	2072
566050	387821859	2942
566050	387821860	2
566050	387821861	4
566050	387821862	75
566050	387821863	12
566050	387821864	825
566050	387821865	1
566050	387821866	25
566050	387821867	12
566050	387821868	23523
566050	387821869	5
566050	387821870	970
566050	387821871	3
566050	387821872	106
566050	387821873	6
566050	387821874	8175
566050	387821875	45
566050	387821876	3
566050	387821877	20703
566050	387821878	6
566050	387821879	1935
566050	387821880	26
566050	387821881	25
566050	387821882	12
566050	387821883	9592
566050	387821884	38182
566050	387821885	16
566050	387821886	488
566050	387821887	11
566050	387821888	320
566050	387821889	1
566050	387821890	6726
566050	387821891	5
566050	387821892	1542
566050	387821893	15
566050	387821894	3
566050	387821895	53916
566050	387821896	6
566050	387821897	14176
566050	387821898	26
566050	387821899	5
566050	387821900	6969
566050	387821901	25
566050	387821902	12
566050	387821903	10
566050	387821904	5310
566050	387821905	81
566050	387821906	1
566050	387821907	5
566050	387821908	107799
566050	387821909	107799
566050	387821910	107799
566050	387821911	107799
566050	387821912	107799
566050	387821913	107799
566050	387821914	107799
566050	387821915	107799
566050	387821916	107799
566050	387821917	107799
566050	387821918	24
566050	387821919	653
566050	387821920	9
566050	387821921	17653
566050	387821922	236
566050	387821923	1741
566050	387821924	47
566050	387821925	12
566050	387821926	6507
566050	387821927	1
566050	387821928	17
566050	387821929	3
566050	387821930	611
566050	387821931	6678
566050	387821932	6
566050	387821933	4897
566050	387821934	11
566050	387821935	51
566050	387821936	14
566050	387821937	221
566050	387821938	3
566050	387821939	4689
566050	387821940	6
566050	387821941	90
566050	387821942	9
566050	387821943	9453
566050	387821944	2
566050	387821945	2524
566050	387821946	3
566050	387821947	240
566050	387821948	214
566050	387821949	5
566050	387821950	734
566050	387821951	6
566050	387821952	16
566050	387821953	150
566050	387821954	1
566050	387821955	27921
566050	387821956	117193
566050	387821957	99
566050	387821958	1238
566050	387821959	16
566050	387821960	705
566050	387821961	17
566050	387821962	454
566050	387821963	5
566050	387821964	260
566050	387821965	6
566050	387821966	61148
566050	387821967	15
566050	387821968	2868
566050	387821969	4385
566050	387821970	26
566050	387821971	5
566050	387821972	3
566050	387821973	4636
566050	387821974	51
566050	387821975	12
566050	387821976	99
566050	387821977	3061
566050	387821978	9
566050	387821979	370
566050	387821980	99
566050	387821981	56
566050	387821982	276
566050	387821983	2733
566050	387821984	6
566050	387821985	46
566050	387821986	864
566050	387821987	2
566050	387821988	3150
566050	387821989	7
566050	387821990	8998
566050	387821991	8269
566050	387821992	26148
566050	387821993	6
566050	387821994	150
566050	387821995	1
566050	387821996	27921
566050	387821997	117193
566050	387821998	355889
566050	387821999	99
566050	387822000	478
566050	387822001	260
566050	387822002	96
566050	387822003	3
566050	387822004	1903768
566050	387822005	5104
566050	387822006	6
566050	387822007	381
566050	387822008	2
566050	387822009	75
566050	387822010	11
566050	387822011	16
566050	387822012	585
566050	387822013	1
566050	387822014	47
566050	387822015	17
566050	387822016	345
566050	387822017	36
566050	387822018	183
566050	387822019	1514
566050	387822020	1
566050	387822021	3
566050	387822022	521
566050	387822023	6
566050	387822024	4
566050	387822025	1866
566050	387822026	2346
566050	387822027	263
566050	387822028	3
566050	387822029	138
566050	387822030	4
566050	387822031	10
566050	387822032	29010
566050	387822033	2
566050	387822034	37
566050	387822035	1042
566050	387822036	381
566050	387822037	210
566050	387822038	937
566050	387822039	55
566050	387822040	2313
566050	387822041	2
566050	387822042	52
566050	387822043	10
566050	387822044	466
566050	387822045	2800
566050	387822046	15
566050	387822047	29
566050	387822048	25
566050	387822049	43
566050	387822050	10
566050	387822051	16
566050	387822052	240
566050	387822053	5013
566050	387822054	26
566050	387822055	229
566050	387822056	12
566050	387822057	293
566050	387822058	86
566050	387822059	3568
566050	387822060	2
566050	387822061	67
566050	387822062	100
566050	387822063	182
566050	387822064	1907
566050	387822065	13357
566050	387822066	3
566050	387822067	858
566050	387822068	6
566050	387822069	16
566050	387822070	280
566050	387822071	1
566050	387822072	12
566050	387822073	15573
566050	387822074	1039
566050	387822075	15
566050	387822076	16
566050	387822077	915
566050	387822078	17
566050	387822079	3
566050	387822080	558
566050	387822081	73
566050	387822082	284
566050	387822083	3
566050	387822084	4719
566050	387822085	1
566050	387822086	433
566050	387822087	96
566050	387822088	7
566050	387822089	441
566050	387822090	2554
566050	387822091	1
566050	387822092	47
566050	387822093	8994
566050	387822094	1741
566050	387822095	16
566050	387822096	1146
566050	387822097	1138
566050	387822098	2
566050	387822099	1890
566050	387822100	839
566050	387822101	149
566050	387822102	907
566050	387822103	11
566050	387822104	3
566050	387822105	215
566050	387822106	6
566050	387822107	16
566050	387822108	53916
566050	387822109	107799
566050	387822110	107799
566050	387822111	107799
566050	387822112	107799
566050	387822113	107799
566050	387822114	107799
566050	387822115	107799
566050	387822116	107799
566050	387822117	107799
566050	387822118	107799
566050	387822119	1
566050	387822120	54
566050	387822121	198
566050	387822122	513
566050	387822123	1
566050	387822124	74
566050	387822125	3
566050	387822126	491
566050	387822127	5
566050	387822128	892
566050	387822129	6
566050	387822130	16
566050	387822131	4181
566050	387822132	2
566050	387822133	31
566050	387822134	2085
566050	387822135	15
566050	387822136	51
566050	387822137	43
566050	387822138	3099
566050	387822139	99
566050	387822140	56
566050	387822141	82972
566050	387822142	1
566050	387822143	276
566050	387822144	6218
566050	387822145	11
566050	387822146	900
566050	387822147	50
566050	387822148	1669
566050	387822149	6
566050	387822150	7
566050	387822151	150
566050	387822152	1
566050	387822153	137
566050	387822154	890
566050	387822155	5
566050	387822156	1028
566050	387822157	33841
566050	387822158	17
566050	387822159	449
566050	387822160	20
566050	387822161	3978
566050	387822162	1
566050	387822163	101059
566050	387822164	113
566050	387822165	12749
566050	387822166	4582
566050	387822167	11
566050	387822168	59819
566050	387822169	2
566050	387822170	8
566050	387822171	80
566050	387822172	20291
566050	387822173	298
566050	387822174	17
566050	387822175	7
566050	387822176	230
566050	387822177	302
566050	387822178	2
566050	387822179	31
566050	387822180	4031
566050	387822181	23
566050	387822182	394
566050	387822183	59
566050	387822184	42
566050	387822185	19
566050	387822186	1618
566050	387822187	1
566050	387822188	73
566050	387822189	1
566050	387822190	7
566050	387822191	230
566050	387822192	214
566050	387822193	3190
566050	387822194	1
566050	387822195	41
566050	387822196	5393
566050	387822197	540
566050	387822198	3
566050	387822199	4031
566050	387822200	11
566050	387822201	43
566050	387822202	853
566050	387822203	5
566050	387822204	43
566050	387822205	3538
566050	387822206	23
566050	387822207	646
566050	387822208	59
566050	387822209	42
566050	387822210	19
566050	387822211	7729
566050	387822212	6
566050	387822213	3
566050	387822214	10195
566050	387822215	1
566050	387822216	187
566050	387822217	73
566050	387822218	7
566050	387822219	230
566050	387822220	214
566050	387822221	4242
566050	387822222	41
566050	387822223	5393
566050	387822224	540
566050	387822225	3
566050	387822226	28530
566050	387822227	11
566050	387822228	69
566050	387822229	3806
566050	387822230	11
566050	387822231	43
566050	387822232	2802390
566050	387822233	59
566050	387822234	42
566050	387822235	19
566050	387822236	75
566050	387822237	182
566050	387822238	3926
566050	387822239	2
566050	387822240	1065
566050	387822241	1
566050	387822242	20
566050	387822243	114
566050	387822244	15323
566050	387822245	1
566050	387822246	335
566050	387822247	24
566050	387822248	3530
566050	387822249	955
566050	387822250	1
566050	387822251	25
566050	387822252	12
566050	387822253	153
566050	387822254	1734
566050	387822255	17
566050	387822256	117
566050	387822257	199
566050	387822258	2
566050	387822259	75
566050	387822260	14
566050	387822261	80
566050	387822262	24
566050	387822263	30
566050	387822264	2
566050	387822265	52
566050	387822266	91
566050	387822267	2370
566050	387822268	30
566050	387822269	1234
566050	387822270	25
566050	387822271	12
566050	387822272	22
566050	387822273	102
566050	387822274	85
566050	387822275	461
566050	387822276	12
566050	387822277	22
566050	387822278	9897
566050	387822279	4982
566050	387822280	1
566050	387822281	11
566050	387822282	3
566050	387822283	11458
566050	387822284	6
566050	387822285	2841
566050	387822286	5
566050	387822287	6240
566050	387822288	1
566050	387822289	5
566050	387822290	11
566050	387822291	3
566050	387822292	1542
566050	387822293	6
566050	387822294	1192
566050	387822295	1
566050	387822296	20
566050	387822297	16
566050	387822298	350302
566050	387822299	406
566050	387822300	67
566050	387822301	13
566050	387822302	1
566050	387822303	73
566050	387822304	1
566050	387822305	7
566050	387822306	780
566050	387822307	87
566050	387822308	3190
566050	387822309	1
566050	387822310	107799
566050	387822311	107799
566050	387822312	107799
566050	387822313	107799
566050	387822314	107799
566050	387822315	107799
566050	387822316	107799
566050	387822317	107799
566050	387822318	107799
566050	387822319	107799
566050	387822320	70
566050	387822321	81
566050	387822322	56
566050	387822323	2250
566050	387822324	485
566050	387822325	9
566050	387822326	817
566050	387822327	11
566050	387822328	3
566050	387822329	1051
566050	387822330	3893
566050	387822331	1
566050	387822332	1356
566050	387822333	3
566050	387822334	648
566050	387822335	1785
566050	387822336	23
566050	387822337	11921
566050	387822338	345
566050	387822339	297
566050	387822340	13
566050	387822341	121973
566050	387822342	191
566050	387822343	15
566050	387822344	840
566050	387822345	69
566050	387822346	301
566050	387822347	1
566050	387822348	14108
566050	387822349	13962
566050	387822350	8014
566050	387822351	69
566050	387822352	1397
566050	387822353	3088
566050	387822354	2480
566050	387822355	23
566050	387822356	7729
566050	387822357	5
566050	387822358	400
566050	387822359	1
566050	387822360	383
566050	387822361	5
566050	387822362	151
566050	387822363	1
566050	387822364	13
566050	387822365	70
566050	387822366	5393
566050	387822367	29
566050	387822368	385
566050	387822369	397
566050	387822370	5218
566050	387822371	427
566050	387822372	117
566050	387822373	4069
566050	387822374	2810
566050	387822375	11
566050	387822376	224
566050	387822377	7883
566050	387822378	6
566050	387822379	69
566050	387822380	8095
566050	387822381	2
566050	387822382	184
566050	387822383	1
566050	387822384	46
566050	387822385	13
566050	387822386	44
566050	387822387	13724
566050	387822388	29
566050	387822389	11
566050	387822390	3
566050	387822391	40373
566050	387822392	6
566050	387822393	5661
566050	387822394	15
566050	387822395	1935
566050	387822396	23
566050	387822397	37
566050	387822398	293
566050	387822399	1
566050	387822400	148
566050	387822401	1
566050	387822402	354
566050	387822403	22918
566050	387822404	3110
566050	387822405	50
566050	387822406	715
566050	387822407	11
566050	387822408	1935
566050	387822409	1
566050	387822410	6811
566050	387822411	10244
566050	387822412	41
566050	387822413	203
566050	387822414	1
566050	387822415	6811
566050	387822416	2057
566050	387822417	203
566050	387822418	1
566050	387822419	3
566050	387822420	403
566050	387822421	234
566050	387822422	203
566050	387822423	2
566050	387822424	67
566050	387822425	43
566050	387822426	917
566050	387822427	29636
566050	387822428	29
566050	387822429	2
566050	387822430	3521
566050	387822431	14
566050	387822432	4978
566050	387822433	13
566050	387822434	23
567050	388920654	2630682
567050	388920655	144975
567050	388920656	92993
567050	388920657	3324770
567050	388920658	1055
567050	388920659	336
567050	388920660	274689
567050	388920661	2
567050	388920662	3164
567050	388920663	5
567050	388920664	3
567050	388920665	2600327
567050	388920666	1
567050	388920667	530009
567050	388920668	334
567050	388920669	2360115
567050	388920670	3
567050	388920671	482
567050	388920672	2567592
567050	388920673	6
567050	388920674	1250
567050	388920675	2
567050	388920676	474
567050	388920677	16370
567050	388920678	1395432
567050	388920679	2
567050	388920680	542
567050	388920681	692
567050	388920682	85
567050	388920683	1212
567050	388920684	2001283
567050	388920685	60245
567050	388920686	2
567050	388920687	1888024
567050	388920688	2623
567050	388920689	6
567050	388920690	43
567050	388920691	359
567050	388920692	22
567050	388920693	114
567050	388920694	31041
567050	388920695	11
567050	388920696	3
567050	388920697	2975
567050	388920698	6
567050	388920699	43
567050	388920700	10513
567050	388920701	1
567050	388920702	5
567050	388920703	7
567050	388920704	325
567050	388920705	15
567050	388920706	376
567050	388920707	54
567050	388920708	59
567050	388920709	4915
567050	388920710	4210
567050	388920711	2
567050	388920712	127
567050	388920713	135
567050	388920714	1135
567050	388920715	86
567050	388920716	6230
567050	388920717	20
567050	388920718	253
567050	388920719	8086
567050	388920720	9
567050	388920721	24011
567050	388920722	20531
567050	388920723	7
567050	388920724	359
567050	388920725	93
567050	388920726	43
567050	388920727	1
567050	388920728	252
567050	388920729	14
567050	388920730	10
567050	388920731	1145
567050	388920732	45
567050	388920733	29
567050	388920734	2
567050	388920735	1001
567050	388920736	5398
567050	388920737	80
567050	388920738	1558
567050	388920739	117
567050	388920740	9
567050	388920741	4434
567050	388920742	7
567050	388920743	7623
567050	388920744	2452
567050	388920745	20
567050	388920746	118
567050	388920747	63777
567050	388920748	1
567050	388920749	5
567050	388920750	9
567050	388920751	1300
567050	388920752	2211
567050	388920753	267
567050	388920754	118
567050	388920755	18519
567050	388920756	2
567050	388920757	201
567050	388920758	619
567050	388920759	1
567050	388920760	640
567050	388920761	1
567050	388920762	2907
567050	388920763	11
567050	388920764	86
567050	388920765	1590
567050	388920766	6
567050	388920767	25249
567050	388920768	40
567050	388920769	3
567050	388920770	400
567050	388920771	6
567050	388920772	3
567050	388920773	2623
567050	388920774	2
567050	388920775	1801
567050	388920776	66
567050	388920777	5169
567050	388920778	22
567050	388920779	2578
567050	388920780	9
567050	388920781	30
567050	388920782	3683
567050	388920783	5393
567050	388920784	26
567050	388920785	14
567050	388920786	795
567050	388920787	80
567050	388920788	24
567050	388920789	30
567050	388920790	4008
567050	388920791	1
567050	388920792	11
567050	388920793	3
567050	388920794	1518
567050	388920795	222
567050	388920796	6
567050	388920797	2266
567050	388920798	5960
567050	388920799	17
567050	388920800	51
567050	388920801	14
567050	388920802	99
567050	388920803	56
567050	388920804	1969
567050	388920805	1
567050	388920806	5
567050	388920807	3
567050	388920808	6609
567050	388920809	3288
567050	388920810	51
567050	388920811	99
567050	388920812	56
567050	388920813	7084
567050	388920814	20
567050	388920815	118
567050	388920816	17274
567050	388920817	63777
567050	388920818	45
567050	388920819	122434
567050	388920820	5398
567050	388920821	1
567050	388920822	104
567050	388920823	24
567050	388920824	45
567050	388920825	9107
567050	388920826	11897
567050	388920827	1
567050	388920828	5
567050	388920829	39488
567050	388920830	53773
567050	388920831	2
567050	388920832	949
567050	388920833	187
567050	388920834	73
567050	388920835	59
567050	388920836	172
567050	388920837	16937
567050	388920838	9
567050	388920839	6485
567050	388920840	3
567050	388920841	6968
567050	388920842	6
567050	388920843	107799
567050	388920844	107799
567050	388920845	107799
567050	388920846	107799
567050	388920847	107799
567050	388920848	107799
567050	388920849	107799
567050	388920850	107799
567050	388920851	107799
567050	388920852	107799
567050	388920853	299
567050	388920854	14
567050	388920855	94
567050	388920856	66
567050	388920857	1397
567050	388920858	9
567050	388920859	6485
567050	388920860	25
567050	388920861	12
567050	388920862	99
567050	388920863	7084
567050	388920864	50
567050	388920865	996
567050	388920866	1108
567050	388920867	15
567050	388920868	3
567050	388920869	2757
567050	388920870	4076
567050	388920871	2
567050	388920872	699
567050	388920873	273
567050	388920874	43
567050	388920875	940
567050	388920876	18180
567050	388920877	94
567050	388920878	66
567050	388920879	1397
567050	388920880	1
567050	388920881	14
567050	388920882	42453
567050	388920883	108
567050	388920884	66
567050	388920885	6277
567050	388920886	1
567050	388920887	5
567050	388920888	42
567050	388920889	91
567050	388920890	24
567050	388920891	3735
567050	388920892	297
567050	388920893	14
567050	388920894	782
567050	388920895	2
567050	388920896	438
567050	388920897	224
567050	388920898	1
567050	388920899	73
567050	388920900	4231
567050	388920901	5419
567050	388920902	20
567050	388920903	3
567050	388920904	279
567050	388920905	1
567050	388920906	38
567050	388920907	70
567050	388920908	45242
567050	388920909	20
567050	388920910	3
567050	388920911	2820
567050	388920912	6
567050	388920913	50
567050	388920914	19416
567050	388920915	4076
567050	388920916	1
567050	388920917	14
567050	388920918	80
567050	388920919	1729
567050	388920920	7
567050	388920921	78747
567050	388920922	20
567050	388920923	51
567050	388920924	66
567050	388920925	1397
567050	388920926	80
567050	388920927	194
567050	388920928	8277
567050	388920929	3
567050	388920930	2990
567050	388920931	2
567050	388920932	127
567050	388920933	6654
567050	388920934	143
567050	388920935	1895
567050	388920936	3
567050	388920937	619
567050	388920938	5
567050	388920939	10702
567050	388920940	766
567050	388920941	118
567050	388920942	2833
567050	388920943	1
567050	388920944	9
567050	388920945	111
567050	388920946	25
567050	388920947	14
567050	388920948	22
567050	388920949	6966
567050	388920950	9
567050	388920951	10630
567050	388920952	3
567050	388920953	715
567050	388920954	17
567050	388920955	51
567050	388920956	14
567050	388920957	99
567050	388920958	56
567050	388920959	1969
567050	388920960	2
567050	388920961	31
567050	388920962	2093
567050	388920963	22
567050	388920964	11
567050	388920965	3
567050	388920966	1787
567050	388920967	1429
567050	388920968	5
567050	388920969	166
567050	388920970	14467
567050	388920971	1
567050	388920972	795
567050	388920973	14
567050	388920974	22
567050	388920975	278
567050	388920976	4440
567050	388920977	5
567050	388920978	37078
567050	388920979	96
567050	388920980	11
567050	388920981	16
567050	388920982	2554
567050	388920983	10929
567050	388920984	1
567050	388920985	218
567050	388920986	14
567050	388920987	99
567050	388920988	24
567050	388920989	811
567050	388920990	7804
567050	388920991	82
567050	388920992	6
567050	388920993	118
567050	388920994	1950
567050	388920995	5012
567050	388920996	2
567050	388920997	208
567050	388920998	10794
567050	388920999	53097
567050	388921000	59
567050	388921001	81
567050	388921002	48595
567050	388921003	15
567050	388921004	50
567050	388921005	9589
567050	388921006	52925
567050	388921007	51
567050	388921008	22
567050	388921009	265
567050	388921010	16747
567050	388921011	15
567050	388921012	3
567050	388921013	3426
567050	388921014	13862
567050	388921015	25
567050	388921016	87929
567050	388921017	94
567050	388921018	188
567050	388921019	2908
567050	388921020	26
567050	388921021	218
567050	388921022	3
567050	388921023	18012
567050	388921024	7273
567050	388921025	6
567050	388921026	16
567050	388921027	4755
567050	388921028	8141
567050	388921029	13728
567050	388921030	117
567050	388921031	6
567050	388921032	3
567050	388921033	27886
567050	388921034	5
567050	388921035	689
567050	388921036	301
567050	388921037	6
567050	388921038	560012
567050	388921039	1531
567050	388921040	4676
567050	388921041	1
567050	388921042	100
567050	388921043	611
567050	388921044	107799
567050	388921045	107799
567050	388921046	107799
567050	388921047	107799
567050	388921048	107799
567050	388921049	107799
567050	388921050	107799
567050	388921051	107799
567050	388921052	107799
567050	388921053	107799
567050	388921054	21193
567050	388921055	8506
567050	388921056	6572
567050	388921057	730
567050	388921058	32
567050	388921059	66
567050	388921060	12383
567050	388921061	1
567050	388921062	5
567050	388921063	6047
567050	388921064	53
567050	388921065	74
567050	388921066	8141
567050	388921067	25
567050	388921068	4462
567050	388921069	711
567050	388921070	93
567050	388921071	7
567050	388921072	666
567050	388921073	11
567050	388921074	3
567050	388921075	1132
567050	388921076	87
567050	388921077	2
567050	388921078	31
567050	388921079	13627
567050	388921080	59
567050	388921081	17254
567050	388921082	1
567050	388921083	1579
567050	388921084	1
567050	388921085	5
567050	388921086	8795
567050	388921087	1
567050	388921088	194
567050	388921089	11823
567050	388921090	3
567050	388921091	524
567050	388921092	5
567050	388921093	14588
567050	388921094	6
567050	388921095	3
567050	388921096	2623
567050	388921097	36
567050	388921098	2595
567050	388921099	2
567050	388921100	48892
567050	388921101	8141
567050	388921102	1
567050	388921103	630
567050	388921104	950
567050	388921105	1282
567050	388921106	1
567050	388921107	84111
567050	388921108	62
567050	388921109	5
567050	388921110	19353
567050	388921111	409
567050	388921112	50
567050	388921113	3178
567050	388921114	2
567050	388921115	103
567050	388921116	59
567050	388921117	24
567050	388921118	1120
567050	388921119	4
567050	388921120	7725
567050	388921121	1
567050	388921122	4
567050	388921123	38
567050	388921124	18283
567050	388921125	2
567050	388921126	127
567050	388921127	9864
567050	388921128	102
567050	388921129	5
567050	388921130	1073
567050	388921131	7
567050	388921132	11526
567050	388921133	51
567050	388921134	5653
567050	388921135	74
567050	388921136	3
567050	388921137	26343
567050	388921138	6
567050	388921139	1803
567050	388921140	1
567050	388921141	5
567050	388921142	3
567050	388921143	13853
567050	388921144	6
567050	388921145	4578
567050	388921146	2
567050	388921147	482
567050	388921148	55
567050	388921149	122
567050	388921150	19012
567050	388921151	1
567050	388921152	54
567050	388921153	59
567050	388921154	337
567050	388921155	1
567050	388921156	4
567050	388921157	3
567050	388921158	234
567050	388921159	80
567050	388921160	24
567050	388921161	7010
567050	388921162	442
567050	388921163	859
567050	388921164	2
567050	388921165	4
567050	388921166	31
567050	388921167	727
567050	388921168	84714
567050	388921169	5
567050	388921170	37292
567050	388921171	2643
567050	388921172	131
567050	388921173	501
567050	388921174	3
567050	388921175	821
567050	388921176	6
567050	388921177	2595
567050	388921178	1
567050	388921179	5
567050	388921180	15121
567050	388921181	3
567050	388921182	48856
567050	388921183	6
567050	388921184	3
567050	388921185	5890
567050	388921186	2
567050	388921187	949
567050	388921188	3
567050	388921189	31168
567050	388921190	11002
567050	388921191	73
567050	388921192	22
567050	388921193	24
567050	388921194	15627
567050	388921195	45
567050	388921196	3
567050	388921197	3178
567050	388921198	1
567050	388921199	91
567050	388921200	24
567050	388921201	452
567050	388921202	253
567050	388921203	5133
567050	388921204	40
567050	388921205	16
567050	388921206	308
567050	388921207	1
567050	388921208	5
567050	388921209	3069
567050	388921210	5545
567050	388921211	45
567050	388921212	3
567050	388921213	1272
567050	388921214	5
567050	388921215	6486
567050	388921216	6
567050	388921217	3
567050	388921218	488
567050	388921219	92
567050	388921220	99
567050	388921221	35406
567050	388921222	165
567050	388921223	524
567050	388921224	15
567050	388921225	3
567050	388921226	1601
567050	388921227	6
567050	388921228	118
567050	388921229	740
567050	388921230	2
567050	388921231	393
567050	388921232	54
567050	388921233	718
567050	388921234	1650
567050	388921235	2014
567050	388921236	1
567050	388921237	54
567050	388921238	91
567050	388921239	111
567050	388921240	9637
567050	388921241	14330
567050	388921242	25
567050	388921243	3
567050	388921244	359
567050	388921245	107799
567050	388921246	107799
567050	388921247	107799
567050	388921248	107799
567050	388921249	107799
567050	388921250	107799
567050	388921251	107799
567050	388921252	107799
567050	388921253	107799
567050	388921254	107799
567050	388921255	6
567050	388921256	3
567050	388921257	3426
567050	388921258	6229
567050	388921259	6
567050	388921260	214
567050	388921261	2
567050	388921262	31
567050	388921263	6429
567050	388921264	99
567050	388921265	613
567050	388921266	13337
567050	388921267	108
567050	388921268	3
567050	388921269	2623
567050	388921270	36
567050	388921271	280
567050	388921272	304
567050	388921273	82
567050	388921274	6
567050	388921275	7592
567050	388921276	2682
567050	388921277	2
567050	388921278	37
567050	388921279	99
567050	388921280	18869
567050	388921281	1
567050	388921282	304
567050	388921283	38
567050	388921284	230
567050	388921285	155
567050	388921286	70
567050	388921287	261
567050	388921288	1
567050	388921289	3
567050	388921290	3100
567050	388921291	5
567050	388921292	12310
567050	388921293	2280
567050	388921294	51
567050	388921295	3
567050	388921296	1049651
567050	388921297	6
567050	388921298	179
567050	388921299	301
567050	388921300	99
567050	388921301	56
567050	388921302	476
567050	388921303	20
567050	388921304	260
567050	388921305	96
567050	388921306	7
567050	388921307	4524
567050	388921308	6
567050	388921309	214
567050	388921310	2
567050	388921311	31
567050	388921312	4583
567050	388921313	6
567050	388921314	118
567050	388921315	524
567050	388921316	12
567050	388921317	99
567050	388921318	8139
567050	388921319	5
567050	388921320	1630
567050	388921321	2
567050	388921322	37
567050	388921323	99
567050	388921324	30394
567050	388921325	3
567050	388921326	4611
567050	388921327	3105943
567050	388921328	51
567050	388921329	99
567050	388921330	59543
567050	388921331	578
567050	388921332	137
567050	388921333	34395
567050	388921334	74
567050	388921335	114
567050	388921336	3803
567050	388921337	1
567050	388921338	148
567050	388921339	99
567050	388921340	23278
567050	388921341	114
567050	388921342	26140
567050	388921343	1
567050	388921344	5
567050	388921345	14886
567050	388921346	276
567050	388921347	11300
567050	388921348	2128
567050	388921349	6
567050	388921350	3006
567050	388921351	2233877
567050	388921352	99
567050	388921353	166
567050	388921354	37494
567050	388921355	114
567050	388921356	12325
567050	388921357	1
567050	388921358	5
567050	388921359	6047
567050	388921360	578
567050	388921361	74
567050	388921362	114
567050	388921363	13426
567050	388921364	5
567050	388921365	3331
567050	388921366	2
567050	388921367	3346
567050	388921368	14
567050	388921369	30
567050	388921370	1234
567050	388921371	25
567050	388921372	12
567050	388921373	99
567050	388921374	1630
567050	388921375	118
567050	388921376	524
567050	388921377	5
567050	388921378	56
567050	388921379	6902
567050	388921380	45
567050	388921381	129
567050	388921382	118
567050	388921383	35025
567050	388921384	1
567050	388921385	54
567050	388921386	70
567050	388921387	143
567050	388921388	15
567050	388921389	2882321
567050	388921390	1
567050	388921391	25
567050	388921392	14
567050	388921393	44
567050	388921394	30
567050	388921395	7
567050	388921396	1918
567050	388921397	15
567050	388921398	29
567050	388921399	273
567050	388921400	12
567050	388921401	18
567050	388921402	24
567050	388921403	1
567050	388921404	599
567050	388921405	24
567050	388921406	9
567050	388921407	501
567050	388921408	118
567050	388921409	524
567050	388921410	44
567050	388921411	6559
567050	388921412	7
567050	388921413	3020486
567050	388921414	334940
567050	388921415	5
567050	388921416	33091
567050	388921417	488
567050	388921418	1
567050	388921419	3
567050	388921420	1431
567050	388921421	15434
567050	388921422	9
567050	388921423	171
567050	388921424	7
567050	388921425	24499
567050	388921426	45047
567050	388921427	1
567050	388921428	55
567050	388921429	7
567050	388921430	29462
567050	388921431	35512
567050	388921432	2
567050	388921433	31
567050	388921434	19359
567050	388921435	11
567050	388921436	179
567050	388921437	301
567050	388921438	1
567050	388921439	73
567050	388921440	99
567050	388921441	86
567050	388921442	1408
567050	388921443	4728
567050	388921444	1
567050	388921445	5
567050	388921446	107799
567050	388921447	107799
567050	388921448	107799
567050	388921449	107799
567050	388921450	107799
567050	388921451	107799
567050	388921452	107799
567050	388921453	107799
567050	388921454	107799
567050	388921455	107799
567050	388921456	24
567050	388921457	213
567050	388921458	2
567050	388921459	178
567050	388921460	12
567050	388921461	251
567050	388921462	24
567050	388921463	1
567050	388921464	38
567050	388921465	6515
567050	388921466	40
567050	388921467	3
567050	388921468	989
567050	388921469	34108
567050	388921470	6
567050	388921471	7
567050	388921472	30017
567050	388921473	5
567050	388921474	6635
567050	388921475	211
567050	388921476	1
567050	388921477	16
567050	388921478	724
567050	388921479	22
567050	388921480	40219
567050	388921481	1
567050	388921482	5
567050	388921483	16
567050	388921484	150
567050	388921485	22
567050	388921486	978
567050	388921487	2
567050	388921488	75
567050	388921489	104
567050	388921490	12
567050	388921491	131
567050	388921492	299
567050	388921493	7
567050	388921494	598
567050	388921495	20
567050	388921496	3
567050	388921497	1192
567050	388921498	92
567050	388921499	22
567050	388921500	11
567050	388921501	29
567050	388921502	1
567050	388921503	12
567050	388921504	131
567050	388921505	30
567050	388921506	2871
567050	388921507	24
567050	388921508	9
567050	388921509	111
567050	388921510	1
567050	388921511	5
567050	388921512	6764
567050	388921513	24
567050	388921514	9
567050	388921515	370
567050	388921516	1
567050	388921517	5
567050	388921518	26
567050	388921519	1874462
567050	388921520	9360
567050	388921521	24
567050	388921522	9
567050	388921523	501
567050	388921524	1
567050	388921525	25
567050	388921526	3
567050	388921527	2565
567050	388921528	22
567050	388921529	12459
567050	388921530	45
567050	388921531	512
567050	388921532	5
567050	388921533	54622
567050	388921534	1764
567050	388921535	1
567050	388921536	148
567050	388921537	131
567050	388921538	30
567050	388921539	15009
567050	388921540	5
567050	388921541	2095
567050	388921542	1
567050	388921543	55
567050	388921544	42
567050	388921545	80
567050	388921546	24
567050	388921547	4
567050	388921548	98
567050	388921549	2
567050	388921550	4
567050	388921551	178
567050	388921552	7
567050	388921553	77
567050	388921554	1385
567050	388921555	92
567050	388921556	165
567050	388921557	7
567050	388921558	619
567050	388921559	22
567050	388921560	24
567050	388921561	4008
567050	388921562	11
567050	388921563	179
567050	388921564	420
567050	388921565	1
567050	388921566	5
567050	388921567	11
567050	388921568	43
567050	388921569	411
567050	388921570	1
567050	388921571	14
567050	388921572	22
567050	388921573	12672
567050	388921574	2874
567050	388921575	25
567050	388921576	12
567050	388921577	251
567050	388921578	24
567050	388921579	213
567050	388921580	170
567050	388921581	797
567050	388921582	2
567050	388921583	178
567050	388921584	12
567050	388921585	305
567050	388921586	25
567050	388921587	3
567050	388921588	28288
567050	388921589	469
567050	388921590	45
567050	388921591	673
567050	388921592	58775
567050	388921593	6
567050	388921594	3
567050	388921595	3567
567050	388921596	5
567050	388921597	524
567050	388921598	6
567050	388921599	2805
567050	388921600	28324
567050	388921601	59
567050	388921602	73381
567050	388921603	1
567050	388921604	65
567050	388921605	12
567050	388921606	305
567050	388921607	80
567050	388921608	143
567050	388921609	6621
567050	388921610	16
567050	388921611	3983
567050	388921612	6
567050	388921613	3
567050	388921614	12955
567050	388921615	6
567050	388921616	534
567050	388921617	25
567050	388921618	9844
567050	388921619	3
567050	388921620	1096554
567050	388921621	6
567050	388921622	21931
567050	388921623	6
567050	388921624	3291
567050	388921625	280829
567050	388921626	11
567050	388921627	7314
567050	388921628	1
567050	388921629	5
567050	388921630	34120
567050	388921631	2216
567050	388921632	6
567050	388921633	3
567050	388921634	3538
567050	388921635	2
567050	388921636	31
567050	388921637	455
567050	388921638	22
567050	388921639	1
567050	388921640	25
567050	388921641	179
567050	388921642	28288
567050	388921643	59
567050	388921644	24
567050	388921645	73381
567050	388921646	2
567050	388921647	107799
567050	388921648	107799
567050	388921649	107799
567050	388921650	107799
567050	388921651	107799
567050	388921652	107799
567050	388921653	107799
567050	388921654	107799
567050	388921655	107799
567050	388921656	107799
567050	388921657	6422
567050	388921658	607
567050	388921659	586
567050	388921660	979
567050	388921661	1587
567050	388921662	55
567050	388921663	6238
567050	388921664	28324
567050	388921665	99
567050	388921666	390
567050	388921667	2128
567050	388921668	6
567050	388921669	66
567050	388921670	142
567050	388921671	13361
567050	388921672	1
567050	388921673	42
567050	388921674	153
567050	388921675	30
567050	388921676	3968
567050	388921677	9
567050	388921678	3083
567050	388921679	1
567050	388921680	92
567050	388921681	218
567050	388921682	42
567050	388921683	70
567050	388921684	56
567050	388921685	17085
567050	388921686	23880
567050	388921687	12325
567050	388921688	1
567050	388921689	55
567050	388921690	53660
567050	388921691	11
567050	388921692	20646
567050	388921693	8823
567050	388921694	59439
567050	388921695	1
567050	388921696	3
567050	388921697	13727
567050	388921698	1
567050	388921699	3
567050	388921700	4098
567050	388921701	1
567050	388921702	3
567050	388921703	127562
567050	388921704	7480
567050	388921705	1
567050	388921706	5
567050	388921707	3
567050	388921708	28440
567050	388921709	31535
567050	388921710	1
567050	388921711	70
567050	388921712	56
567050	388921713	21801
567050	388921714	4611
567050	388921715	12900
567050	388921716	11
567050	388921717	3
567050	388921718	2421
567050	388921719	6
567050	388921720	3
567050	388921721	321
567050	388921722	11667
567050	388921723	382
567050	388921724	66
567050	388921725	16433
567050	388921726	2
567050	388921727	52
567050	388921728	22
567050	388921729	81
567050	388921730	90
567050	388921731	3715
567050	388921732	214
567050	388921733	1240
567050	388921734	3
567050	388921735	152
567050	388921736	18174
567050	388921737	6
567050	388921738	43
567050	388921739	1959
567050	388921740	2
567050	388921741	1618
567050	388921742	73
567050	388921743	777
567050	388921744	118
567050	388921745	5036
567050	388921746	1
567050	388921747	5
567050	388921748	32656
567050	388921749	3
567050	388921750	3100
567050	388921751	1816
567050	388921752	1
567050	388921753	41
567050	388921754	954
567050	388921755	9
567050	388921756	111330
567050	388921757	500
567050	388921758	20
567050	388921759	7
567050	388921760	2120
567050	388921761	1183
567050	388921762	2
567050	388921763	75
567050	388921764	3
567050	388921765	1183
567050	388921766	99
567050	388921767	1319
567050	388921768	7
567050	388921769	2820
567050	388921770	2
567050	388921771	673
567050	388921772	58775
567050	388921773	10
567050	388921774	24
567050	388921775	1120
567050	388921776	21595
567050	388921777	9
567050	388921778	688
567050	388921779	43
567050	388921780	28324
567050	388921781	1
567050	388921782	45
567050	388921783	253
567050	388921784	1377
567050	388921785	6
567050	388921786	118
567050	388921787	2002
567050	388921788	1
567050	388921789	5
567050	388921790	45
567050	388921791	373
567050	388921792	4847
567050	388921793	118
567050	388921794	2280
567050	388921795	2
567050	388921796	37
567050	388921797	99
567050	388921798	82127
567050	388921799	17
567050	388921800	64
567050	388921801	46
567050	388921802	22
567050	388921803	14002
567050	388921804	11
567050	388921805	3
567050	388921806	9795
567050	388921807	51
567050	388921808	12
567050	388921809	10000
567050	388921810	9
567050	388921811	1078
567050	388921812	1
567050	388921813	5
567050	388921814	17348
567050	388921815	17
567050	388921816	3
567050	388921817	4728
567050	388921818	5
567050	388921819	5413
567050	388921820	51
567050	388921821	12
567050	388921822	44
567050	388921823	8386
567050	388921824	5003
567050	388921825	2
567050	388921826	1344
567050	388921827	12
567050	388921828	24
567050	388921829	703
567050	388921830	82127
567050	388921831	5
567050	388921832	19837
567050	388921833	1
567050	388921834	12
567050	388921835	41
567050	388921836	24
567050	388921837	29982
567050	388921838	9
567050	388921839	8282
567050	388921840	3
567050	388921841	12231
567050	388921842	1
567050	388921843	461
567050	388921844	12
567050	388921845	44
567050	388921846	24
567050	388921847	615
567050	388921848	107799
567050	388921849	107799
567050	388921850	107799
567050	388921851	107799
567050	388921852	107799
567050	388921853	107799
567050	388921854	107799
567050	388921855	107799
567050	388921856	107799
567050	388921857	107799
567050	388921858	1138
567050	388921859	1
567050	388921860	3
567050	388921861	53332
567050	388921862	5
567050	388921863	3
567050	388921864	9410
567050	388921865	51
567050	388921866	54191
567050	388921867	137
567050	388921868	68726
567050	388921869	50
567050	388921870	1959
567050	388921871	291
567050	388921872	3
567050	388921873	155
567050	388921874	15
567050	388921875	376
567050	388921876	12
567050	388921877	1751
567050	388921878	1
567050	388921879	12
567050	388921880	58
567050	388921881	24
567050	388921882	3871
567050	388921883	3
567050	388921884	3287848
567050	388921885	3257
567050	388921886	58
567050	388921887	12
567050	388921888	495
567050	388921889	15
567050	388921890	3
567050	388921891	211
567050	388921892	6
567050	388921893	187
567050	388921894	20
567050	388921895	376
567050	388921896	12
567050	388921897	5834
567050	388921898	2
567050	388921899	1801
567050	388921900	1
567050	388921901	24
567050	388921902	9
567050	388921903	63
567050	388921904	56
567050	388921905	6902
567050	388921906	45
567050	388921907	3
567050	388921908	174922
567050	388921909	602793
567050	388921910	6
567050	388921911	3
567050	388921912	1146
567050	388921913	87
567050	388921914	1
567050	388921915	177
567050	388921916	586
567050	388921917	47
567050	388921918	9
567050	388921919	30
567050	388921920	7951
567050	388921921	45
567050	388921922	118
567050	388921923	5413
567050	388921924	1
567050	388921925	5
567050	388921926	9
567050	388921927	10544
567050	388921928	20855
567050	388921929	5
567050	388921930	3162
567050	388921931	20
567050	388921932	13856
567050	388921933	1
567050	388921934	41203
567050	388921935	7
567050	388921936	631
567050	388921937	8606
567050	388921938	11
567050	388921939	2482
567050	388921940	1272
567050	388921941	1
567050	388921942	55
567050	388921943	11
567050	388921944	8152
567050	388921945	20
567050	388921946	6320
567050	388921947	26
567050	388921948	14
567050	388921949	16710
567050	388921950	22
567050	388921951	7
567050	388921952	2489
567050	388921953	4723
567050	388921954	560012
567050	388921955	33988
567050	388921956	20
567050	388921957	3
567050	388921958	1108
567050	388921959	6
567050	388921960	76996
567050	388921961	398
567050	388921962	1
567050	388921963	11
567050	388921964	4
567050	388921965	3
567050	388921966	133
567050	388921967	1994
567050	388921968	6
567050	388921969	1192
567050	388921970	2
567050	388921971	4
567050	388921972	1618
567050	388921973	69626
567050	388921974	70796
567050	388921975	73
567050	388921976	8746
567050	388921977	7087
567050	388921978	33
567050	388921979	3
567050	388921980	13688
567050	388921981	2066
567050	388921982	6
567050	388921983	11739
567050	388921984	52137
567050	388921985	1
567050	388921986	187
567050	388921987	26364
567050	388921988	106394
567050	388921989	1
567050	388921990	1861517
567050	388921991	1248
567050	388921992	55
567050	388921993	11587
567050	388921994	17180
567050	388921995	3
567050	388921996	16884
567050	388921997	6
567050	388921998	3
567050	388921999	895
567050	388922000	25
567050	388922001	3198
567050	388922002	20
567050	388922003	2868
567050	388922004	1346
567050	388922005	1
567050	388922006	187
567050	388922007	4967
567050	388922008	384675
567050	388922009	1
567050	388922010	73
567050	388922011	373
567050	388922012	105
567050	388922013	475
567050	388922014	7
567050	388922015	2017
567050	388922016	1
567050	388922017	55
567050	388922018	56
567050	388922019	5900
567050	388922020	45
567050	388922021	7
567050	388922022	1800
567050	388922023	1
567050	388922024	328344
567050	388922025	64
567050	388922026	73
567050	388922027	1
567050	388922028	17
567050	388922029	5006
567050	388922030	6486
567050	388922031	5
567050	388922032	47906
567050	388922033	11609
567050	388922034	1
567050	388922035	70
567050	388922036	1630
567050	388922037	314
567050	388922038	345
567050	388922039	104
567050	388922040	191
567050	388922041	30
567050	388922042	42
567050	388922043	153
567050	388922044	299
567050	388922045	29
567050	388922046	26
567050	388922047	5
567050	388922048	240
567050	388922049	107799
567050	388922050	107799
567050	388922051	107799
567050	388922052	107799
567050	388922053	107799
567050	388922054	107799
567050	388922055	107799
567050	388922056	107799
567050	388922057	107799
567050	388922058	107799
567050	388922059	1
567050	388922060	73
567050	388922061	816
567050	388922062	3
567050	388922063	853
567050	388922064	822
567050	388922065	96
567050	388922066	3
567050	388922067	2930574
567050	388922068	6
567050	388922069	179
567050	388922070	155
567050	388922071	59
567050	388922072	6966
567050	388922073	9
567050	388922074	495
567050	388922075	302
567050	388922076	6
567050	388922077	1684
567050	388922078	55
567050	388922079	3049027
567050	388922080	15
567050	388922081	187
567050	388922082	73
567050	388922083	59
567050	388922084	3332682
567050	388922085	42
567050	388922086	91
567050	388922087	24
567050	388922088	615
567050	388922089	53
567050	388922090	2
567050	388922091	268
567050	388922092	14
567050	388922093	99
567050	388922094	56
567050	388922095	3
567050	388922096	185
567050	388922097	5941
567050	388922098	6
567050	388922099	114
567050	388922100	87
567050	388922101	1
567050	388922102	25
567050	388922103	3
567050	388922104	254
567050	388922105	28823
567050	388922106	99
567050	388922107	980
567050	388922108	56
567050	388922109	2733
567050	388922110	52281
567050	388922111	11
567050	388922112	118
567050	388922113	4611
567050	388922114	2280
567050	388922115	159
567050	388922116	114
567050	388922117	3803
567050	388922118	5
567050	388922119	7715
567050	388922120	1
567050	388922121	55
567050	388922122	99
567050	388922123	56
567050	388922124	10066
567050	388922125	1
567050	388922126	5
567050	388922127	15009
567050	388922128	45
567050	388922129	187
567050	388922130	73
567050	388922131	70
567050	388922132	24
567050	388922133	4197
567050	388922134	87
567050	388922135	560
567050	388922136	1272
567050	388922137	6
567050	388922138	118
567050	388922139	7053
567050	388922140	1
567050	388922141	436
567050	388922142	3
567050	388922143	1138
567050	388922144	5
567050	388922145	10614
567050	388922146	6
567050	388922147	3
567050	388922148	155
567050	388922149	291
567050	388922150	376
567050	388922151	179
567050	388922152	7053
567050	388922153	70
567050	388922154	38108
567050	388922155	137
567050	388922156	11155
567050	388922157	7
567050	388922158	10741
567050	388922159	2
567050	388922160	160
567050	388922161	1086
567050	388922162	43
567050	388922163	28324
567050	388922164	99
567050	388922165	5364
567050	388922166	10708
567050	388922167	5
567050	388922168	93299
567050	388922169	159
567050	388922170	3
567050	388922171	10760
567050	388922172	4937
567050	388922173	1
567050	388922174	530
567050	388922175	2128
567050	388922176	6
567050	388922177	2606759
567050	388922178	6
567050	388922179	2732
567050	388922180	6
567050	388922181	41716
567050	388922182	1
567050	388922183	218
567050	388922184	3
567050	388922185	93282
567050	388922186	70
567050	388922187	56
567050	388922188	2179350
567050	388922189	17
567050	388922190	66
567050	388922191	5321
567050	388922192	77821
567050	388922193	2
567050	388922194	5765
567050	388922195	14
567050	388922196	99
567050	388922197	1614
567050	388922198	1
567050	388922199	4879
567050	388922200	4860
567050	388922201	4857
567050	388922202	1
567050	388922203	9
567050	388922204	67007
567050	388922205	578
567050	388922206	11
567050	388922207	90
567050	388922208	6
567050	388922209	3
567050	388922210	47739
567050	388922211	6
567050	388922212	11086
567050	388922213	1
567050	388922214	218
567050	388922215	11950
567050	388922216	5
567050	388922217	5037
567050	388922218	72731
567050	388922219	70
567050	388922220	56
567050	388922221	21279
567050	388922222	94
567050	388922223	66
567050	388922224	15752
567050	388922225	2
567050	388922226	52
567050	388922227	99
567050	388922228	1407
567050	388922229	17
567050	388922230	93299
567050	388922231	5
567050	388922232	11916
567050	388922233	14293
567050	388922234	11
567050	388922235	3
567050	388922236	22942
567050	388922237	76715
567050	388922238	1
567050	388922239	5
567050	388922240	3
567050	388922241	19978
567050	388922242	6
567050	388922243	3
567050	388922244	1192
567050	388922245	70
567050	388922246	56
567050	388922247	6044
567050	388922248	9
567050	388922249	9499
567050	388922250	107799
567050	388922251	107799
567050	388922252	107799
567050	388922253	107799
567050	388922254	107799
567050	388922255	107799
567050	388922256	107799
567050	388922257	107799
567050	388922258	107799
567050	388922259	107799
567050	388922260	10323
567050	388922261	14
567050	388922262	156
567050	388922263	130
567050	388922264	619
567050	388922265	7733
567050	388922266	5
567050	388922267	4955
567050	388922268	1570
567050	388922269	2
567050	388922270	789
567050	388922271	589
567050	388922272	3
567050	388922273	2623
567050	388922274	6
567050	388922275	4
567050	388922276	31
567050	388922277	62863
567050	388922278	6
567050	388922279	81989
567050	388922280	4
567050	388922281	10
567050	388922282	8933
567050	388922283	15
567050	388922284	7
567050	388922285	5312
567050	388922286	6
567050	388922287	3
567050	388922288	110
567050	388922289	13935
567050	388922290	1192
567050	388922291	26
567050	388922292	38
567050	388922293	335
567050	388922294	12
567050	388922295	24825
567050	388922296	16
567050	388922297	39599
567050	388922298	1014
567050	388922299	11474
567050	388922300	1
567050	388922301	12
567050	388922302	68
567050	388922303	24
567050	388922304	177
567050	388922305	1741
567050	388922306	28433
567050	388922307	17
567050	388922308	66
567050	388922309	5413
567050	388922310	3210
567050	388922311	263
567050	388922312	24045
567050	388922313	66
567050	388922314	67187
567050	388922315	1
567050	388922316	1759390
567050	388922317	8512
567050	388922318	66
567050	388922319	1397
567050	388922320	2
567050	388922321	31
567050	388922322	5130
567050	388922323	2623
567050	388922324	6
567050	388922325	4
567050	388922326	31
567050	388922327	59532
567050	388922328	6
567050	388922329	4076
567050	388922330	4
567050	388922331	22361
567050	388922332	66
567050	388922333	43775
567050	388922334	1
567050	388922335	98030
567050	388922336	66
567050	388922337	15834
567050	388922338	1
567050	388922339	5
567050	388922340	161354
567050	388922341	66
567050	388922342	3980
567050	388922343	1
567050	388922344	38
567050	388922345	12
567050	388922346	68
567050	388922347	24
567050	388922348	615
567050	388922349	3
567050	388922350	155
567050	388922351	1
567050	388922352	436
567050	388922353	66
567050	388922354	2568363
567050	388922355	1110
567050	388922356	93
567050	388922357	50
567050	388922358	20502
567050	388922359	1
567050	388922360	5
567050	388922361	1076
567050	388922362	50
567050	388922363	20502
567050	388922364	36
567050	388922365	4009
567050	388922366	1
567050	388922367	1861307
567050	388922368	9
567050	388922369	4868
567050	388922370	3
567050	388922371	10247
567050	388922372	1
567050	388922373	38
567050	388922374	24
567050	388922375	9
567050	388922376	3871
567050	388922377	3
567050	388922378	3543
567050	388922379	6
567050	388922380	16
567050	388922381	16917
567050	388922382	2
567050	388922383	1203890
567050	388922384	31
567050	388922385	11048
567050	388922386	2623
567050	388922387	6
567050	388922388	4
567050	388922389	309083
567050	388922390	4
567050	388922391	8245
567050	388922392	7
567050	388922393	2377
567050	388922394	9
567050	388922395	688
567050	388922396	3
567050	388922397	53227
567050	388922398	2
567050	388922399	75
567050	388922400	12
567050	388922401	10
567050	388922402	137
567050	388922403	9460
567050	388922404	15
567050	388922405	151
567050	388922406	52928
567050	388922407	1
567050	388922408	3210
567050	388922409	22772
567050	388922410	421213
567050	388922411	66
567050	388922412	4728
567050	388922413	15
567050	388922414	843
567050	388922415	16072
567050	388922416	5
567050	388922417	148675
567050	388922418	11796
567050	388922419	1
567050	388922420	5
567050	388922421	5365
567050	388922422	16
567050	388922423	359
567050	388922424	1
567050	388922425	335
567050	388922426	5130
567050	388922427	11
567050	388922428	118
567050	388922429	3178
567050	388922430	1
567050	388922431	91569
567050	388922432	11
567050	388922433	118
567050	388922434	119293
567050	388922435	1
567050	388922436	5
567050	388922437	490
567050	388922438	1216
567050	388922439	45
567050	388922440	118
567050	388922441	10997
567050	388922442	1
567050	388922443	22
567050	388922444	6966
567050	388922445	9
567050	388922446	11990
567050	388922447	1
567050	388922448	5
567050	388922449	20
567050	388922450	133
567050	388922451	107799
567050	388922452	107799
567050	388922453	107799
567050	388922454	107799
567050	388922455	107799
567050	388922456	107799
567050	388922457	107799
567050	388922458	107799
567050	388922459	107799
567050	388922460	107799
567050	388922461	5
567050	388922462	15
567050	388922463	4421
567050	388922464	3
567050	388922465	3538
567050	388922466	376
567050	388922467	14
567050	388922468	44
567050	388922469	5030
567050	388922470	239
567050	388922471	66
567050	388922472	1959
567050	388922473	2
567050	388922474	4829
567050	388922475	5395
567050	388922476	6
567050	388922477	26169
567050	388922478	3988
567050	388922479	70
567050	388922480	4079
567050	388922481	6
567050	388922482	950
567050	388922483	12074
567050	388922484	17
567050	388922485	11836
567050	388922486	3870
567050	388922487	5
567050	388922488	1587
567050	388922489	1496
567050	388922490	1
567050	388922491	2575
567050	388922492	3
567050	388922493	321
567050	388922494	996
567050	388922495	1496
567050	388922496	6
567050	388922497	476
567050	388922498	50
567050	388922499	2048
567050	388922500	108
567050	388922501	66
567050	388922502	39599
567050	388922503	1
567050	388922504	159
567050	388922505	7
567050	388922506	17274
567050	388922507	7491
567050	388922508	6
567050	388922509	66
567050	388922510	857
567050	388922511	5
567050	388922512	5413
567050	388922513	1
567050	388922514	5
567050	388922515	7
567050	388922516	7623
567050	388922517	1684
567050	388922518	17
567050	388922519	66
567050	388922520	11609
567050	388922521	2
567050	388922522	628
567050	388922523	673
567050	388922524	58775
567050	388922525	36
567050	388922526	619
567050	388922527	54
567050	388922528	100112
567050	388922529	7
567050	388922530	606
567050	388922531	1816
567050	388922532	2
567050	388922533	52
567050	388922534	80
567050	388922535	30
567050	388922536	1979
567050	388922537	45
567050	388922538	187
567050	388922539	20
567050	388922540	376
567050	388922541	14
567050	388922542	22
567050	388922543	4414
567050	388922544	2
567050	388922545	52
567050	388922546	80
567050	388922547	30
567050	388922548	19908
567050	388922549	304
567050	388922550	414
567050	388922551	40
567050	388922552	7
567050	388922553	77
567050	388922554	6
567050	388922555	3870
567050	388922556	5
567050	388922557	2595
567050	388922558	2
567050	388922559	52
567050	388922560	80
567050	388922561	8756
567050	388922562	20
567050	388922563	3
567050	388922564	524
567050	388922565	5
567050	388922566	752
567050	388922567	6
567050	388922568	118
567050	388922569	2093
567050	388922570	2
567050	388922571	6925
567050	388922572	96
567050	388922573	151
567050	388922574	1
567050	388922575	14
567050	388922576	80
567050	388922577	30
567050	388922578	18517
567050	388922579	45
567050	388922580	14620
567050	388922581	5
567050	388922582	11718
567050	388922583	155
567050	388922584	1
567050	388922585	252
567050	388922586	14
567050	388922587	22
567050	388922588	1145
567050	388922589	45
567050	388922590	182
567050	388922591	73
567050	388922592	8736
567050	388922593	5
567050	388922594	41893
567050	388922595	3
567050	388922596	5413
567050	388922597	17
567050	388922598	51
567050	388922599	42
567050	388922600	59
567050	388922601	687637
567050	388922602	1
567050	388922603	5
567050	388922604	22
567050	388922605	1182
567050	388922606	15
567050	388922607	3
567050	388922608	4611
567050	388922609	8523
567050	388922610	5
567050	388922611	9410
567050	388922612	25
567050	388922613	70
567050	388922614	15473
567050	388922615	500
567050	388922616	74
567050	388922617	7
567050	388922618	62493
567050	388922619	24
567050	388922620	2857
567050	388922621	9
567050	388922622	1342
567050	388922623	2
567050	388922624	31
567050	388922625	254
567050	388922626	28324
567050	388922627	22
567050	388922628	133982
567050	388922629	13750
567050	388922630	5
567050	388922631	8169
567050	388922632	2
567050	388922633	52
567050	388922634	2860
567050	388922635	15
567050	388922636	3
567050	388922637	2338
567050	388922638	5
567050	388922639	7715
567050	388922640	6
567050	388922641	3
567050	388922642	10944
567050	388922643	5
567050	388922644	12181
567050	388922645	11
567050	388922646	11716
567050	388922647	1
567050	388922648	165307
567050	388922649	5
567050	388922650	174922
567050	388922651	41032
567050	388922652	107799
567050	388922653	107799
567050	388922654	107799
567050	388922655	107799
567050	388922656	107799
567050	388922657	107799
567050	388922658	107799
567050	388922659	107799
567050	388922660	107799
567050	388922661	107799
567050	388922662	26708
567050	388922663	17
567050	388922664	7
567050	388922665	47773
567050	388922666	67827
567050	388922667	1
567050	388922668	55
567050	388922669	24702
567050	388922670	17
567050	388922671	3
567050	388922672	224
567050	388922673	4505
567050	388922674	10380
567050	388922675	6
567050	388922676	13843
567050	388922677	8610
567050	388922678	2
567050	388922679	52
567050	388922680	24467
567050	388922681	15
567050	388922682	3
567050	388922683	46256
567050	388922684	6
567050	388922685	3
567050	388922686	13935
567050	388922687	2917
567050	388922688	1
567050	388922689	7
567050	388922690	7715
567050	388922691	92
567050	388922692	22
567050	388922693	20064
567050	388922694	56441
567050	388922695	1
567050	388922696	5
567050	388922697	630
567050	388922698	177
567050	388922699	80192
567050	388922700	1638
567050	388922701	3210
567050	388922702	8544
567050	388922703	4474
567050	388922704	531
567050	388922705	6
567050	388922706	5
567050	388922707	2701
567050	388922708	64
567050	388922709	164
567050	388922710	2480
567050	388922711	2
567050	388922712	75
567050	388922713	11
567050	388922714	43
567050	388922715	411
567050	388922716	14
567050	388922717	22
567050	388922718	1358
567050	388922719	10102
567050	388922720	13750
567050	388922721	1
567050	388922722	436
567050	388922723	20064
567050	388922724	10743
567050	388922725	2
567050	388922726	52
567050	388922727	714
567050	388922728	3
567050	388922729	4628
567050	388922730	6
567050	388922731	24220
567050	388922732	14756
567050	388922733	1
567050	388922734	51
567050	388922735	14
567050	388922736	99
567050	388922737	24
567050	388922738	81577
567050	388922739	1
567050	388922740	5
567050	388922741	22
567050	388922742	17677
567050	388922743	306
567050	388922744	45
567050	388922745	27690
567050	388922746	51
567050	388922747	14
567050	388922748	99
567050	388922749	24
567050	388922750	1399
567050	388922751	2
567050	388922752	75
567050	388922753	14
567050	388922754	22
567050	388922755	14450
567050	388922756	4354
567050	388922757	13550
567050	388922758	1720
567050	388922759	20
567050	388922760	43
567050	388922761	2
567050	388922762	52
567050	388922763	22
567050	388922764	166
567050	388922765	278
567050	388922766	191
567050	388922767	1
567050	388922768	252
567050	388922769	14
567050	388922770	6515
567050	388922771	94
567050	388922772	4628
567050	388922773	1
567050	388922774	6408
567050	388922775	6294
567050	388922776	3305
567050	388922777	72
567050	388922778	17427
567050	388922779	1
567050	388922780	5
567050	388922781	14109
567050	388922782	3
567050	388922783	116702
567050	388922784	6
567050	388922785	3054
567050	388922786	11897
567050	388922787	1
567050	388922788	210
567050	388922789	373
567050	388922790	3
567050	388922791	1541
567050	388922792	1
567050	388922793	252
567050	388922794	14
567050	388922795	80
567050	388922796	24
567050	388922797	30
567050	388922798	32
567050	388922799	3
567050	388922800	4729
567050	388922801	6
567050	388922802	16181
567050	388922803	66
567050	388922804	2388024
567050	388922805	1075702
567050	388922806	673
567050	388922807	58775
567050	388922808	36
567050	388922809	619
567050	388922810	675
567050	388922811	86
567050	388922812	35031
567050	388922813	15
567050	388922814	12611
567050	388922815	397643
567050	388922816	1
567050	388922817	5
567050	388922818	86
567050	388922819	7456
567050	388922820	6
567050	388922821	5732
567050	388922822	40715
567050	388922823	2
567050	388922824	52
567050	388922825	22
567050	388922826	64
567050	388922827	3
567050	388922828	1371
567050	388922829	25
567050	388922830	14
567050	388922831	251
567050	388922832	8176
567050	388922833	6
567050	388922834	179
567050	388922835	2
567050	388922836	52
567050	388922837	1338
567050	388922838	9647
567050	388922839	2874
567050	388922840	6
567050	388922841	13750
567050	388922842	524
567050	388922843	1
567050	388922844	5
567050	388922845	65
567050	388922846	22
567050	388922847	689
567050	388922848	1
567050	388922849	6
567050	388922850	3437
567050	388922851	2480
567050	388922852	2
567050	388922853	107799
567050	388922854	107799
567050	388922855	107799
567050	388922856	107799
567050	388922857	107799
567050	388922858	107799
567050	388922859	107799
567050	388922860	107799
567050	388922861	107799
567050	388922862	107799
567050	388922863	25
567050	388922864	59
567050	388922865	11
567050	388922866	582
567050	388922867	1
567050	388922868	47
567050	388922869	42
567050	388922870	59
567050	388922871	1833
567050	388922872	382
567050	388922873	117
567050	388922874	1
567050	388922875	210
567050	388922876	23015
567050	388922877	149
567050	388922878	17
567050	388922879	3
567050	388922880	3339
567050	388922881	4603
567050	388922882	42
567050	388922883	59
567050	388922884	13861
567050	388922885	1
567050	388922886	55
567050	388922887	29729
567050	388922888	20
567050	388922889	3
567050	388922890	13750
567050	388922891	12096
567050	388922892	40
567050	388922893	51
567050	388922894	42
567050	388922895	70
567050	388922896	56
567050	388922897	1969
567050	388922898	1
567050	388922899	5
567050	388922900	11
567050	388922901	51
567050	388922902	42
567050	388922903	59
567050	388922904	21953
567050	388922905	2
567050	388922906	848
567050	388922907	41032
567050	388922908	28883
567050	388922909	3
567050	388922910	850
567050	388922911	6
567050	388922912	3
567050	388922913	3178
567050	388922914	20
567050	388922915	16
567050	388922916	16917
567050	388922917	2
567050	388922918	2576
567050	388922919	179
567050	388922920	12
567050	388922921	38027
567050	388922922	3
567050	388922923	1587
567050	388922924	1272
567050	388922925	6
567050	388922926	16
567050	388922927	4072
567050	388922928	1
567050	388922929	5
567050	388922930	3455
567050	388922931	24467
567050	388922932	16
567050	388922933	11539
567050	388922934	15
567050	388922935	3
567050	388922936	13245
567050	388922937	6
567050	388922938	3
567050	388922939	13935
567050	388922940	521
567050	388922941	6
567050	388922942	3
567050	388922943	2757
567050	388922944	2917
567050	388922945	2
567050	388922946	3150
567050	388922947	2135
567050	388922948	3
567050	388922949	3178
567050	388922950	33
567050	388922951	3
567050	388922952	152
567050	388922953	857
567050	388922954	1
567050	388922955	12
567050	388922956	99
567050	388922957	2135
567050	388922958	3
567050	388922959	2289
567050	388922960	1
567050	388922961	20
567050	388922962	3
567050	388922963	5732
567050	388922964	3178
567050	388922965	239
567050	388922966	11716
567050	388922967	6308
567050	388922968	20
567050	388922969	64
567050	388922970	118
567050	388922971	850
567050	388922972	5
567050	388922973	61627
567050	388922974	108
567050	388922975	118
567050	388922976	33730
567050	388922977	3777
567050	388922978	6
567050	388922979	3
567050	388922980	10944
567050	388922981	2
567050	388922982	52
567050	388922983	152
567050	388922984	20495
567050	388922985	1
567050	388922986	55
567050	388922987	32294
567050	388922988	9
567050	388922989	1729
567050	388922990	25
567050	388922991	3
567050	388922992	12181
567050	388922993	22
567050	388922994	1232
567050	388922995	1
567050	388922996	5
567050	388922997	25673
567050	388922998	45
567050	388922999	3
567050	388923000	3079
567050	388923001	6
567050	388923002	3
567050	388923003	2802
567050	388923004	51
567050	388923005	14
567050	388923006	99
567050	388923007	703
567050	388923008	390
567050	388923009	108
567050	388923010	578
567050	388923011	1
567050	388923012	9
567050	388923013	299
567050	388923014	55
567050	388923015	171
567050	388923016	7
567050	388923017	7339
567050	388923018	55
567050	388923019	2707
567050	388923020	20
567050	388923021	3
567050	388923022	760083
567050	388923023	1117
567050	388923024	1
567050	388923025	14
567050	388923026	216406
567050	388923027	3
567050	388923028	583
567050	388923029	25
567050	388923030	14
567050	388923031	91
567050	388923032	1
567050	388923033	5
567050	388923034	51097
567050	388923035	6
567050	388923036	14
567050	388923037	7
567050	388923038	20969
567050	388923039	5
567050	388923040	6480
567050	388923041	16626
567050	388923042	2
567050	388923043	75
567050	388923044	361
567050	388923045	179
567050	388923046	41032
567050	388923047	59
567050	388923048	2252
567050	388923049	9
567050	388923050	30
567050	388923051	6614
567050	388923052	5
567050	388923053	22573
567050	388923054	107799
567050	388923055	107799
567050	388923056	107799
567050	388923057	107799
567050	388923058	107799
567050	388923059	107799
567050	388923060	107799
567050	388923061	107799
567050	388923062	107799
567050	388923063	107799
567050	388923064	10120
567050	388923065	1
567050	388923066	5
567050	388923067	3
567050	388923068	5732
567050	388923069	5413
567050	388923070	18053
567050	388923071	32
567050	388923072	7
567050	388923073	950
567050	388923074	1032
567050	388923075	6
567050	388923076	3
567050	388923077	419
567050	388923078	2
567050	388923079	848
567050	388923080	4582
567050	388923081	131
567050	388923082	17688
567050	388923083	20
567050	388923084	114
567050	388923085	1518
567050	388923086	10859
567050	388923087	108
567050	388923088	43
567050	388923089	2797
567050	388923090	2
567050	388923091	393
567050	388923092	54
567050	388923093	115270
567050	388923094	14
567050	388923095	40
567050	388923096	7
567050	388923097	9446
567050	388923098	997
567050	388923099	1
567050	388923100	54
567050	388923101	3474
567050	388923102	108
567050	388923103	3
567050	388923104	2623
567050	388923105	36
567050	388923106	3316
567050	388923107	6
567050	388923108	3
567050	388923109	12900
567050	388923110	5
567050	388923111	28324
567050	388923112	11
567050	388923113	1941
567050	388923114	15
567050	388923115	11716
567050	388923116	51
567050	388923117	70
567050	388923118	56
567050	388923119	1639
567050	388923120	9301
567050	388923121	14493
567050	388923122	11
567050	388923123	179
567050	388923124	420
567050	388923125	2
567050	388923126	2576
567050	388923127	43
567050	388923128	54
567050	388923129	4410
567050	388923130	171
567050	388923131	86
567050	388923132	5732
567050	388923133	4582
567050	388923134	2
567050	388923135	201
567050	388923136	1
567050	388923137	17
567050	388923138	7
567050	388923139	1820
567050	388923140	33914
567050	388923141	6
567050	388923142	3
567050	388923143	2623
567050	388923144	36
567050	388923145	4090
567050	388923146	1
567050	388923147	7517
567050	388923148	3
567050	388923149	152
567050	388923150	5449
567050	388923151	2
567050	388923152	160
567050	388923153	5449
567050	388923154	2289
567050	388923155	1
567050	388923156	12
567050	388923157	1338
567050	388923158	16
567050	388923159	46470
567050	388923160	5
567050	388923161	2034
567050	388923162	3
567050	388923163	4072
567050	388923164	2
567050	388923165	4
567050	388923166	3164
567050	388923167	5
567050	388923168	3
567050	388923169	141547
567050	388923170	1
567050	388923171	4
567050	388923172	59
567050	388923173	3
567050	388923174	24384
567050	388923175	51
567050	388923176	12
567050	388923177	10000
567050	388923178	9
567050	388923179	57495
567050	388923180	94
567050	388923181	66
567050	388923182	1472
567050	388923183	38545
567050	388923184	1
567050	388923185	5
567050	388923186	9
567050	388923187	54084
567050	388923188	11
567050	388923189	46
567050	388923190	111637
567050	388923191	1398
567050	388923192	45
567050	388923193	51
567050	388923194	42
567050	388923195	28883
567050	388923196	5
567050	388923197	34846
567050	388923198	3
567050	388923199	82
567050	388923200	2067
567050	388923201	6
567050	388923202	1250
567050	388923203	2
567050	388923204	31
567050	388923205	38545
567050	388923206	59
567050	388923207	24
567050	388923208	254
567050	388923209	2
567050	388923210	1203890
567050	388923211	103
567050	388923212	59
567050	388923213	236
567050	388923214	110
567050	388923215	47
567050	388923216	3
567050	388923217	1117
567050	388923218	6
567050	388923219	8610
567050	388923220	2
567050	388923221	7942
567050	388923222	5
567050	388923223	2919380
567050	388923224	5
567050	388923225	3225833
567050	388923226	11535
567050	388923227	5
567050	388923228	3584
567050	388923229	3002242
567050	388923230	5
567050	388923231	2933557
567050	388923232	5
567050	388923233	3132992
567050	388923234	5
567050	388923235	3
567050	388923236	8952
567050	388923237	6
567050	388923238	7
567050	388923239	1400
567050	388923240	2942
567050	388923241	26
567050	388923242	179
567050	388923243	5
567050	388923244	164
567050	388923245	107573
567050	388923246	2569
567050	388923247	36454
567050	388923248	544
567050	388923249	547
567050	388923250	11
567050	388923251	9269
567050	388923252	1352
567050	388923253	3
567050	388923254	1051
567050	388923255	107799
567050	388923256	107799
567050	388923257	107799
567050	388923258	107799
567050	388923259	107799
567050	388923260	107799
567050	388923261	107799
567050	388923262	107799
567050	388923263	107799
567050	388923264	107799
567050	388923265	257
567050	388923266	3
567050	388923267	419
567050	388923268	91
567050	388923269	9309
567050	388923270	3
567050	388923271	405711
567050	388923272	11149
567050	388923273	6
567050	388923274	30858
567050	388923275	33550
567050	388923276	2
567050	388923277	949
567050	388923278	3
567050	388923279	2569
567050	388923280	11446
567050	388923281	45
567050	388923282	3
567050	388923283	2623
567050	388923284	59
567050	388923285	24
567050	388923286	254
567050	388923287	2
567050	388923288	34478
567050	388923289	305
567050	388923290	94
567050	388923291	16
567050	388923292	191987
567050	388923293	15
567050	388923294	85806
567050	388923295	1
567050	388923296	78
567050	388923297	17552
567050	388923298	9726
567050	388923299	1
567050	388923300	79
567050	388923301	4
567050	388923302	2889
567050	388923303	22
567050	388923304	57542
567050	388923305	11
567050	388923306	3
567050	388923307	2974
567050	388923308	5
567050	388923309	13944
567050	388923310	6
567050	388923311	1077
567050	388923312	21213
567050	388923313	1164
567050	388923314	1
567050	388923315	522
567050	388923316	330
567050	388923317	288525
567050	388923318	1
567050	388923319	5
567050	388923320	373
567050	388923321	118
567050	388923322	2802
567050	388923323	11
567050	388923324	90
567050	388923325	164
567050	388923326	192
567050	388923327	1
567050	388923328	84420
567050	388923329	55
567050	388923330	2885269
567050	388923331	22
567050	388923332	1234
567050	388923333	9
567050	388923334	30
567050	388923335	88247
567050	388923336	26
567050	388923337	5
567050	388923338	3
567050	388923339	84663
567050	388923340	5
567050	388923341	2067
567050	388923342	6
567050	388923343	64
567050	388923344	165
567050	388923345	209
567050	388923346	22
567050	388923347	49809
567050	388923348	2
567050	388923349	52
567050	388923350	22
567050	388923351	1221
567050	388923352	7
567050	388923353	19113
567050	388923354	11
567050	388923355	2569
567050	388923356	9
567050	388923357	11747
567050	388923358	94
567050	388923359	43
567050	388923360	3
567050	388923361	14172
567050	388923362	1111
567050	388923363	1
567050	388923364	6
567050	388923365	51
567050	388923366	3
567050	388923367	16654
567050	388923368	15469
567050	388923369	2033454
567050	388923370	51
567050	388923371	2599666
567050	388923372	50
567050	388923373	1596
567050	388923374	55
567050	388923375	858
567050	388923376	6
567050	388923377	4064
567050	388923378	2
567050	388923379	160
567050	388923380	43
567050	388923381	602
567050	388923382	1221
567050	388923383	1
567050	388923384	51
567050	388923385	22
567050	388923386	3
567050	388923387	602
567050	388923388	6
567050	388923389	1033
567050	388923390	945
567050	388923391	1
567050	388923392	5
567050	388923393	588
567050	388923394	6
567050	388923395	3
567050	388923396	1881
567050	388923397	16703
567050	388923398	28999
567050	388923399	1
567050	388923400	3709
567050	388923401	5
567050	388923402	10944
567050	388923403	59
567050	388923404	48369
567050	388923405	2
567050	388923406	4
567050	388923407	66951
567050	388923408	15
567050	388923409	179
567050	388923410	59
567050	388923411	3
567050	388923412	46470
567050	388923413	6
567050	388923414	673
567050	388923415	58775
567050	388923416	2
567050	388923417	9102
567050	388923418	6299
567050	388923419	53
567050	388923420	72
567050	388923421	17
567050	388923422	1585
567050	388923423	47474
567050	388923424	588
567050	388923425	1
567050	388923426	5
567050	388923427	37347
567050	388923428	20
567050	388923429	3
567050	388923430	10944
567050	388923431	3
567050	388923432	2397
567050	388923433	9
567050	388923434	5921
567050	388923435	17
567050	388923436	631
567050	388923437	1
567050	388923438	9
567050	388923439	4978
567050	388923440	631
567050	388923441	1
567050	388923442	9
567050	388923443	6423
567050	388923444	9123
567050	388923445	74
567050	388923446	631
567050	388923447	5
567050	388923448	9
567050	388923449	5537
567050	388923450	631
567050	388923451	40
567050	388923452	4
567050	388923453	3
567050	388923454	7235
567050	388923455	51
567050	388923456	107799
567050	388923457	107799
567050	388923458	107799
567050	388923459	107799
567050	388923460	107799
567050	388923461	107799
567050	388923462	107799
567050	388923463	107799
567050	388923464	107799
567050	388923465	107799
567050	388923466	38083
567050	388923467	2
567050	388923468	4
567050	388923469	31
567050	388923470	3709
567050	388923471	7344
567050	388923472	1
567050	388923473	100
567050	388923474	3007
567050	388923475	45
567050	388923476	578
567050	388923477	1
567050	388923478	4
567050	388923479	22
567050	388923480	554
567050	388923481	1081
567050	388923482	3713
567050	388923483	672
567050	388923484	7
567050	388923485	2067
567050	388923486	96
567050	388923487	3
567050	388923488	1259
567050	388923489	1
567050	388923490	252
567050	388923491	14
567050	388923492	22
567050	388923493	6987
567050	388923494	15
567050	388923495	345
567050	388923496	1
567050	388923497	5091
567050	388923498	11
567050	388923499	118
567050	388923500	4612
567050	388923501	1
567050	388923502	5
567050	388923503	8898
567050	388923504	11
567050	388923505	578
567050	388923506	3
567050	388923507	4250
567050	388923508	55
567050	388923509	2984
567050	388923510	9434
567050	388923511	20
567050	388923512	51
567050	388923513	3
567050	388923514	1799
567050	388923515	9332
567050	388923516	1
567050	388923517	5
567050	388923518	15
567050	388923519	51
567050	388923520	3
567050	388923521	1799
567050	388923522	22
567050	388923523	310
567050	388923524	9
567050	388923525	30
567050	388923526	50777
567050	388923527	2
567050	388923528	4
567050	388923529	201
567050	388923530	198
567050	388923531	2561
567050	388923532	540
567050	388923533	7
567050	388923534	1820
567050	388923535	33914
567050	388923536	6
567050	388923537	3
567050	388923538	2931
567050	388923539	1
567050	388923540	51
567050	388923541	22
567050	388923542	43614
567050	388923543	74
567050	388923544	3
567050	388923545	17290
567050	388923546	6
567050	388923547	3
567050	388923548	2797
567050	388923549	2
567050	388923550	127
567050	388923551	35606
567050	388923552	3
567050	388923553	2351
567050	388923554	9795
567050	388923555	728
567050	388923556	2578
567050	388923557	9
567050	388923558	30
567050	388923559	310
567050	388923560	239
567050	388923561	179
567050	388923562	17729
567050	388923563	46470
567050	388923564	2
567050	388923565	52
567050	388923566	80
567050	388923567	30
567050	388923568	11563
567050	388923569	25
567050	388923570	3
567050	388923571	8421
567050	388923572	12
567050	388923573	1338
567050	388923574	6
567050	388923575	631
567050	388923576	1
567050	388923577	22
567050	388923578	24
567050	388923579	46
567050	388923580	51
567050	388923581	22
567050	388923582	5310
567050	388923583	45
567050	388923584	3
567050	388923585	321
567050	388923586	23736
567050	388923587	3486
567050	388923588	6
567050	388923589	3
567050	388923590	2503
567050	388923591	26555
567050	388923592	1
567050	388923593	20
567050	388923594	631
567050	388923595	11
567050	388923596	3
567050	388923597	997
567050	388923598	6
567050	388923599	165
567050	388923600	1
567050	388923601	91
567050	388923602	24
567050	388923603	30
567050	388923604	27443
567050	388923605	8029
567050	388923606	1566
567050	388923607	28
567050	388923608	3850
567050	388923609	15
567050	388923610	682
567050	388923611	1
567050	388923612	11
567050	388923613	51
567050	388923614	588
567050	388923615	1
567050	388923616	64
567050	388923617	28
567050	388923618	55271
567050	388923619	370699
567050	388923620	257
567050	388923621	3
567050	388923622	633
567050	388923623	2798918
567050	388923624	2326
567050	388923625	48659
567050	388923626	5
567050	388923627	47150
567050	388923628	3
567050	388923629	4667
567050	388923630	2
567050	388923631	438
567050	388923632	682
567050	388923633	379
567050	388923634	1
567050	388923635	28
567050	388923636	17427
567050	388923637	1177688
567050	388923638	59
567050	388923639	2953985
567050	388923640	187
567050	388923641	51
567050	388923642	17449
567050	388923643	4840
567050	388923644	159
567050	388923645	3
567050	388923646	3807
567050	388923647	1861303
567050	388923648	5
567050	388923649	51
567050	388923650	718
567050	388923651	485
567050	388923652	768
567050	388923653	172
567050	388923654	278
567050	388923655	2380
567050	388923656	16657
567050	388923657	107799
567050	388923658	107799
567050	388923659	107799
567050	388923660	107799
567050	388923661	107799
567050	388923662	107799
567050	388923663	107799
567050	388923664	107799
567050	388923665	107799
567050	388923666	107799
567050	388923667	2832
567050	388923668	1
567050	388923669	55
567050	388923670	4694
567050	388923671	1077
567050	388923672	26
567050	388923673	2063
567050	388923674	1923
567050	388923675	9
567050	388923676	63
567050	388923677	2832
567050	388923678	1
567050	388923679	54
567050	388923680	131
567050	388923681	2116
567050	388923682	50
567050	388923683	3584
567050	388923684	5
567050	388923685	798
567050	388923686	3120123
567050	388923687	539
567050	388923688	302
567050	388923689	1
567050	388923690	54
567050	388923691	91
567050	388923692	24
567050	388923693	63
567050	388923694	7
567050	388923695	5123
567050	388923696	5
567050	388923697	19570
567050	388923698	2707
567050	388923699	6
567050	388923700	631
567050	388923701	1
567050	388923702	210
567050	388923703	33805
567050	388923704	2611
567050	388923705	5
567050	388923706	1970
567050	388923707	2
567050	388923708	848
567050	388923709	59720
567050	388923710	59
567050	388923711	6328
567050	388923712	11
567050	388923713	3
567050	388923714	99816
567050	388923715	1896652
567050	388923716	1861305
567050	388923717	3
567050	388923718	1013
567050	388923719	2239247
567050	388923720	6
567050	388923721	3
567050	388923722	321
567050	388923723	23736
567050	388923724	66689
567050	388923725	2
567050	388923726	2268
567050	388923727	179
567050	388923728	3
567050	388923729	2936
567050	388923730	6
567050	388923731	631
567050	388923732	91
567050	388923733	24
567050	388923734	30
567050	388923735	30851
567050	388923736	11
567050	388923737	51659
567050	388923738	15
567050	388923739	2407
567050	388923740	2411
567050	388923741	1
567050	388923742	5
567050	388923743	30
567050	388923744	12250
567050	388923745	15
567050	388923746	14672
567050	388923747	2901
567050	388923748	2
567050	388923749	438
567050	388923750	43
567050	388923751	54
567050	388923752	153
567050	388923753	180
567050	388923754	1
567050	388923755	43
567050	388923756	16442
567050	388923757	22
567050	388923758	4278
567050	388923759	2
567050	388923760	2649
567050	388923761	979
567050	388923762	24
567050	388923763	191
567050	388923764	1
567050	388923765	121
567050	388923766	58
567050	388923767	30
567050	388923768	86
567050	388923769	4866
567050	388923770	6
567050	388923771	3
567050	388923772	1259
567050	388923773	15
567050	388923774	3
567050	388923775	10944
567050	388923776	1
567050	388923777	6
567050	388923778	2871
567050	388923779	1272
567050	388923780	15
567050	388923781	3584
567050	388923782	534
567050	388923783	26
567050	388923784	554
567050	388923785	2838
567050	388923786	46
567050	388923787	106260
567050	388923788	51
567050	388923789	3
567050	388923790	182
567050	388923791	14378
567050	388923792	267
567050	388923793	3
567050	388923794	539
567050	388923795	2
567050	388923796	31
567050	388923797	582
567050	388923798	22
567050	388923799	24
567050	388923800	1
567050	388923801	65
567050	388923802	22
567050	388923803	3
567050	388923804	5123
567050	388923805	4624
567050	388923806	6
567050	388923807	3
567050	388923808	11913
567050	388923809	6
567050	388923810	631
567050	388923811	1
567050	388923812	38
567050	388923813	65
567050	388923814	22
567050	388923815	46
567050	388923816	51
567050	388923817	11
567050	388923818	455
567050	388923819	22
567050	388923820	390
567050	388923821	45
567050	388923822	3
567050	388923823	185
567050	388923824	3276
567050	388923825	6
567050	388923826	3
567050	388923827	38459
567050	388923828	6
567050	388923829	2503
567050	388923830	3509
567050	388923831	2
567050	388923832	52
567050	388923833	198
567050	388923834	30
567050	388923835	40145
567050	388923836	25
567050	388923837	224
567050	388923838	6
567050	388923839	3
567050	388923840	321
567050	388923841	11836
567050	388923842	5
567050	388923843	204210
567050	388923844	53354
567050	388923845	93
567050	388923846	6740
567050	388923847	1
567050	388923848	77881
567050	388923849	1
567050	388923850	5
567050	388923851	15047
567050	388923852	1
567050	388923853	61
567050	388923854	11
567050	388923855	455
567050	388923856	11551
567050	388923857	7
567050	388923858	107799
567050	388923859	107799
567050	388923860	107799
567050	388923861	107799
567050	388923862	107799
567050	388923863	107799
567050	388923864	107799
567050	388923865	107799
567050	388923866	107799
567050	388923867	107799
567050	388923868	1
567050	388923869	25
567050	388923870	3
567050	388923871	8079
567050	388923872	6
567050	388923873	165
567050	388923874	5700
567050	388923875	33
567050	388923876	3
567050	388923877	3068
567050	388923878	1
567050	388923879	22
567050	388923880	24
567050	388923881	9
567050	388923882	11261
567050	388923883	3
567050	388923884	280
567050	388923885	15
567050	388923886	50
567050	388923887	276
567050	388923888	11300
567050	388923889	3443
567050	388923890	6
567050	388923891	2802
567050	388923892	5
567050	388923893	28618
567050	388923894	966
567050	388923895	1
567050	388923896	900
567050	388923897	86
567050	388923898	173
567050	388923899	15
567050	388923900	5930
567050	388923901	11
567050	388923902	3
567050	388923903	5685
567050	388923904	3777
567050	388923905	6
567050	388923906	3
567050	388923907	4302
567050	388923908	1
567050	388923909	2953
567050	388923910	45
567050	388923911	3
567050	388923912	6589
567050	388923913	6
567050	388923914	7
567050	388923915	2382
567050	388923916	12549
567050	388923917	6
567050	388923918	3
567050	388923919	2618
567050	388923920	32309
567050	388923921	1861305
567050	388923922	7
567050	388923923	2281
567050	388923924	17492
567050	388923925	20
567050	388923926	3
567050	388923927	3854
567050	388923928	5
567050	388923929	1400
567050	388923930	2942
567050	388923931	2
567050	388923932	699
567050	388923933	273
567050	388923934	7
567050	388923935	7253
567050	388923936	16151
567050	388923937	30
567050	388923938	2325
567050	388923939	9
567050	388923940	817
567050	388923941	4342
567050	388923942	1249
567050	388923943	11
567050	388923944	3
567050	388923945	16967
567050	388923946	6
567050	388923947	4035
567050	388923948	3807
567050	388923949	1
567050	388923950	5
567050	388923951	9
567050	388923952	58234
567050	388923953	4056
567050	388923954	5
567050	388923955	19510
567050	388923956	2901
567050	388923957	1
567050	388923958	20
567050	388923959	3
567050	388923960	1863
567050	388923961	5
567050	388923962	6256
567050	388923963	6
567050	388923964	3
567050	388923965	15484
567050	388923966	6
567050	388923967	179
567050	388923968	240
567050	388923969	420
567050	388923970	1
567050	388923971	229
567050	388923972	3
567050	388923973	3335
567050	388923974	25
567050	388923975	12
567050	388923976	135
567050	388923977	1342
567050	388923978	55
567050	388923979	13223
567050	388923980	3
567050	388923981	2974
567050	388923982	45
567050	388923983	217
567050	388923984	2618
567050	388923985	1596
567050	388923986	11
567050	388923987	5930
567050	388923988	55
567050	388923989	4482
567050	388923990	1
567050	388923991	22
567050	388923992	24
567050	388923993	11481
567050	388923994	2
567050	388923995	19706
567050	388923996	1723
567050	388923997	251
567050	388923998	3
567050	388923999	70479
567050	388924000	5816
567050	388924001	149
567050	388924002	17
567050	388924003	3
567050	388924004	3335
567050	388924005	25
567050	388924006	3
567050	388924007	79853
567050	388924008	3327820
567050	388924009	13955
567050	388924010	170991
567050	388924011	94
567050	388924012	1037
567050	388924013	15
567050	388924014	2885810
567050	388924015	9
567050	388924016	7859
567050	388924017	22
567050	388924018	15
567050	388924019	3396249
567050	388924020	12
567050	388924021	73
567050	388924022	627
567050	388924023	43
567050	388924024	2087
567050	388924025	2974
567050	388924026	385
567050	388924027	19565
567050	388924028	12
567050	388924029	16551
567050	388924030	94
567050	388924031	66
567050	388924032	1037
567050	388924033	5
567050	388924034	385
567050	388924035	5848
567050	388924036	13607
567050	388924037	12
567050	388924038	22
567050	388924039	194
567050	388924040	30086
567050	388924041	1
567050	388924042	131
567050	388924043	379
567050	388924044	1053
567050	388924045	150
567050	388924046	967
567050	388924047	118
567050	388924048	9834
567050	388924049	1
567050	388924050	55
567050	388924051	118
567050	388924052	32885
567050	388924053	44
567050	388924054	1330
567050	388924055	14457
567050	388924056	2
567050	388924057	183724
567050	388924058	560012
567050	388924059	107799
567050	388924060	107799
567050	388924061	107799
567050	388924062	107799
567050	388924063	107799
567050	388924064	107799
567050	388924065	107799
567050	388924066	107799
567050	388924067	107799
567050	388924068	107799
567050	388924069	26489
567050	388924070	1955
567050	388924071	2
567050	388924072	113509
567050	388924073	2901
567050	388924074	59
567050	388924075	26263
567050	388924076	2
567050	388924077	75
567050	388924078	65
567050	388924079	179
567050	388924080	4056
567050	388924081	1
567050	388924082	5
567050	388924083	4395
567050	388924084	1
567050	388924085	5
567050	388924086	2046
567050	388924087	59
567050	388924088	1
567050	388924089	55
567050	388924090	65
567050	388924091	42
567050	388924092	49193
567050	388924093	94
567050	388924094	66
567050	388924095	3850
567050	388924096	15
567050	388924097	7
567050	388924098	524
567050	388924099	51
567050	388924100	22
567050	388924101	1585
567050	388924102	96
567050	388924103	53
567050	388924104	64
567050	388924105	1
567050	388924106	12
567050	388924107	251
567050	388924108	24
567050	388924109	931
567050	388924110	9
567050	388924111	6422
567050	388924112	2
567050	388924113	75
567050	388924114	210
567050	388924115	54731
567050	388924116	43
567050	388924117	1837
567050	388924118	582
567050	388924119	6836
567050	388924120	8054
567050	388924121	1
567050	388924122	54
567050	388924123	59
567050	388924124	568
567050	388924125	25
567050	388924126	3
567050	388924127	4477
567050	388924128	7616
567050	388924129	45
567050	388924130	3
567050	388924131	2990
567050	388924132	11
567050	388924133	1941
567050	388924134	15
567050	388924135	3
567050	388924136	165307
567050	388924137	9729
567050	388924138	1
567050	388924139	5
567050	388924140	3
567050	388924141	3567
567050	388924142	15
567050	388924143	51
567050	388924144	42
567050	388924145	29606
567050	388924146	1
567050	388924147	59
567050	388924148	22301
567050	388924149	439
567050	388924150	2
567050	388924151	31
567050	388924152	582
567050	388924153	22
567050	388924154	24
567050	388924155	1
567050	388924156	642
567050	388924157	179
567050	388924158	4477
567050	388924159	59
567050	388924160	3
567050	388924161	1816
567050	388924162	6
567050	388924163	2503
567050	388924164	5700
567050	388924165	1
567050	388924166	55
567050	388924167	642
567050	388924168	42
567050	388924169	61
567050	388924170	55
567050	388924171	61
567050	388924172	24
567050	388924173	8282
567050	388924174	7
567050	388924175	7208
567050	388924176	40647
567050	388924177	344
567050	388924178	166
567050	388924179	20
567050	388924180	7
567050	388924181	2503
567050	388924182	4624
567050	388924183	2
567050	388924184	52
567050	388924185	22
567050	388924186	586
567050	388924187	8374
567050	388924188	5
567050	388924189	278
567050	388924190	17729
567050	388924191	2
567050	388924192	52
567050	388924193	22
567050	388924194	18182
567050	388924195	16862
567050	388924196	96
567050	388924197	642
567050	388924198	449
567050	388924199	5
567050	388924200	682
567050	388924201	1
567050	388924202	38398
567050	388924203	1060
567050	388924204	11371
567050	388924205	5
567050	388924206	345
567050	388924207	1
567050	388924208	59
567050	388924209	24
567050	388924210	2056
567050	388924211	5393
567050	388924212	5
567050	388924213	128256
567050	388924214	6
567050	388924215	47
567050	388924216	3989
567050	388924217	3658
567050	388924218	21110
567050	388924219	966
567050	388924220	2
567050	388924221	391
567050	388924222	14
567050	388924223	24
567050	388924224	3
567050	388924225	6274
567050	388924226	1192
567050	388924227	6
567050	388924228	179
567050	388924229	301
567050	388924230	1
567050	388924231	25
567050	388924232	3
567050	388924233	379488
567050	388924234	6
567050	388924235	418
567050	388924236	51
567050	388924237	9332
567050	388924238	59
567050	388924239	155485
567050	388924240	45
567050	388924241	3
567050	388924242	8998
567050	388924243	17
567050	388924244	51
567050	388924245	14
567050	388924246	428
567050	388924247	74
567050	388924248	4064
567050	388924249	1
567050	388924250	5
567050	388924251	148
567050	388924252	20
567050	388924253	43
567050	388924254	8998
567050	388924255	11
567050	388924256	118
567050	388924257	5434
567050	388924258	5
567050	388924259	66
567050	388924260	107799
567050	388924261	107799
567050	388924262	107799
567050	388924263	107799
567050	388924264	107799
567050	388924265	107799
567050	388924266	107799
567050	388924267	107799
567050	388924268	107799
567050	388924269	107799
567050	388924270	3
567050	388924271	4165
567050	388924272	25
567050	388924273	144
567050	388924274	4371
567050	388924275	19
567050	388924276	9470
567050	388924277	263
567050	388924278	43
567050	388924279	3777
567050	388924280	1
567050	388924281	3509
567050	388924282	22
567050	388924283	3
567050	388924284	1068
567050	388924285	6
567050	388924286	2002
567050	388924287	5
567050	388924288	1882
567050	388924289	11
567050	388924290	66
567050	388924291	9434
567050	388924292	5
567050	388924293	2901
567050	388924294	2
567050	388924295	17001
567050	388924296	1923
567050	388924297	25
567050	388924298	43
567050	388924299	1068
567050	388924300	198
567050	388924301	30
567050	388924302	618
567050	388924303	5
567050	388924304	13025
567050	388924305	1
567050	388924306	3
567050	388924307	9434
567050	388924308	131
567050	388924309	30
567050	388924310	14672
567050	388924311	11
567050	388924312	66
567050	388924313	379488
567050	388924314	1
567050	388924315	5
567050	388924316	3
567050	388924317	2901
567050	388924318	21110
567050	388924319	11
567050	388924320	66
567050	388924321	19389
567050	388924322	2
567050	388924323	8949
567050	388924324	121
567050	388924325	41
567050	388924326	86
567050	388924327	5703
567050	388924328	6
567050	388924329	842
567050	388924330	1068
567050	388924331	1
567050	388924332	5
567050	388924333	86
567050	388924334	4395
567050	388924335	11
567050	388924336	3509
567050	388924337	2
567050	388924338	5196
567050	388924339	198
567050	388924340	25965
567050	388924341	40
567050	388924342	449
567050	388924343	11
567050	388924344	118
567050	388924345	2936
567050	388924346	1
567050	388924347	5
567050	388924348	198
567050	388924349	4625
567050	388924350	606
567050	388924351	2901
567050	388924352	1
567050	388924353	38
567050	388924354	469
567050	388924355	3
567050	388924356	2936
567050	388924357	5
567050	388924358	66
567050	388924359	2901
567050	388924360	1
567050	388924361	5
567050	388924362	3
567050	388924363	1816
567050	388924364	22
567050	388924365	976
567050	388924366	568
567050	388924367	5
567050	388924368	47
567050	388924369	1013
567050	388924370	11
567050	388924371	3
567050	388924372	82
567050	388924373	585
567050	388924374	47
567050	388924375	11
567050	388924376	3
567050	388924377	539
567050	388924378	2
567050	388924379	9765
567050	388924380	3
567050	388924381	4383
567050	388924382	9729
567050	388924383	6
567050	388924384	4540
567050	388924385	5
567050	388924386	6
567050	388924387	3
567050	388924388	4624
567050	388924389	6
567050	388924390	1117
567050	388924391	1
567050	388924392	11
567050	388924393	51
567050	388924394	3
567050	388924395	5750
567050	388924396	6
567050	388924397	3
567050	388924398	1447
567050	388924399	22
567050	388924400	18628
567050	388924401	20
567050	388924402	236
567050	388924403	19467
567050	388924404	47
567050	388924405	3
567050	388924406	5750
567050	388924407	6
567050	388924408	7
567050	388924409	2326
567050	388924410	1
567050	388924411	5
567050	388924412	3
567050	388924413	12145
567050	388924414	6
567050	388924415	118
567050	388924416	2280
567050	388924417	59
567050	388924418	12809
567050	388924419	728
567050	388924420	4113
567050	388924421	15
567050	388924422	66
567050	388924423	9434
567050	388924424	1
567050	388924425	518
567050	388924426	3
567050	388924427	73009
567050	388924428	6
567050	388924429	3
567050	388924430	12015
567050	388924431	1
567050	388924432	55
567050	388924433	3
567050	388924434	46970
567050	388924435	6
567050	388924436	3
567050	388924437	2690
567050	388924438	2
567050	388924439	31
567050	388924440	244
567050	388924441	3777
567050	388924442	22
567050	388924443	64975
567050	388924444	9
567050	388924445	1580
567050	388924446	3
567050	388924447	17075
567050	388924448	6
567050	388924449	383
567050	388924450	7573
567050	388924451	488
567050	388924452	2
567050	388924453	2064
567050	388924454	1587
567050	388924455	1117
567050	388924456	1
567050	388924457	383
567050	388924458	5275
567050	388924459	1
567050	388924460	5
567050	388924461	107799
567050	388924462	107799
567050	388924463	107799
567050	388924464	107799
567050	388924465	107799
567050	388924466	107799
567050	388924467	107799
567050	388924468	107799
567050	388924469	107799
567050	388924470	107799
567050	388924471	118
567050	388924472	631
567050	388924473	5
567050	388924474	118
567050	388924475	1393
567050	388924476	2
567050	388924477	24175
567050	388924478	22
567050	388924479	1232
567050	388924480	2
567050	388924481	27140
567050	388924482	22
567050	388924483	38659
567050	388924484	4196
567050	388924485	2
567050	388924486	31703
567050	388924487	9125
567050	388924488	355889
567050	388924489	5
567050	388924490	283631
567050	388924491	59
567050	388924492	86309
567050	388924493	5
567050	388924494	1884066
567050	388924495	24384
567050	388924496	2
567050	388924497	146
567050	388924498	22
567050	388924499	86
567050	388924500	3385
567050	388924501	9
567050	388924502	30
567050	388924503	97513
567050	388924504	2026941
567050	388924505	9105
567050	388924506	9
567050	388924507	30
567050	388924508	5651
567050	388924509	20
567050	388924510	2
567050	388924511	712
567050	388924512	330
567050	388924513	121
567050	388924514	22
567050	388924515	86
567050	388924516	618
567050	388924517	1484
567050	388924518	20
567050	388924519	3
567050	388924520	359
567050	388924521	6
567050	388924522	11716
567050	388924523	1
567050	388924524	51
567050	388924525	113470
567050	388924526	3385
567050	388924527	1
567050	388924528	5
567050	388924529	99
567050	388924530	86
567050	388924531	2292
567050	388924532	104
567050	388924533	3385
567050	388924534	22
567050	388924535	24
567050	388924536	1060
567050	388924537	618
567050	388924538	5
567050	388924539	560
567050	388924540	2
567050	388924541	80696
567050	388924542	23
567050	388924543	42
567050	388924544	59
567050	388924545	86309
567050	388924546	1
567050	388924547	42
567050	388924548	91
567050	388924549	30
567050	388924550	6328
567050	388924551	45
567050	388924552	86
567050	388924553	10302
567050	388924554	77
567050	388924555	73
567050	388924556	22
567050	388924557	80562
567050	388924558	9
567050	388924559	132
567050	388924560	25
567050	388924561	3
567050	388924562	2901
567050	388924563	6
567050	388924564	631
567050	388924565	91
567050	388924566	105
567050	388924567	30
567050	388924568	1929
567050	388924569	1
567050	388924570	5
567050	388924571	118
567050	388924572	17427
567050	388924573	91
567050	388924574	105
567050	388924575	30
567050	388924576	25988
567050	388924577	55
567050	388924578	7481
567050	388924579	2
567050	388924580	345
567050	388924581	149
567050	388924582	22
567050	388924583	445671
567050	388924584	11
567050	388924585	43
567050	388924586	65947
567050	388924587	29415
567050	388924588	6
567050	388924589	6274
567050	388924590	2802
567050	388924591	2
567050	388924592	316
567050	388924593	345
567050	388924594	149
567050	388924595	131
567050	388924596	4625
567050	388924597	3
567050	388924598	2901
567050	388924599	17677
567050	388924600	45
567050	388924601	16
567050	388924602	142
567050	388924603	631
567050	388924604	1
567050	388924605	5
567050	388924606	16
567050	388924607	631
567050	388924608	22
567050	388924609	38
567050	388924610	217
567050	388924611	279
567050	388924612	20
567050	388924613	854
567050	388924614	22
567050	388924615	2
567050	388924616	31
567050	388924617	4302
567050	388924618	22
567050	388924619	3
567050	388924620	5464
567050	388924621	782
567050	388924622	20
567050	388924623	3
567050	388924624	379488
567050	388924625	6
567050	388924626	345
567050	388924627	1
567050	388924628	5
567050	388924629	3
567050	388924630	379488
567050	388924631	6
567050	388924632	1250
567050	388924633	11
567050	388924634	383
567050	388924635	5829
567050	388924636	1911
567050	388924637	59
567050	388924638	30851
567050	388924639	40
567050	388924640	3
567050	388924641	379488
567050	388924642	6
567050	388924643	3
567050	388924644	204
567050	388924645	423
567050	388924646	1
567050	388924647	5
567050	388924648	191
567050	388924649	1778
567050	388924650	14
567050	388924651	194
567050	388924652	30
567050	388924653	47
567050	388924654	54
567050	388924655	718
567050	388924656	485
567050	388924657	74
567050	388924658	3
567050	388924659	1810
567050	388924660	1
567050	388924661	5
567050	388924662	107799
567050	388924663	107799
567050	388924664	107799
567050	388924665	107799
567050	388924666	107799
567050	388924667	107799
567050	388924668	107799
567050	388924669	107799
567050	388924670	107799
567050	388924671	107799
567050	388924672	74
567050	388924673	3
567050	388924674	3029
567050	388924675	2
567050	388924676	52
567050	388924677	58356
567050	388924678	5419
567050	388924679	1
567050	388924680	14
567050	388924681	58356
567050	388924682	203
567050	388924683	25
567050	388924684	54
567050	388924685	6877
567050	388924686	7
567050	388924687	612
567050	388924688	159
567050	388924689	43
567050	388924690	4873
567050	388924691	5588
567050	388924692	1
567050	388924693	5
567050	388924694	1337
567050	388924695	9
567050	388924696	13104
567050	388924697	3
567050	388924698	13919
567050	388924699	6
567050	388924700	682
567050	388924701	40
567050	388924702	46
567050	388924703	6
567050	388924704	449
567050	388924705	2
567050	388924706	472
567050	388924707	22
567050	388924708	5096
567050	388924709	57628
567050	388924710	94
567050	388924711	5492
567050	388924712	20987
567050	388924713	1
567050	388924714	5
567050	388924715	46
567050	388924716	51
567050	388924717	639
567050	388924718	9
567050	388924719	581
567050	388924720	33
567050	388924721	3
567050	388924722	12875
567050	388924723	6
567050	388924724	892
567050	388924725	1
567050	388924726	5
567050	388924727	2263
567050	388924728	1
567050	388924729	5
567050	388924730	3812
567050	388924731	1
567050	388924732	22
567050	388924733	143
567050	388924734	3
567050	388924735	278
567050	388924736	4873
567050	388924737	20
567050	388924738	118
567050	388924739	8981
567050	388924740	15
567050	388924741	46
567050	388924742	51
567050	388924743	14
567050	388924744	34345
567050	388924745	1
567050	388924746	93
567050	388924747	3
567050	388924748	1704
567050	388924749	1
567050	388924750	5
567050	388924751	4905
567050	388924752	1
567050	388924753	5
567050	388924754	973
567050	388924755	51
567050	388924756	3
567050	388924757	11773
567050	388924758	1476
567050	388924759	29870
567050	388924760	11
567050	388924761	3
567050	388924762	5492
567050	388924763	5588
567050	388924764	1
567050	388924765	55
567050	388924766	4767
567050	388924767	33
567050	388924768	3
567050	388924769	27029
567050	388924770	6
567050	388924771	3
567050	388924772	2683
567050	388924773	2
567050	388924774	4
567050	388924775	2889
567050	388924776	22
567050	388924777	3637
567050	388924778	22
567050	388924779	10120
567050	388924780	1
567050	388924781	4
567050	388924782	1372
567050	388924783	2
567050	388924784	32359
567050	388924785	1
567050	388924786	131
567050	388924787	30
567050	388924788	98481
567050	388924789	45
567050	388924790	6274
567050	388924791	966
567050	388924792	1
567050	388924793	5
567050	388924794	4
567050	388924795	854
567050	388924796	22
567050	388924797	10120
567050	388924798	22
567050	388924799	3637
567050	388924800	4
567050	388924801	236464
567050	388924802	539
567050	388924803	302
567050	388924804	1
567050	388924805	3
567050	388924806	4056
567050	388924807	6
567050	388924808	3
567050	388924809	4302
567050	388924810	80
567050	388924811	63
567050	388924812	66
567050	388924813	106
567050	388924814	2
567050	388924815	201
567050	388924816	22
567050	388924817	3
567050	388924818	21727
567050	388924819	6
567050	388924820	1210
567050	388924821	1
567050	388924822	3
567050	388924823	185
567050	388924824	1026
567050	388924825	6
567050	388924826	2805
567050	388924827	6229
567050	388924828	1
567050	388924829	427
567050	388924830	385
567050	388924831	24265
567050	388924832	8557
567050	388924833	1
567050	388924834	345
567050	388924835	5
567050	388924836	77
567050	388924837	1
567050	388924838	7111
567050	388924839	5
567050	388924840	682
567050	388924841	1
567050	388924842	22
567050	388924843	6704
567050	388924844	74
567050	388924845	3
567050	388924846	7444
567050	388924847	18524
567050	388924848	6
567050	388924849	3
567050	388924850	1013
567050	388924851	8421
567050	388924852	6
567050	388924853	383
567050	388924854	1
567050	388924855	218
567050	388924856	3
567050	388924857	8421
567050	388924858	5
567050	388924859	560
567050	388924860	2002
567050	388924861	6
567050	388924862	383
567050	388924863	107799
567050	388924864	107799
567050	388924865	107799
567050	388924866	107799
567050	388924867	107799
567050	388924868	107799
567050	388924869	107799
567050	388924870	107799
567050	388924871	107799
567050	388924872	107799
567050	388924873	17094
567050	388924874	148
567050	388924875	3509
567050	388924876	99
567050	388924877	143
567050	388924878	20
567050	388924879	118
567050	388924880	1406
567050	388924881	854
567050	388924882	22
567050	388924883	5861
567050	388924884	475
567050	388924885	1
567050	388924886	5
567050	388924887	203
567050	388924888	22
567050	388924889	5861
567050	388924890	475
567050	388924891	51
567050	388924892	22
567050	388924893	24
567050	388924894	482006
567050	388924895	74
567050	388924896	2335
567050	388924897	7616
567050	388924898	45
567050	388924899	20097
567050	388924900	2473399
567050	388924901	92
567050	388924902	64
567050	388924903	3
567050	388924904	17075
567050	388924905	6
567050	388924906	449
567050	388924907	5
567050	388924908	682
567050	388924909	59
567050	388924910	6364
567050	388924911	45
567050	388924912	2871
567050	388924913	4056
567050	388924914	21900
567050	388924915	108
567050	388924916	544
567050	388924917	547
567050	388924918	32
567050	388924919	7
567050	388924920	6706
567050	388924921	2374
567050	388924922	1
567050	388924923	5
567050	388924924	17
567050	388924925	7
567050	388924926	14672
567050	388924927	2344
567050	388924928	2
567050	388924929	949
567050	388924930	43
567050	388924931	77
567050	388924932	5012
567050	388924933	24
567050	388924934	7
567050	388924935	230
567050	388924936	1378412
567050	388924937	38331
567050	388924938	6
567050	388924939	1068
567050	388924940	1
567050	388924941	73
567050	388924942	59
567050	388924943	191
567050	388924944	3397
567050	388924945	45
567050	388924946	3
567050	388924947	2057
567050	388924948	6
567050	388924949	2335
567050	388924950	25
567050	388924951	12
567050	388924952	99
567050	388924953	19957
567050	388924954	1
567050	388924955	5
567050	388924956	3
567050	388924957	21097
567050	388924958	1037
567050	388924959	11
567050	388924960	51
567050	388924961	12
567050	388924962	90273
567050	388924963	53
567050	388924964	1
567050	388924965	25
567050	388924966	42
567050	388924967	7216
567050	388924968	9
567050	388924969	111
567050	388924970	11
567050	388924971	3
567050	388924972	3777
567050	388924973	2784723
567050	388924974	60172
567050	388924975	12572
567050	388924976	159
567050	388924977	3
567050	388924978	4254
567050	388924979	6
567050	388924980	7
567050	388924981	26806
567050	388924982	5
567050	388924983	2062212
567050	388924984	248303
567050	388924985	2
567050	388924986	438
567050	388924987	64
567050	388924988	179
567050	388924989	3064
567050	388924990	6
567050	388924991	173051
567050	388924992	135
567050	388924993	30
567050	388924994	5622
567050	388924995	217
567050	388924996	1
567050	388924997	51
567050	388924998	22
567050	388924999	9041
567050	388925000	17
567050	388925001	24362
567050	388925002	10944
567050	388925003	15834
567050	388925004	1
567050	388925005	5
567050	388925006	29910
567050	388925007	17
567050	388925008	573
567050	388925009	2868
567050	388925010	5
567050	388925011	22447
567050	388925012	2397
567050	388925013	2
567050	388925014	127
567050	388925015	541
567050	388925016	3
567050	388925017	3889
567050	388925018	6
567050	388925019	3637
567050	388925020	219568
567050	388925021	1
567050	388925022	24453
567050	388925023	275
567050	388925024	3
567050	388925025	279
567050	388925026	6
567050	388925027	5010
567050	388925028	65164
567050	388925029	2
567050	388925030	178
567050	388925031	14
567050	388925032	22
567050	388925033	219568
567050	388925034	9
567050	388925035	21649
567050	388925036	1250
567050	388925037	11
567050	388925038	631
567050	388925039	1
567050	388925040	5
567050	388925041	9
567050	388925042	171
567050	388925043	345
567050	388925044	149
567050	388925045	1128
567050	388925046	15
567050	388925047	27053
567050	388925048	20
567050	388925049	3
567050	388925050	152
567050	388925051	87
567050	388925052	11
567050	388925053	3
567050	388925054	682
567050	388925055	6
567050	388925056	77
567050	388925057	1
567050	388925058	14
567050	388925059	22
567050	388925060	27813
567050	388925061	5
567050	388925062	1169
567050	388925063	317
567050	388925064	107799
567050	388925065	107799
567050	388925066	107799
567050	388925067	107799
567050	388925068	107799
567050	388925069	107799
567050	388925070	107799
567050	388925071	107799
567050	388925072	107799
567050	388925073	107799
567050	388925074	3777
567050	388925075	6
567050	388925076	19369
567050	388925077	1866
567050	388925078	2
567050	388925079	201
567050	388925080	22
567050	388925081	261
567050	388925082	45
567050	388925083	187
567050	388925084	73
567050	388925085	8476
567050	388925086	165
567050	388925087	4477
567050	388925088	6
567050	388925089	345
567050	388925090	36
567050	388925091	1826
567050	388925092	47
567050	388925093	33188
567050	388925094	2607
567050	388925095	5
567050	388925096	3
567050	388925097	2622
567050	388925098	6
567050	388925099	3385
567050	388925100	728
567050	388925101	317
567050	388925102	1232
567050	388925103	1
567050	388925104	47
567050	388925105	187
567050	388925106	73
567050	388925107	11
567050	388925108	2569
567050	388925109	12479
567050	388925110	14
567050	388925111	1
567050	388925112	73
567050	388925113	2431
567050	388925114	148
567050	388925115	2607
567050	388925116	22
567050	388925117	24
567050	388925118	143
567050	388925119	182077
567050	388925120	100
567050	388925121	121
567050	388925122	22
567050	388925123	86
567050	388925124	966
567050	388925125	1
567050	388925126	38
567050	388925127	262
567050	388925128	121
567050	388925129	22
567050	388925130	86
567050	388925131	1400
567050	388925132	3385
567050	388925133	1
567050	388925134	5
567050	388925135	73
567050	388925136	35804
567050	388925137	3
567050	388925138	12077
567050	388925139	6
567050	388925140	73053
567050	388925141	5
567050	388925142	67635
567050	388925143	1866
567050	388925144	74
567050	388925145	3
567050	388925146	3312011
567050	388925147	35546
567050	388925148	6
567050	388925149	7
567050	388925150	30283
567050	388925151	73
567050	388925152	22894
567050	388925153	1
567050	388925154	24
567050	388925155	45
567050	388925156	3
567050	388925157	2397
567050	388925158	6
567050	388925159	24292
567050	388925160	3812
567050	388925161	1
567050	388925162	38
567050	388925163	45
567050	388925164	46
567050	388925165	6
567050	388925166	12897
567050	388925167	524
567050	388925168	2
567050	388925169	1871
567050	388925170	3
567050	388925171	3889
567050	388925172	22
567050	388925173	3005
567050	388925174	11
567050	388925175	2757
567050	388925176	61146
567050	388925177	1
567050	388925178	5
567050	388925179	3365306
567050	388925180	40
567050	388925181	2172
567050	388925182	6
567050	388925183	19035
567050	388925184	1
567050	388925185	14
567050	388925186	22
567050	388925187	11025
567050	388925188	15
567050	388925189	64
567050	388925190	3
567050	388925191	13750
567050	388925192	9795
567050	388925193	51
567050	388925194	2431
567050	388925195	239
567050	388925196	3
567050	388925197	164
567050	388925198	9381
567050	388925199	6
567050	388925200	173051
567050	388925201	1
567050	388925202	5
567050	388925203	15
567050	388925204	43
567050	388925205	1014
567050	388925206	17669
567050	388925207	25
567050	388925208	14
567050	388925209	1584
567050	388925210	7
567050	388925211	5462
567050	388925212	4254
567050	388925213	33
567050	388925214	3
567050	388925215	2757
567050	388925216	1192
567050	388925217	2
567050	388925218	438
567050	388925219	64
567050	388925220	179
567050	388925221	18308
567050	388925222	3064
567050	388925223	6
567050	388925224	173051
567050	388925225	1
567050	388925226	673
567050	388925227	58775
567050	388925228	74456
567050	388925229	16
567050	388925230	3777
567050	388925231	6
567050	388925232	3
567050	388925233	10944
567050	388925234	1
567050	388925235	518
567050	388925236	7
567050	388925237	2067
567050	388925238	6
567050	388925239	2936
567050	388925240	55
567050	388925241	4056
567050	388925242	1
567050	388925243	5091
567050	388925244	11
567050	388925245	2188
567050	388925246	5
567050	388925247	278
567050	388925248	996
567050	388925249	11
567050	388925250	118
567050	388925251	4250
567050	388925252	96
567050	388925253	3
567050	388925254	1587
567050	388925255	7344
567050	388925256	6
567050	388925257	1259
567050	388925258	6826
567050	388925259	17
567050	388925260	66
567050	388925261	2936
567050	388925262	5
567050	388925263	2901
567050	388925264	2
567050	388925265	107799
567050	388925266	107799
567050	388925267	107799
567050	388925268	107799
567050	388925269	107799
567050	388925270	107799
567050	388925271	107799
567050	388925272	107799
567050	388925273	107799
567050	388925274	107799
567050	388925275	3777
567050	388925276	1
567050	388925277	5
567050	388925278	560
567050	388925279	11
567050	388925280	455
567050	388925281	2
567050	388925282	201
567050	388925283	253
567050	388925284	7779
567050	388925285	1
567050	388925286	14
567050	388925287	2776
567050	388925288	148
567050	388925289	2607
567050	388925290	22
567050	388925291	618
567050	388925292	5
567050	388925293	560
567050	388925294	1
567050	388925295	5
567050	388925296	25
567050	388925297	7
567050	388925298	12181
567050	388925299	22787
567050	388925300	22
567050	388925301	24
567050	388925302	5716
567050	388925303	2
567050	388925304	438
567050	388925305	179
567050	388925306	4628
567050	388925307	12340
567050	388925308	64
567050	388925309	3
567050	388925310	13750
567050	388925311	17290
567050	388925312	6
567050	388925313	3
567050	388925314	619
567050	388925315	2
567050	388925316	31
567050	388925317	560
567050	388925318	23929
567050	388925319	6
567050	388925320	3
567050	388925321	3178
567050	388925322	59
567050	388925323	3
567050	388925324	1894
567050	388925325	19012
567050	388925326	33
567050	388925327	3
567050	388925328	455
567050	388925329	6
567050	388925330	2607
567050	388925331	1
567050	388925332	5
567050	388925333	1615
567050	388925334	149
567050	388925335	7
567050	388925336	4482
567050	388925337	2
567050	388925338	75
567050	388925339	196
567050	388925340	251
567050	388925341	12
567050	388925342	19468
567050	388925343	25
567050	388925344	3
567050	388925345	10944
567050	388925346	22
567050	388925347	1060
567050	388925348	553249
567050	388925349	618
567050	388925350	5
567050	388925351	560
567050	388925352	19
567050	388925353	37
567050	388925354	73240
567050	388925355	149
567050	388925356	33
567050	388925357	3
567050	388925358	455
567050	388925359	92
567050	388925360	77
567050	388925361	149
567050	388925362	22
567050	388925363	10944
567050	388925364	11
567050	388925365	7
567050	388925366	362
567050	388925367	6
567050	388925368	16
567050	388925369	5858
567050	388925370	1
567050	388925371	54880
567050	388925372	32359
567050	388925373	16
567050	388925374	1111
567050	388925375	26
567050	388925376	148
567050	388925377	45
567050	388925378	43
567050	388925379	12
567050	388925380	1762
567050	388925381	3082732
567050	388925382	1050
567050	388925383	757
567050	388925384	11
567050	388925385	1793
567050	388925386	4319
567050	388925387	17
567050	388925388	631
567050	388925389	1
567050	388925390	12
567050	388925391	22
567050	388925392	24
567050	388925393	16704
567050	388925394	15
567050	388925395	14
567050	388925396	38
567050	388925397	4227
567050	388925398	3105178
567050	388925399	9
567050	388925400	1300
567050	388925401	4757
567050	388925402	51
567050	388925403	3
567050	388925404	13944
567050	388925405	6
567050	388925406	631
567050	388925407	105
567050	388925408	58
567050	388925409	63
567050	388925410	7161
567050	388925411	1
567050	388925412	5
567050	388925413	4666
567050	388925414	108
567050	388925415	3
567050	388925416	1282
567050	388925417	6
567050	388925418	1077
567050	388925419	5
567050	388925420	46243
567050	388925421	388
567050	388925422	20833
567050	388925423	2
567050	388925424	37
567050	388925425	22
567050	388925426	703
567050	388925427	149
567050	388925428	7
567050	388925429	254
567050	388925430	524
567050	388925431	1861305
567050	388925432	7
567050	388925433	3834
567050	388925434	1272
567050	388925435	11022
567050	388925436	9
567050	388925437	11858
567050	388925438	4628
567050	388925439	24
567050	388925440	5782
567050	388925441	20
567050	388925442	45
567050	388925443	631
567050	388925444	4666
567050	388925445	787
567050	388925446	2
567050	388925447	201
567050	388925448	22
567050	388925449	7
567050	388925450	455
567050	388925451	51
567050	388925452	86
567050	388925453	82
567050	388925454	1111
567050	388925455	2288927
567050	388925456	1
567050	388925457	104
567050	388925458	12
567050	388925459	135
567050	388925460	1
567050	388925461	44
567050	388925462	30
567050	388925463	241348
567050	388925464	45
567050	388925465	16
567050	388925466	107799
567050	388925467	107799
567050	388925468	107799
567050	388925469	107799
567050	388925470	107799
567050	388925471	107799
567050	388925472	107799
567050	388925473	107799
567050	388925474	107799
567050	388925475	107799
567050	388925476	22074
567050	388925477	1
567050	388925478	8813
567050	388925479	11
567050	388925480	2188
567050	388925481	1
567050	388925482	278
567050	388925483	20398
567050	388925484	11
567050	388925485	66
567050	388925486	3985
567050	388925487	1
567050	388925488	5
567050	388925489	12528
567050	388925490	278
567050	388925491	996
567050	388925492	11
567050	388925493	66
567050	388925494	4628
567050	388925495	2
567050	388925496	848
567050	388925497	2862
567050	388925498	22074
567050	388925499	1
567050	388925500	28251
567050	388925501	259
567050	388925502	45
567050	388925503	3
567050	388925504	3169
567050	388925505	6
567050	388925506	64
567050	388925507	1
567050	388925508	28883
567050	388925509	7
567050	388925510	10944
567050	388925511	2067
567050	388925512	51
567050	388925513	22
567050	388925514	194
567050	388925515	4666
567050	388925516	212
567050	388925517	43
567050	388925518	1761
567050	388925519	4302
567050	388925520	51
567050	388925521	54
567050	388925522	1143
567050	388925523	5185
567050	388925524	1
567050	388925525	5
567050	388925526	48464
567050	388925527	9712
567050	388925528	4757
567050	388925529	11
567050	388925530	3
567050	388925531	715
567050	388925532	6
567050	388925533	43
567050	388925534	2862
567050	388925535	2067
567050	388925536	1
567050	388925537	5
567050	388925538	20
567050	388925539	118
567050	388925540	30732
567050	388925541	3834
567050	388925542	4250
567050	388925543	2
567050	388925544	75
567050	388925545	43
567050	388925546	10944
567050	388925547	2067
567050	388925548	5
567050	388925549	118
567050	388925550	379488
567050	388925551	22
567050	388925552	24
567050	388925553	7
567050	388925554	9025
567050	388925555	192
567050	388925556	1
567050	388925557	38
567050	388925558	22
567050	388925559	9
567050	388925560	30
567050	388925561	12194
567050	388925562	728
567050	388925563	194
567050	388925564	8765
567050	388925565	5
567050	388925566	194
567050	388925567	4666
567050	388925568	967
567050	388925569	3
567050	388925570	2974
567050	388925571	6
567050	388925572	1259
567050	388925573	22074
567050	388925574	2
567050	388925575	493
567050	388925576	14
567050	388925577	80
567050	388925578	30
567050	388925579	4080
567050	388925580	33
567050	388925581	188
567050	388925582	1954
567050	388925583	1
567050	388925584	391
567050	388925585	979
567050	388925586	64
567050	388925587	3
567050	388925588	10944
567050	388925589	51
567050	388925590	12
567050	388925591	1338
567050	388925592	117
567050	388925593	1861303
567050	388925594	7
567050	388925595	10944
567050	388925596	93
567050	388925597	46
567050	388925598	6
567050	388925599	3
567050	388925600	1400
567050	388925601	1111
567050	388925602	11
567050	388925603	77
567050	388925604	19
567050	388925605	1780
567050	388925606	12
567050	388925607	24
567050	388925608	7804
567050	388925609	39171
567050	388925610	3
567050	388925611	10944
567050	388925612	15
567050	388925613	3
567050	388925614	1259
567050	388925615	1
567050	388925616	5
567050	388925617	1510
567050	388925618	130
567050	388925619	3961
567050	388925620	3
567050	388925621	166005
567050	388925622	62
567050	388925623	1
567050	388925624	251
567050	388925625	12
567050	388925626	24
567050	388925627	671
567050	388925628	3
567050	388925629	10944
567050	388925630	3184470
567050	388925631	117
567050	388925632	3
567050	388925633	279
567050	388925634	1861305
567050	388925635	3
567050	388925636	1137
567050	388925637	5184
567050	388925638	1
567050	388925639	38
567050	388925640	12390
567050	388925641	3
567050	388925642	3111762
567050	388925643	7631
567050	388925644	3
567050	388925645	42473
567050	388925646	154
567050	388925647	19
567050	388925648	109
567050	388925649	58356
567050	388925650	14
567050	388925651	9
567050	388925652	16734
567050	388925653	20
567050	388925654	5890
567050	388925655	1
567050	388925656	104
567050	388925657	45
567050	388925658	43
567050	388925659	22
567050	388925660	3450
567050	388925661	25
567050	388925662	64
567050	388925663	59
567050	388925664	2419348
567050	388925665	1
567050	388925666	55
567050	388925667	107799
567050	388925668	107799
567050	388925669	107799
567050	388925670	107799
567050	388925671	107799
567050	388925672	107799
567050	388925673	107799
567050	388925674	107799
567050	388925675	107799
567050	388925676	107799
567050	388925677	64
567050	388925678	46
567050	388925679	22
567050	388925680	4414
567050	388925681	22
567050	388925682	1
567050	388925683	46
567050	388925684	77
567050	388925685	27109
567050	388925686	78885
567050	388925687	5
567050	388925688	5632
567050	388925689	7
567050	388925690	4482
567050	388925691	188
567050	388925692	87
567050	388925693	25
567050	388925694	12
567050	388925695	6544
567050	388925696	16
567050	388925697	407
567050	388925698	19
567050	388925699	127
567050	388925700	35010
567050	388925701	1
567050	388925702	43
567050	388925703	251
567050	388925704	2888306
567050	388925705	6218
567050	388925706	1
567050	388925707	38
567050	388925708	418
567050	388925709	6308
567050	388925710	108
567050	388925711	3
567050	388925712	8421
567050	388925713	6
567050	388925714	3
567050	388925715	2862
567050	388925716	2936
567050	388925717	5
567050	388925718	22074
567050	388925719	51
567050	388925720	3
567050	388925721	2623
567050	388925722	1338
567050	388925723	117
567050	388925724	1
567050	388925725	5
567050	388925726	15
567050	388925727	51
567050	388925728	12
567050	388925729	4027
567050	388925730	117
567050	388925731	75668
567050	388925732	40
567050	388925733	3
567050	388925734	2013
567050	388925735	2
567050	388925736	462
567050	388925737	6559
567050	388925738	40
567050	388925739	3
567050	388925740	455
567050	388925741	6
567050	388925742	3
567050	388925743	2013
567050	388925744	15
567050	388925745	3
567050	388925746	3335
567050	388925747	6
567050	388925748	3
567050	388925749	2862
567050	388925750	1
567050	388925751	22
567050	388925752	1552
567050	388925753	31058
567050	388925754	5
567050	388925755	8191
567050	388925756	257
567050	388925757	7
567050	388925758	5142
567050	388925759	6
567050	388925760	28456
567050	388925761	1
567050	388925762	599
567050	388925763	14
567050	388925764	51074
567050	388925765	9795
567050	388925766	5
567050	388925767	67289
567050	388925768	12900
567050	388925769	2
567050	388925770	31
567050	388925771	410
567050	388925772	582
567050	388925773	9
567050	388925774	535
567050	388925775	22
567050	388925776	1
567050	388925777	65
567050	388925778	3
567050	388925779	2862
567050	388925780	22
567050	388925781	9
567050	388925782	1874462
567050	388925783	51
567050	388925784	54
567050	388925785	59
567050	388925786	10175
567050	388925787	2
567050	388925788	31
567050	388925789	1044
567050	388925790	6
567050	388925791	3
567050	388925792	2569
567050	388925793	11
567050	388925794	3
567050	388925795	602
567050	388925796	6
567050	388925797	34478
567050	388925798	5
567050	388925799	58775
567050	388925800	1
567050	388925801	104
567050	388925802	42
567050	388925803	59
567050	388925804	1063
567050	388925805	25669
567050	388925806	1
567050	388925807	198
567050	388925808	30
567050	388925809	648
567050	388925810	15
567050	388925811	6237
567050	388925812	304
567050	388925813	18443
567050	388925814	40
567050	388925815	19040
567050	388925816	1
567050	388925817	38
567050	388925818	14
567050	388925819	99
567050	388925820	118
567050	388925821	7107
567050	388925822	11
567050	388925823	33398
567050	388925824	3
567050	388925825	705
567050	388925826	15
567050	388925827	7
567050	388925828	521
567050	388925829	189
567050	388925830	3735
567050	388925831	52281
567050	388925832	1
567050	388925833	7183
567050	388925834	6835
567050	388925835	6842
567050	388925836	11
567050	388925837	51159
567050	388925838	5
567050	388925839	33254
567050	388925840	3
567050	388925841	7053
567050	388925842	51
567050	388925843	3
567050	388925844	2569
567050	388925845	703
567050	388925846	7243
567050	388925847	80
567050	388925848	30
567050	388925849	337
567050	388925850	9
567050	388925851	671
567050	388925852	9
567050	388925853	1402
567050	388925854	2
567050	388925855	127
567050	388925856	223
567050	388925857	2738
567050	388925858	94
567050	388925859	118
567050	388925860	238
567050	388925861	642
567050	388925862	3
567050	388925863	2623
567050	388925864	36
567050	388925865	8421
567050	388925866	6
567050	388925867	3
567050	388925868	107799
567050	388925869	107799
567050	388925870	107799
567050	388925871	107799
567050	388925872	107799
567050	388925873	107799
567050	388925874	107799
567050	388925875	107799
567050	388925876	107799
567050	388925877	107799
567050	388925878	19570
567050	388925879	2
567050	388925880	75
567050	388925881	65
567050	388925882	6
567050	388925883	16
567050	388925884	3777
567050	388925885	6
567050	388925886	3
567050	388925887	10944
567050	388925888	11
567050	388925889	77
567050	388925890	26
567050	388925891	22
567050	388925892	166
567050	388925893	2381
567050	388925894	18362
567050	388925895	19
567050	388925896	2336
567050	388925897	12
567050	388925898	1762
567050	388925899	13982
567050	388925900	3
567050	388925901	455
567050	388925902	33
567050	388925903	51
567050	388925904	12
567050	388925905	185621
567050	388925906	179
567050	388925907	996
567050	388925908	221161
567050	388925909	19
567050	388925910	216
567050	388925911	3
567050	388925912	17075
567050	388925913	6
567050	388925914	114
567050	388925915	142
567050	388925916	1489
567050	388925917	48438
567050	388925918	3
567050	388925919	28288
567050	388925920	51
567050	388925921	12
567050	388925922	675
567050	388925923	19
567050	388925924	2528
567050	388925925	24
567050	388925926	3
567050	388925927	747
567050	388925928	7208
567050	388925929	6
567050	388925930	16
567050	388925931	3777
567050	388925932	7216
567050	388925933	1
567050	388925934	693
567050	388925935	389
567050	388925936	3
567050	388925937	403
567050	388925938	51336
567050	388925939	131
567050	388925940	1330
567050	388925941	467
567050	388925942	19
567050	388925943	160
567050	388925944	164
567050	388925945	302
567050	388925946	1
567050	388925947	14
567050	388925948	3086
567050	388925949	7
567050	388925950	1178
567050	388925951	582
567050	388925952	1
567050	388925953	51
567050	388925954	11
567050	388925955	90
567050	388925956	2891
567050	388925957	80
567050	388925958	30
567050	388925959	2080
567050	388925960	134510
567050	388925961	1
567050	388925962	642
567050	388925963	673
567050	388925964	58775
567050	388925965	36
567050	388925966	4477
567050	388925967	6
567050	388925968	842
567050	388925969	2186802
567050	388925970	45
567050	388925971	29
567050	388925972	3
567050	388925973	2978069
567050	388925974	99798
567050	388925975	2
567050	388925976	685
567050	388925977	43
567050	388925978	582
567050	388925979	54
567050	388925980	13353
567050	388925981	1
567050	388925982	25
567050	388925983	3
567050	388925984	2623
567050	388925985	251
567050	388925986	24
567050	388925987	40036
567050	388925988	9
567050	388925989	297
567050	388925990	7
567050	388925991	3777
567050	388925992	6
567050	388925993	1970
567050	388925994	18541
567050	388925995	94
567050	388925996	118
567050	388925997	2715
567050	388925998	1
567050	388925999	27813
567050	388926000	47933
567050	388926001	11
567050	388926002	118
567050	388926003	1418
567050	388926004	1
567050	388926005	51
567050	388926006	22
567050	388926007	943
567050	388926008	40
567050	388926009	64
567050	388926010	16654
567050	388926011	43775
567050	388926012	5
567050	388926013	21944
567050	388926014	239
567050	388926015	188
567050	388926016	618
567050	388926017	6237
567050	388926018	2
567050	388926019	462
567050	388926020	115
567050	388926021	43
567050	388926022	10
567050	388926023	24
567050	388926024	1013
567050	388926025	20
567050	388926026	16
567050	388926027	940
567050	388926028	26
567050	388926029	7290
567050	388926030	1
567050	388926031	14
567050	388926032	153
567050	388926033	17462
567050	388926034	43
567050	388926035	940
567050	388926036	1
567050	388926037	51
567050	388926038	10
567050	388926039	9
567050	388926040	10281
567050	388926041	3
567050	388926042	455
567050	388926043	6
567050	388926044	1970
567050	388926045	11
567050	388926046	7
567050	388926047	106
567050	388926048	51
567050	388926049	44
567050	388926050	9660
567050	388926051	705
567050	388926052	1
567050	388926053	5
567050	388926054	9
567050	388926055	15742
567050	388926056	20
567050	388926057	14
567050	388926058	50
567050	388926059	5172
567050	388926060	10944
567050	388926061	2
567050	388926062	201
567050	388926063	12
567050	388926064	99
567050	388926065	261
567050	388926066	11
567050	388926067	5047
567050	388926068	2427
567050	388926069	107799
567050	388926070	107799
567050	388926071	107799
567050	388926072	107799
567050	388926073	107799
567050	388926074	107799
567050	388926075	107799
567050	388926076	107799
567050	388926077	107799
567050	388926078	107799
567050	388926079	5
567050	388926080	17
567050	388926081	7
567050	388926082	23973
567050	388926083	25277
567050	388926084	11
567050	388926085	5047
567050	388926086	3155
567050	388926087	1
567050	388926088	275
567050	388926089	3
567050	388926090	4599
567050	388926091	303
567050	388926092	2936
567050	388926093	5
567050	388926094	209
567050	388926095	2
567050	388926096	160
567050	388926097	22959
567050	388926098	16
567050	388926099	4477
567050	388926100	6
567050	388926101	1970
567050	388926102	1
567050	388926103	12
567050	388926104	251
567050	388926105	588
567050	388926106	671
567050	388926107	72
567050	388926108	118
567050	388926109	321
567050	388926110	996
567050	388926111	3850
567050	388926112	1
567050	388926113	5
567050	388926114	34170
567050	388926115	9
567050	388926116	4862
567050	388926117	16
567050	388926118	8952
567050	388926119	40
567050	388926120	118
567050	388926121	321
567050	388926122	1178
567050	388926123	5413
567050	388926124	2
567050	388926125	37
567050	388926126	50547
567050	388926127	3
567050	388926128	455
567050	388926129	5
567050	388926130	12464
567050	388926131	76956
567050	388926132	15
567050	388926133	114
567050	388926134	1489
567050	388926135	5
567050	388926136	3978
567050	388926137	2
567050	388926138	37
567050	388926139	91487
567050	388926140	118
567050	388926141	4866
567050	388926142	15
567050	388926143	5214
567050	388926144	55
567050	388926145	3
567050	388926146	1259
567050	388926147	5172
567050	388926148	11
567050	388926149	3
567050	388926150	488
567050	388926151	5
567050	388926152	3
567050	388926153	4302
567050	388926154	51
567050	388926155	37606
567050	388926156	14
567050	388926157	2
567050	388926158	9102
567050	388926159	17836
567050	388926160	3
567050	388926161	5413
567050	388926162	51
567050	388926163	3445
567050	388926164	156
567050	388926165	130
567050	388926166	3
567050	388926167	4753
567050	388926168	49731
567050	388926169	1
567050	388926170	5
567050	388926171	1338
567050	388926172	7
567050	388926173	6937
567050	388926174	6
567050	388926175	979
567050	388926176	554
567050	388926177	33026
567050	388926178	582
567050	388926179	1
567050	388926180	51
567050	388926181	22
567050	388926182	943
567050	388926183	273
567050	388926184	14
567050	388926185	22
567050	388926186	24
567050	388926187	6196
567050	388926188	2
567050	388926189	37
567050	388926190	1512
567050	388926191	3
567050	388926192	61510
567050	388926193	4072
567050	388926194	4269
567050	388926195	4
567050	388926196	413353
567050	388926197	88986
567050	388926198	1
567050	388926199	4
567050	388926200	5
567050	388926201	1338
567050	388926202	16
567050	388926203	2048
567050	388926204	6
567050	388926205	3
567050	388926206	560
567050	388926207	7871
567050	388926208	92
567050	388926209	44
567050	388926210	10139
567050	388926211	29
567050	388926212	1520
567050	388926213	1
567050	388926214	218
567050	388926215	12
567050	388926216	251
567050	388926217	24
567050	388926218	9590
567050	388926219	1861357
567050	388926220	177
567050	388926221	603
567050	388926222	47
567050	388926223	9
567050	388926224	1490
567050	388926225	149
567050	388926226	5
567050	388926227	72127
567050	388926228	16
567050	388926229	5398
567050	388926230	11
567050	388926231	118
567050	388926232	4
567050	388926233	20222
567050	388926234	27777
567050	388926235	2
567050	388926236	4
567050	388926237	2576
567050	388926238	16
567050	388926239	857
567050	388926240	11
567050	388926241	1941
567050	388926242	15
567050	388926243	179
567050	388926244	3850
567050	388926245	6
567050	388926246	1970
567050	388926247	1
567050	388926248	54
567050	388926249	70
567050	388926250	86
567050	388926251	27690
567050	388926252	9
567050	388926253	2531
567050	388926254	1
567050	388926255	461
567050	388926256	54
567050	388926257	243
567050	388926258	16
567050	388926259	4477
567050	388926260	59
567050	388926261	107
567050	388926262	35376
567050	388926263	4354
567050	388926264	38334
567050	388926265	1
567050	388926266	335
567050	388926267	42
567050	388926268	59
567050	388926269	24
567050	388926270	107799
567050	388926271	107799
567050	388926272	107799
567050	388926273	107799
567050	388926274	107799
567050	388926275	107799
567050	388926276	107799
567050	388926277	107799
567050	388926278	107799
567050	388926279	107799
567050	388926280	10446
567050	388926281	2
567050	388926282	482
567050	388926283	996
567050	388926284	30215
567050	388926285	54
567050	388926286	9738
567050	388926287	1
567050	388926288	252
567050	388926289	14
567050	388926290	2922
567050	388926291	159
567050	388926292	3
567050	388926293	1587
567050	388926294	35505
567050	388926295	5
567050	388926296	4946
567050	388926297	17
567050	388926298	14
567050	388926299	996
567050	388926300	4612
567050	388926301	1
567050	388926302	1308
567050	388926303	15
567050	388926304	16
567050	388926305	4624
567050	388926306	5
567050	388926307	19035
567050	388926308	2
567050	388926309	127
567050	388926310	15597
567050	388926311	15
567050	388926312	16
567050	388926313	8421
567050	388926314	6
567050	388926315	864
567050	388926316	1
567050	388926317	47
567050	388926318	11225
567050	388926319	55
567050	388926320	44307
567050	388926321	45
567050	388926322	3
567050	388926323	379488
567050	388926324	6
567050	388926325	3
567050	388926326	1111
567050	388926327	2
567050	388926328	848
567050	388926329	379488
567050	388926330	12
567050	388926331	675
567050	388926332	9
567050	388926333	24100
567050	388926334	1620
567050	388926335	5
567050	388926336	14502
567050	388926337	11
567050	388926338	3
567050	388926339	11913
567050	388926340	6
567050	388926341	631
567050	388926342	1
567050	388926343	5
567050	388926344	1073
567050	388926345	9
567050	388926346	487
567050	388926347	64
567050	388926348	66
567050	388926349	1959
567050	388926350	2
567050	388926351	1890
567050	388926352	3
567050	388926353	1259
567050	388926354	11
567050	388926355	3
567050	388926356	488
567050	388926357	1
567050	388926358	3
567050	388926359	4
567050	388926360	1023
567050	388926361	1
567050	388926362	4817
567050	388926363	1
567050	388926364	1413
567050	388926365	1
567050	388926366	705
567050	388926367	1
567050	388926368	2166
567050	388926369	1
567050	388926370	8266
567050	388926371	1
567050	388926372	4432
567050	388926373	1
567050	388926374	4
567050	388926375	59
567050	388926376	16714
567050	388926377	45
567050	388926378	66
567050	388926379	142
567050	388926380	2901
567050	388926381	1014
567050	388926382	11474
567050	388926383	1
567050	388926384	5
567050	388926385	1014
567050	388926386	11474
567050	388926387	12250
567050	388926388	15
567050	388926389	3
567050	388926390	1398
567050	388926391	6
567050	388926392	3
567050	388926393	1111
567050	388926394	26
567050	388926395	5
567050	388926396	854
567050	388926397	3
567050	388926398	1111
567050	388926399	91
567050	388926400	115
567050	388926401	1
567050	388926402	22
567050	388926403	17274
567050	388926404	11
567050	388926405	118
567050	388926406	4757
567050	388926407	108
567050	388926408	179
567050	388926409	5
567050	388926410	164
567050	388926411	3009
567050	388926412	20247
567050	388926413	6
567050	388926414	3
567050	388926415	1259
567050	388926416	2812
567050	388926417	2
567050	388926418	178
567050	388926419	118
567050	388926420	1398
567050	388926421	41
567050	388926422	3359
567050	388926423	1
567050	388926424	14
567050	388926425	44
567050	388926426	11261
567050	388926427	631
567050	388926428	15
567050	388926429	118
567050	388926430	2154684
567050	388926431	5
567050	388926432	299
567050	388926433	94
567050	388926434	28
567050	388926435	111637
567050	388926436	9471
567050	388926437	1
567050	388926438	1173
567050	388926439	2251
567050	388926440	7
567050	388926441	3261
567050	388926442	239
567050	388926443	7
567050	388926444	2276
567050	388926445	1
567050	388926446	518
567050	388926447	50
567050	388926448	5890
567050	388926449	15
567050	388926450	2862
567050	388926451	2867
567050	388926452	2
567050	388926453	75
567050	388926454	104
567050	388926455	14
567050	388926456	22
567050	388926457	10774
567050	388926458	1
567050	388926459	3
567050	388926460	1111
567050	388926461	3086
567050	388926462	3
567050	388926463	2537
567050	388926464	6
567050	388926465	631
567050	388926466	1
567050	388926467	13823
567050	388926468	37909
567050	388926469	588
567050	388926470	257
567050	388926471	107799
567050	388926472	107799
567050	388926473	107799
567050	388926474	107799
567050	388926475	107799
567050	388926476	107799
567050	388926477	107799
567050	388926478	107799
567050	388926479	107799
567050	388926480	107799
567050	388926481	15851
567050	388926482	1
567050	388926483	38
567050	388926484	24
567050	388926485	11022
567050	388926486	9
567050	388926487	13184
567050	388926488	4140
567050	388926489	4282
567050	388926490	9
567050	388926491	2544
567050	388926492	118
567050	388926493	142
567050	388926494	13283
567050	388926495	2
567050	388926496	848
567050	388926497	4477
567050	388926498	6707
567050	388926499	159
567050	388926500	3
567050	388926501	2797
567050	388926502	5
567050	388926503	59
567050	388926504	194
567050	388926505	64672
567050	388926506	11
567050	388926507	3
567050	388926508	10814
567050	388926509	6
567050	388926510	2607
567050	388926511	5
567050	388926512	22787
567050	388926513	2
567050	388926514	673
567050	388926515	58775
567050	388926516	20206
567050	388926517	2055
567050	388926518	117
567050	388926519	25
567050	388926520	4
567050	388926521	240260
567050	388926522	1
567050	388926523	390
567050	388926524	45
567050	388926525	500
567050	388926526	1
567050	388926527	48026
567050	388926528	86
567050	388926529	5092
567050	388926530	9
567050	388926531	89500
567050	388926532	1
567050	388926533	55
567050	388926534	28883
567050	388926535	7
567050	388926536	864
567050	388926537	2
567050	388926538	4207
567050	388926539	2225372
567050	388926540	22
567050	388926541	24
567050	388926542	50
567050	388926543	1596
567050	388926544	1
567050	388926545	39460
567050	388926546	85
567050	388926547	96974
567050	388926548	6
567050	388926549	6974
567050	388926550	390
567050	388926551	1120
567050	388926552	47
567050	388926553	2313888
567050	388926554	105622
567050	388926555	1
567050	388926556	38
567050	388926557	14
567050	388926558	22
567050	388926559	7
567050	388926560	254
567050	388926561	858
567050	388926562	55
567050	388926563	2421176
567050	388926564	2759
567050	388926565	1
567050	388926566	7
567050	388926567	1018
567050	388926568	3124586
567050	388926569	1
567050	388926570	4603
567050	388926571	254
567050	388926572	1398
567050	388926573	198
567050	388926574	10592
567050	388926575	2
567050	388926576	4
567050	388926577	5772
567050	388926578	50646
567050	388926579	1
567050	388926580	43936
567050	388926581	2
567050	388926582	59977
567050	388926583	5772
567050	388926584	12186
567050	388926585	1
567050	388926586	11857
567050	388926587	1
567050	388926588	11952
567050	388926589	2
567050	388926590	685
567050	388926591	43
567050	388926592	54
567050	388926593	13353
567050	388926594	1
567050	388926595	14
567050	388926596	22
567050	388926597	439
567050	388926598	25
567050	388926599	240260
567050	388926600	61
567050	388926601	24
567050	388926602	31368
567050	388926603	3
567050	388926604	3068
567050	388926605	6
567050	388926606	864
567050	388926607	1
567050	388926608	100
567050	388926609	3007
567050	388926610	8029
567050	388926611	1566
567050	388926612	65
567050	388926613	631
567050	388926614	99
567050	388926615	5782
567050	388926616	11
567050	388926617	2618
567050	388926618	38548
567050	388926619	5
567050	388926620	3105200
567050	388926621	61
567050	388926622	42
567050	388926623	1
567050	388926624	70106
567050	388926625	130
567050	388926626	3
567050	388926627	5819
567050	388926628	14493
567050	388926629	51
567050	388926630	3
567050	388926631	240260
567050	388926632	3
567050	388926633	379488
567050	388926634	6
567050	388926635	43
567050	388926636	10944
567050	388926637	3130
567050	388926638	1270
567050	388926639	3
567050	388926640	1111
567050	388926641	3105
567050	388926642	15
567050	388926643	179
567050	388926644	2618
567050	388926645	3988
567050	388926646	6
567050	388926647	631
567050	388926648	2
567050	388926649	52
567050	388926650	22
567050	388926651	976
567050	388926652	8310
567050	388926653	3772
567050	388926654	9
567050	388926655	495
567050	388926656	6
567050	388926657	3
567050	388926658	1111
567050	388926659	304
567050	388926660	51325
567050	388926661	3
567050	388926662	3068
567050	388926663	6
567050	388926664	7
567050	388926665	77
567050	388926666	36
567050	388926667	864
567050	388926668	1
567050	388926669	47
567050	388926670	14
567050	388926671	44
567050	388926672	107799
567050	388926673	107799
567050	388926674	107799
567050	388926675	107799
567050	388926676	107799
567050	388926677	107799
567050	388926678	107799
567050	388926679	107799
567050	388926680	107799
567050	388926681	107799
567050	388926682	2
567050	388926683	75
567050	388926684	361
567050	388926685	3
567050	388926686	582
567050	388926687	22
567050	388926688	1
567050	388926689	65
567050	388926690	22
567050	388926691	3
567050	388926692	2887
567050	388926693	5172
567050	388926694	11
567050	388926695	16
567050	388926696	864
567050	388926697	1
567050	388926698	55
567050	388926699	65
567050	388926700	11
567050	388926701	864
567050	388926702	99
567050	388926703	12586
567050	388926704	55
567050	388926705	3
567050	388926706	18607
567050	388926707	1
567050	388926708	46986
567050	388926709	4578
567050	388926710	55
567050	388926711	33845
567050	388926712	1
567050	388926713	54
567050	388926714	61
567050	388926715	24
567050	388926716	6385
567050	388926717	9
567050	388926718	180
567050	388926719	25
567050	388926720	14
567050	388926721	22
567050	388926722	2058
567050	388926723	5174
567050	388926724	2
567050	388926725	201
567050	388926726	673
567050	388926727	58775
567050	388926728	37347
567050	388926729	14142
567050	388926730	1
567050	388926731	5258
567050	388926732	1
567050	388926733	5
567050	388926734	1762
567050	388926735	2
567050	388926736	75
567050	388926737	361
567050	388926738	12
567050	388926739	79607
567050	388926740	3
567050	388926741	6974
567050	388926742	6
567050	388926743	3
567050	388926744	1111
567050	388926745	15
567050	388926746	12473
567050	388926747	1
567050	388926748	264168
567050	388926749	2662
567050	388926750	92
567050	388926751	11569
567050	388926752	74
567050	388926753	3
567050	388926754	29462
567050	388926755	2974
567050	388926756	6
567050	388926757	631
567050	388926758	1
567050	388926759	12
567050	388926760	37697
567050	388926761	3
567050	388926762	455
567050	388926763	25
567050	388926764	121
567050	388926765	59
567050	388926766	10198
567050	388926767	51
567050	388926768	5148
567050	388926769	5
567050	388926770	1859
567050	388926771	306
567050	388926772	1
567050	388926773	24
567050	388926774	45
567050	388926775	66
567050	388926776	4757
567050	388926777	108
567050	388926778	631
567050	388926779	143
567050	388926780	1
567050	388926781	38
567050	388926782	47
567050	388926783	27109
567050	388926784	51
567050	388926785	59
567050	388926786	8236
567050	388926787	877
567050	388926788	25434
567050	388926789	2344
567050	388926790	15
567050	388926791	3
567050	388926792	77
567050	388926793	149
567050	388926794	26
567050	388926795	25
567050	388926796	121
567050	388926797	59
567050	388926798	9675
567050	388926799	5
567050	388926800	3853
567050	388926801	24
567050	388926802	143
567050	388926803	6
567050	388926804	3
567050	388926805	6123
567050	388926806	55
567050	388926807	6
567050	388926808	3
567050	388926809	14010
567050	388926810	1
567050	388926811	38
567050	388926812	37085
567050	388926813	6
567050	388926814	3
567050	388926815	1111
567050	388926816	578
567050	388926817	1
567050	388926818	900
567050	388926819	7
567050	388926820	6995
567050	388926821	715
567050	388926822	15
567050	388926823	187
567050	388926824	185
567050	388926825	11071
567050	388926826	45
567050	388926827	51
567050	388926828	3
567050	388926829	1596
567050	388926830	6
567050	388926831	3
567050	388926832	204
567050	388926833	13642
567050	388926834	3
567050	388926835	864
567050	388926836	1
567050	388926837	5
567050	388926838	3
567050	388926839	2345
567050	388926840	6
567050	388926841	50
567050	388926842	380
567050	388926843	3086
567050	388926844	7
567050	388926845	2968
567050	388926846	1272
567050	388926847	22490
567050	388926848	22531
567050	388926849	5
567050	388926850	3389
567050	388926851	1
567050	388926852	51
567050	388926853	675
567050	388926854	55
567050	388926855	61819
567050	388926856	3
567050	388926857	77
567050	388926858	1
567050	388926859	51
567050	388926860	47255
567050	388926861	55
567050	388926862	53822
567050	388926863	16
567050	388926864	4379
567050	388926865	2
567050	388926866	31
567050	388926867	455
567050	388926868	22
567050	388926869	34153
567050	388926870	11
567050	388926871	114
567050	388926872	17885
567050	388926873	107799
567050	388926874	107799
567050	388926875	107799
567050	388926876	107799
567050	388926877	107799
567050	388926878	107799
567050	388926879	107799
567050	388926880	107799
567050	388926881	107799
567050	388926882	107799
567050	388926883	3978
567050	388926884	2
567050	388926885	52
567050	388926886	22
567050	388926887	439
567050	388926888	11
567050	388926889	164
567050	388926890	23929
567050	388926891	96
567050	388926892	3
567050	388926893	11953
567050	388926894	5
567050	388926895	27254
567050	388926896	2
567050	388926897	1344
567050	388926898	673
567050	388926899	58775
567050	388926900	24
567050	388926901	15878
567050	388926902	43
567050	388926903	455
567050	388926904	1
567050	388926905	12
567050	388926906	44
567050	388926907	24
567050	388926908	63
567050	388926909	1335
567050	388926910	3
567050	388926911	4432
567050	388926912	55
567050	388926913	864
567050	388926914	11
567050	388926915	177
567050	388926916	19776
567050	388926917	7
567050	388926918	4599
567050	388926919	17
567050	388926920	3
567050	388926921	27653
567050	388926922	1
567050	388926923	5
567050	388926924	221
567050	388926925	9
567050	388926926	14820
567050	388926927	149
567050	388926928	11
567050	388926929	7
567050	388926930	3293
567050	388926931	32289
567050	388926932	17
567050	388926933	16
567050	388926934	1787
567050	388926935	8952
567050	388926936	4269
567050	388926937	3
567050	388926938	1111
567050	388926939	2
567050	388926940	474
567050	388926941	191
567050	388926942	434
567050	388926943	1
567050	388926944	12
567050	388926945	44
567050	388926946	379
567050	388926947	63
567050	388926948	7230
567050	388926949	16
567050	388926950	8952
567050	388926951	6
567050	388926952	3
567050	388926953	1111
567050	388926954	40
567050	388926955	3981
567050	388926956	9795
567050	388926957	2
567050	388926958	848
567050	388926959	9795
567050	388926960	59
567050	388926961	1
567050	388926962	25
567050	388926963	224
567050	388926964	1
567050	388926965	7290
567050	388926966	1
567050	388926967	3
567050	388926968	727
567050	388926969	6
567050	388926970	114
567050	388926971	240260
567050	388926972	1
567050	388926973	1337
567050	388926974	9
567050	388926975	1159
567050	388926976	3
567050	388926977	4432
567050	388926978	55
567050	388926979	864
567050	388926980	17
567050	388926981	3
567050	388926982	1272
567050	388926983	6
567050	388926984	1259
567050	388926985	966
567050	388926986	25
567050	388926987	121
567050	388926988	22
567050	388926989	86
567050	388926990	2887
567050	388926991	5172
567050	388926992	11
567050	388926993	53
567050	388926994	1
567050	388926995	4633
567050	388926996	389
567050	388926997	51
567050	388926998	43
567050	388926999	864
567050	388927000	2311994
567050	388927001	2
567050	388927002	178
567050	388927003	1221
567050	388927004	1
567050	388927005	3
567050	388927006	864
567050	388927007	578
567050	388927008	22
567050	388927009	24
567050	388927010	1620
567050	388927011	10864
567050	388927012	33
567050	388927013	3
567050	388927014	1111
567050	388927015	1
567050	388927016	179
567050	388927017	25761
567050	388927018	25443
567050	388927019	6974
567050	388927020	6
567050	388927021	1111
567050	388927022	59
567050	388927023	757
567050	388927024	275
567050	388927025	3
567050	388927026	13919
567050	388927027	6
567050	388927028	631
567050	388927029	5
567050	388927030	13133
567050	388927031	3
567050	388927032	966
567050	388927033	6
567050	388927034	1077
567050	388927035	5
567050	388927036	1164
567050	388927037	2
567050	388927038	75
567050	388927039	567
567050	388927040	14
567050	388927041	30
567050	388927042	255
567050	388927043	25
567050	388927044	11
567050	388927045	187
567050	388927046	12289
567050	388927047	9004
567050	388927048	6974
567050	388927049	1
567050	388927050	43
567050	388927051	16985
567050	388927052	1
567050	388927053	210672
567050	388927054	1
567050	388927055	250650
567050	388927056	864
567050	388927057	1
567050	388927058	22
567050	388927059	19405
567050	388927060	5
567050	388927061	7616
567050	388927062	1
567050	388927063	5
567050	388927064	3
567050	388927065	2017
567050	388927066	24900
567050	388927067	1
567050	388927068	218
567050	388927069	1869
567050	388927070	22
567050	388927071	261
567050	388927072	15
567050	388927073	3
567050	388927074	107799
567050	388927075	107799
567050	388927076	107799
567050	388927077	107799
567050	388927078	107799
567050	388927079	107799
567050	388927080	107799
567050	388927081	107799
567050	388927082	107799
567050	388927083	107799
567050	388927084	631
567050	388927085	900
567050	388927086	17902
567050	388927087	5
567050	388927088	23348
567050	388927089	15
567050	388927090	114
567050	388927091	18991
567050	388927092	24189
567050	388927093	1
567050	388927094	5
567050	388927095	3
567050	388927096	5172
567050	388927097	6
567050	388927098	3
567050	388927099	10944
567050	388927100	51
567050	388927101	2068
567050	388927102	117
567050	388927103	3682
567050	388927104	20
567050	388927105	53
567050	388927106	64
567050	388927107	1
567050	388927108	1786
567050	388927109	130
567050	388927110	3
567050	388927111	864
567050	388927112	51
567050	388927113	42
567050	388927114	83937
567050	388927115	5
567050	388927116	15917
567050	388927117	2
567050	388927118	1203890
567050	388927119	127
567050	388927120	446
567050	388927121	1883
567050	388927122	263
567050	388927123	3
567050	388927124	1767
567050	388927125	6
567050	388927126	2002
567050	388927127	47
567050	388927128	11136
567050	388927129	15
567050	388927130	3
567050	388927131	455
567050	388927132	6
567050	388927133	3389
567050	388927134	2
567050	388927135	311
567050	388927136	254
567050	388927137	2760
567050	388927138	6
567050	388927139	1200
567050	388927140	102
567050	388927141	20464
567050	388927142	500
567050	388927143	1
567050	388927144	5
567050	388927145	254
567050	388927146	13247
567050	388927147	59
567050	388927148	3369
567050	388927149	2
567050	388927150	31
567050	388927151	2623
567050	388927152	1955
567050	388927153	45
567050	388927154	14842
567050	388927155	4113
567050	388927156	6
567050	388927157	3
567050	388927158	1111
567050	388927159	2917229
567050	388927160	11
567050	388927161	3
567050	388927162	4302
567050	388927163	1
567050	388927164	92
567050	388927165	4
567050	388927166	203
567050	388927167	11
567050	388927168	3
567050	388927169	631
567050	388927170	6
567050	388927171	1272
567050	388927172	22
567050	388927173	39419
567050	388927174	15
567050	388927175	66
567050	388927176	3091
567050	388927177	969
567050	388927178	2
567050	388927179	4
567050	388927180	4
567050	388927181	104746
567050	388927182	53
567050	388927183	540
567050	388927184	3713
567050	388927185	152
567050	388927186	46745
567050	388927187	1
567050	388927188	4
567050	388927189	4
567050	388927190	42
567050	388927191	59
567050	388927192	24
567050	388927193	9959
567050	388927194	263
567050	388927195	113
567050	388927196	4730
567050	388927197	2254
567050	388927198	55
567050	388927199	110092
567050	388927200	6
567050	388927201	49731
567050	388927202	2
567050	388927203	4
567050	388927204	4
567050	388927205	31
567050	388927206	1111
567050	388927207	1
567050	388927208	3
567050	388927209	77
567050	388927210	149
567050	388927211	257
567050	388927212	7
567050	388927213	524
567050	388927214	1
567050	388927215	22
567050	388927216	54893
567050	388927217	143
567050	388927218	11
567050	388927219	7
567050	388927220	2887
567050	388927221	106
567050	388927222	26
567050	388927223	3784
567050	388927224	2951
567050	388927225	1
567050	388927226	45
567050	388927227	2397
567050	388927228	1
567050	388927229	521
567050	388927230	1
567050	388927231	1869
567050	388927232	1
567050	388927233	752
567050	388927234	1
567050	388927235	46
567050	388927236	51
567050	388927237	33382
567050	388927238	8696
567050	388927239	55
567050	388927240	18979
567050	388927241	2
567050	388927242	67
567050	388927243	43
567050	388927244	128
567050	388927245	1
567050	388927246	33382
567050	388927247	7
567050	388927248	123953
567050	388927249	10344
567050	388927250	79
567050	388927251	34175
567050	388927252	1069597
567050	388927253	1
567050	388927254	5
567050	388927255	43
567050	388927256	7
567050	388927257	524
567050	388927258	6
567050	388927259	1995633
567050	388927260	1
567050	388927261	210
567050	388927262	51
567050	388927263	3
567050	388927264	5269
567050	388927265	41
567050	388927266	12261
567050	388927267	1
567050	388927268	1861336
567050	388927269	524
567050	388927270	6
567050	388927271	1995633
567050	388927272	1
567050	388927273	14
567050	388927274	80
567050	388927275	107799
567050	388927276	107799
567050	388927277	107799
567050	388927278	107799
567050	388927279	107799
567050	388927280	107799
567050	388927281	107799
567050	388927282	107799
567050	388927283	107799
567050	388927284	107799
567050	388927285	1
567050	388927286	5
567050	388927287	805
567050	388927288	451
567050	388927289	91
567050	388927290	772
567050	388927291	13542
567050	388927292	148
567050	388927293	1
567050	388927294	373
567050	388927295	165
567050	388927296	7
567050	388927297	524
567050	388927298	1
567050	388927299	3
567050	388927300	959
567050	388927301	80
567050	388927302	24
567050	388927303	9884
567050	388927304	1084
567050	388927305	14
567050	388927306	2
567050	388927307	4
567050	388927308	78
567050	388927309	15228
567050	388927310	14885
567050	388927311	2
567050	388927312	79
567050	388927313	341
567050	388927314	3
567050	388927315	582
567050	388927316	642
567050	388927317	2607
567050	388927318	22
567050	388927319	9
567050	388927320	5431
567050	388927321	1
567050	388927322	3393634
567050	388927323	99
567050	388927324	203
567050	388927325	9
567050	388927326	115
567050	388927327	2
567050	388927328	52
567050	388927329	91
567050	388927330	63
567050	388927331	86
567050	388927332	618
567050	388927333	4866
567050	388927334	15
567050	388927335	14
567050	388927336	1
567050	388927337	14753
567050	388927338	9
567050	388927339	7629
567050	388927340	55
567050	388927341	24
567050	388927342	9
567050	388927343	7629
567050	388927344	1
567050	388927345	3
567050	388927346	4165
567050	388927347	73
567050	388927348	59
567050	388927349	568
567050	388927350	361
567050	388927351	7127
567050	388927352	9
567050	388927353	26118
567050	388927354	2
567050	388927355	201
567050	388927356	22
567050	388927357	13657
567050	388927358	17
567050	388927359	3
567050	388927360	185
567050	388927361	8952
567050	388927362	6
567050	388927363	16
567050	388927364	2067
567050	388927365	1
567050	388927366	25
567050	388927367	3
567050	388927368	10944
567050	388927369	11
567050	388927370	77
567050	388927371	22
567050	388927372	6874
567050	388927373	2
567050	388927374	37
567050	388927375	31417
567050	388927376	640
567050	388927377	1
567050	388927378	9
567050	388927379	5134
567050	388927380	25
567050	388927381	4
567050	388927382	14
567050	388927383	198
567050	388927384	1
567050	388927385	599
567050	388927386	6858
567050	388927387	25
567050	388927388	2183
567050	388927389	1
567050	388927390	30
567050	388927391	3
567050	388927392	747
567050	388927393	1500
567050	388927394	578
567050	388927395	6
567050	388927396	1250
567050	388927397	9
567050	388927398	8876
567050	388927399	16
567050	388927400	2936
567050	388927401	11
567050	388927402	3
567050	388927403	1545
567050	388927404	1
567050	388927405	45
567050	388927406	8078
567050	388927407	53
567050	388927408	50
567050	388927409	6470
567050	388927410	6
567050	388927411	3
567050	388927412	5033
567050	388927413	1
567050	388927414	11
567050	388927415	51
567050	388927416	15
567050	388927417	580
567050	388927418	66
567050	388927419	2668
567050	388927420	26
567050	388927421	1996
567050	388927422	53
567050	388927423	62
567050	388927424	128
567050	388927425	156
567050	388927426	130
567050	388927427	118
567050	388927428	4315
567050	388927429	45
567050	388927430	7
567050	388927431	15098
567050	388927432	3675
567050	388927433	1
567050	388927434	9
567050	388927435	21430
567050	388927436	14
567050	388927437	1861343
567050	388927438	50
567050	388927439	3584
567050	388927440	5
567050	388927441	1225
567050	388927442	14139
567050	388927443	25389
567050	388927444	4461
567050	388927445	2
567050	388927446	4
567050	388927447	341
567050	388927448	179
567050	388927449	302
567050	388927450	12
567050	388927451	33335
567050	388927452	50
567050	388927453	26613
567050	388927454	25
567050	388927455	12
567050	388927456	44111
567050	388927457	32
567050	388927458	3
567050	388927459	1164
567050	388927460	92
567050	388927461	5703
567050	388927462	9
567050	388927463	1330
567050	388927464	198
567050	388927465	30
567050	388927466	6955
567050	388927467	11
567050	388927468	3
567050	388927469	2002
567050	388927470	6
567050	388927471	188
567050	388927472	63626
567050	388927473	4
567050	388927474	524
567050	388927475	1
567050	388927476	107799
567050	388927477	107799
567050	388927478	107799
567050	388927479	107799
567050	388927480	107799
567050	388927481	107799
567050	388927482	107799
567050	388927483	107799
567050	388927484	107799
567050	388927485	107799
567050	388927486	235
567050	388927487	766
567050	388927488	3
567050	388927489	6470
567050	388927490	6
567050	388927491	3
567050	388927492	5033
567050	388927493	2
567050	388927494	37
567050	388927495	87634
567050	388927496	25
567050	388927497	345
567050	388927498	17956
567050	388927499	86
567050	388927500	1816
567050	388927501	6
567050	388927502	2324514
567050	388927503	12
567050	388927504	22
567050	388927505	11
567050	388927506	86
567050	388927507	602
567050	388927508	3682
567050	388927509	20
567050	388927510	118
567050	388927511	9635
567050	388927512	1
567050	388927513	2575
567050	388927514	177
567050	388927515	586
567050	388927516	47
567050	388927517	14
567050	388927518	4145
567050	388927519	156
567050	388927520	130
567050	388927521	3
567050	388927522	455
567050	388927523	92
567050	388927524	165
567050	388927525	2936
567050	388927526	13568
567050	388927527	2
567050	388927528	37
567050	388927529	251
567050	388927530	24
567050	388927531	36248
567050	388927532	43
567050	388927533	26613
567050	388927534	15
567050	388927535	77
567050	388927536	1
567050	388927537	38
567050	388927538	922084
567050	388927539	79
567050	388927540	115957
567050	388927541	14
567050	388927542	1
567050	388927543	47
567050	388927544	12
567050	388927545	22
567050	388927546	3989
567050	388927547	768
567050	388927548	1
567050	388927549	17
567050	388927550	64
567050	388927551	12650
567050	388927552	1
567050	388927553	15
567050	388927554	188
567050	388927555	1037
567050	388927556	6
567050	388927557	63626
567050	388927558	2002
567050	388927559	2
567050	388927560	9102
567050	388927561	3046
567050	388927562	3
567050	388927563	552
567050	388927564	20
567050	388927565	14
567050	388927566	1
567050	388927567	24
567050	388927568	11
567050	388927569	113
567050	388927570	89533
567050	388927571	9
567050	388927572	256838
567050	388927573	188948
567050	388927574	55
567050	388927575	25813
567050	388927576	1
567050	388927577	38
567050	388927578	952
567050	388927579	11
567050	388927580	3
567050	388927581	4
567050	388927582	3853
567050	388927583	1898968
567050	388927584	4
567050	388927585	2498372
567050	388927586	51
567050	388927587	3
567050	388927588	7752
567050	388927589	38
567050	388927590	16274
567050	388927591	131
567050	388927592	6218
567050	388927593	2052
567050	388927594	2
567050	388927595	1861323
567050	388927596	4
567050	388927597	17226
567050	388927598	146779
567050	388927599	13191
567050	388927600	1
567050	388927601	4495
567050	388927602	1169
567050	388927603	366
567050	388927604	11
567050	388927605	345
567050	388927606	36
567050	388927607	6321
567050	388927608	47
567050	388927609	42
567050	388927610	91
567050	388927611	30
567050	388927612	11
567050	388927613	3
567050	388927614	24631
567050	388927615	6
567050	388927616	66
567050	388927617	8998
567050	388927618	1
567050	388927619	3415
567050	388927620	45
567050	388927621	236
567050	388927622	224
567050	388927623	209
567050	388927624	47
567050	388927625	618
567050	388927626	15
567050	388927627	37571
567050	388927628	53
567050	388927629	15
567050	388927630	1189
567050	388927631	6
567050	388927632	6761
567050	388927633	5
567050	388927634	1151
567050	388927635	53
567050	388927636	40
567050	388927637	3
567050	388927638	68477
567050	388927639	6
567050	388927640	2607
567050	388927641	1
567050	388927642	54
567050	388927643	223
567050	388927644	3083
567050	388927645	172
567050	388927646	148
567050	388927647	1
567050	388927648	469
567050	388927649	3
567050	388927650	455
567050	388927651	6
567050	388927652	66
567050	388927653	1614
567050	388927654	2002
567050	388927655	1
567050	388927656	5
567050	388927657	66
567050	388927658	2238
567050	388927659	304
567050	388927660	1901
567050	388927661	55
567050	388927662	2936
567050	388927663	1
567050	388927664	42
567050	388927665	59
567050	388927666	11
567050	388927667	7
567050	388927668	1421
567050	388927669	1944630
567050	388927670	1
567050	388927671	148
567050	388927672	23989
567050	388927673	66
567050	388927674	568
567050	388927675	13123
567050	388927676	74
567050	388927677	107799
567050	388927678	107799
567050	388927679	107799
567050	388927680	107799
567050	388927681	107799
567050	388927682	107799
567050	388927683	107799
567050	388927684	107799
567050	388927685	107799
567050	388927686	107799
567050	388927687	1
567050	388927688	3
567050	388927689	8406
567050	388927690	59
567050	388927691	82487
567050	388927692	1
567050	388927693	253
567050	388927694	7127
567050	388927695	47
567050	388927696	127779
567050	388927697	14
567050	388927698	22
567050	388927699	618
567050	388927700	25
567050	388927701	42
567050	388927702	135
567050	388927703	26118
567050	388927704	26
567050	388927705	4215
567050	388927706	52584
567050	388927707	11
567050	388927708	7
567050	388927709	1421
567050	388927710	1944630
567050	388927711	1
567050	388927712	14
567050	388927713	22
567050	388927714	568
567050	388927715	25
567050	388927716	42
567050	388927717	151
567050	388927718	80
567050	388927719	26118
567050	388927720	2
567050	388927721	438
567050	388927722	3
567050	388927723	152
567050	388927724	121
567050	388927725	91
567050	388927726	30
567050	388927727	86
567050	388927728	6237
567050	388927729	1
567050	388927730	14
567050	388927731	2776
567050	388927732	40
567050	388927733	3
567050	388927734	8421
567050	388927735	6
567050	388927736	1970
567050	388927737	1
567050	388927738	77134
567050	388927739	72321
567050	388927740	3374394
567050	388927741	1
567050	388927742	148
567050	388927743	9
567050	388927744	136956
567050	388927745	14
567050	388927746	22
567050	388927747	618
567050	388927748	1
567050	388927749	5
567050	388927750	191
567050	388927751	1
567050	388927752	379
567050	388927753	1
567050	388927754	14
567050	388927755	22
567050	388927756	618
567050	388927757	25
567050	388927758	14
567050	388927759	198
567050	388927760	30
567050	388927761	1829
567050	388927762	15465
567050	388927763	2
567050	388927764	685
567050	388927765	3
567050	388927766	2289
567050	388927767	1
567050	388927768	46
567050	388927769	4
567050	388927770	6
567050	388927771	2936
567050	388927772	11
567050	388927773	3853
567050	388927774	1898968
567050	388927775	1
567050	388927776	4
567050	388927777	14
567050	388927778	379
567050	388927779	198
567050	388927780	30
567050	388927781	568
567050	388927782	25
567050	388927783	90
567050	388927784	80
567050	388927785	1330
567050	388927786	26
567050	388927787	5
567050	388927788	14
567050	388927789	198
567050	388927790	30
567050	388927791	568
567050	388927792	25
567050	388927793	398
567050	388927794	80
567050	388927795	24
567050	388927796	1330
567050	388927797	1
567050	388927798	5
567050	388927799	288
567050	388927800	19
567050	388927801	252
567050	388927802	218
567050	388927803	121
567050	388927804	22
567050	388927805	7
567050	388927806	3335
567050	388927807	6
567050	388927808	1995633
567050	388927809	1
567050	388927810	121
567050	388927811	22
567050	388927812	7
567050	388927813	3335
567050	388927814	6
567050	388927815	5269
567050	388927816	2
567050	388927817	75
567050	388927818	3
567050	388927819	4
567050	388927820	1421
567050	388927821	1944630
567050	388927822	1
567050	388927823	4
567050	388927824	198
567050	388927825	14820
567050	388927826	3
567050	388927827	5703
567050	388927828	25
567050	388927829	776
567050	388927830	80
567050	388927831	8186
567050	388927832	2
567050	388927833	3872
567050	388927834	1
567050	388927835	5
567050	388927836	14
567050	388927837	198
567050	388927838	24
567050	388927839	2
567050	388927840	462
567050	388927841	180
567050	388927842	55
567050	388927843	9
567050	388927844	213
567050	388927845	25
567050	388927846	14
567050	388927847	131
567050	388927848	1
567050	388927849	22
567050	388927850	9
567050	388927851	1300
567050	388927852	156
567050	388927853	130
567050	388927854	3
567050	388927855	6527
567050	388927856	6
567050	388927857	4
567050	388927858	1970
567050	388927859	4
567050	388927860	74
567050	388927861	3
567050	388927862	6527
567050	388927863	6
567050	388927864	2802
567050	388927865	2
567050	388927866	52
567050	388927867	22
567050	388927868	9
567050	388927869	9079
567050	388927870	4269
567050	388927871	3
567050	388927872	4
567050	388927873	10944
567050	388927874	4
567050	388927875	206
567050	388927876	621
567050	388927877	14
567050	388927878	107799
567050	388927879	107799
567050	388927880	107799
567050	388927881	107799
567050	388927882	107799
567050	388927883	107799
567050	388927884	107799
567050	388927885	107799
567050	388927886	107799
567050	388927887	107799
567050	388927888	11
567050	388927889	3
567050	388927890	3178
567050	388927891	1
567050	388927892	40
567050	388927893	3
567050	388927894	573
567050	388927895	857
567050	388927896	51
567050	388927897	4
567050	388927898	2936
567050	388927899	4
567050	388927900	23829
567050	388927901	45
567050	388927902	3
567050	388927903	2188
567050	388927904	6
567050	388927905	66
567050	388927906	1421
567050	388927907	74
567050	388927908	3
567050	388927909	2013
567050	388927910	1
567050	388927911	51
567050	388927912	66852
567050	388927913	15
567050	388927914	4
567050	388927915	209
567050	388927916	2
567050	388927917	4
567050	388927918	4
567050	388927919	75
567050	388927920	13
567050	388927921	2701
567050	388927922	3
567050	388927923	8079
567050	388927924	11
567050	388927925	3
567050	388927926	1898968
567050	388927927	3853
567050	388927928	8
567050	388927929	4
567050	388927930	331
567050	388927931	11
567050	388927932	3
567050	388927933	15513
567050	388927934	26
567050	388927935	38
567050	388927936	65
567050	388927937	22
567050	388927938	433
567050	388927939	15
567050	388927940	3
567050	388927941	940
567050	388927942	1
567050	388927943	54
567050	388927944	61
567050	388927945	24
567050	388927946	1071
567050	388927947	3
567050	388927948	28856
567050	388927949	6
567050	388927950	1970
567050	388927951	2
567050	388927952	127
567050	388927953	2546
567050	388927954	259
567050	388927955	239
567050	388927956	3
567050	388927957	46048
567050	388927958	9
567050	388927959	26118
567050	388927960	3
567050	388927961	455
567050	388927962	25
567050	388927963	179
567050	388927964	4
567050	388927965	2936
567050	388927966	4
567050	388927967	59
567050	388927968	24
567050	388927969	998
567050	388927970	31829
567050	388927971	17
567050	388927972	10944
567050	388927973	4
567050	388927974	1970
567050	388927975	1
567050	388927976	4
567050	388927977	38
567050	388927978	59
567050	388927979	379
567050	388927980	4
567050	388927981	1448
567050	388927982	146779
567050	388927983	13191
567050	388927984	1
567050	388927985	4495
567050	388927986	1169
567050	388927987	366
567050	388927988	11
567050	388927989	345
567050	388927990	36
567050	388927991	6321
567050	388927992	47
567050	388927993	42
567050	388927994	91
567050	388927995	30
567050	388927996	1
567050	388927997	4
567050	388927998	148
567050	388927999	177
567050	388928000	586
567050	388928001	47
567050	388928002	8998
567050	388928003	22
567050	388928004	2746
567050	388928005	1
567050	388928006	4
567050	388928007	8029
567050	388928008	1566
567050	388928009	113
567050	388928010	864
567050	388928011	1614
567050	388928012	11
567050	388928013	1398
567050	388928014	1
567050	388928015	4
567050	388928016	42
567050	388928017	59
567050	388928018	4
567050	388928019	146779
567050	388928020	1049
567050	388928021	1
567050	388928022	17
567050	388928023	64
567050	388928024	5049
567050	388928025	53514
567050	388928026	11
567050	388928027	1553
567050	388928028	1
567050	388928029	9
567050	388928030	1342
567050	388928031	72
567050	388928032	11
567050	388928033	7
567050	388928034	1094
567050	388928035	1163
567050	388928036	2
567050	388928037	4
567050	388928038	127
567050	388928039	61
567050	388928040	24
567050	388928041	1071
567050	388928042	25
567050	388928043	673
567050	388928044	3292952
567050	388928045	20206
567050	388928046	217564
567050	388928047	3
567050	388928048	20670
567050	388928049	1
567050	388928050	25
567050	388928051	7
567050	388928052	4319
567050	388928053	11
567050	388928054	3
567050	388928055	106
567050	388928056	6
567050	388928057	4
567050	388928058	1259
567050	388928059	3447
567050	388928060	4
567050	388928061	9332
567050	388928062	303
567050	388928063	43
567050	388928064	1898968
567050	388928065	1421
567050	388928066	5
567050	388928067	3
567050	388928068	568
567050	388928069	13123
567050	388928070	2
567050	388928071	127
567050	388928072	91
567050	388928073	24
567050	388928074	640
567050	388928075	1
567050	388928076	1072
567050	388928077	113
567050	388928078	1530
567050	388928079	107799
567050	388928080	107799
567050	388928081	107799
567050	388928082	107799
567050	388928083	107799
567050	388928084	107799
567050	388928085	107799
567050	388928086	107799
567050	388928087	107799
567050	388928088	107799
567050	388928089	137
567050	388928090	4383
567050	388928091	50
567050	388928092	26613
567050	388928093	2
567050	388928094	127
567050	388928095	54627
567050	388928096	5
567050	388928097	56946
567050	388928098	3
567050	388928099	455
567050	388928100	108
567050	388928101	51
567050	388928102	3
567050	388928103	3178
567050	388928104	22
567050	388928105	14394
567050	388928106	1
567050	388928107	92
567050	388928108	15
567050	388928109	50
567050	388928110	2200
567050	388928111	38
567050	388928112	27380
567050	388928113	4215
567050	388928114	1
567050	388928115	5155
567050	388928116	22
567050	388928117	1013
567050	388928118	2
567050	388928119	52
567050	388928120	22
567050	388928121	1013
567050	388928122	40
567050	388928123	3
567050	388928124	455
567050	388928125	92
567050	388928126	11276
567050	388928127	22
567050	388928128	3336815
567050	388928129	1
567050	388928130	2063
567050	388928131	1923
567050	388928132	25
567050	388928133	373
567050	388928134	9993
567050	388928135	14
567050	388928136	45
567050	388928137	7
567050	388928138	2965
567050	388928139	5615
567050	388928140	1
567050	388928141	12
567050	388928142	198
567050	388928143	30
567050	388928144	136257
567050	388928145	17
567050	388928146	46
567050	388928147	850
567050	388928148	5
567050	388928149	1960
567050	388928150	3261
567050	388928151	51
567050	388928152	428
567050	388928153	143
567050	388928154	40
567050	388928155	3
567050	388928156	3637
567050	388928157	1489
567050	388928158	6
567050	388928159	3
567050	388928160	8023
567050	388928161	6
567050	388928162	3279
567050	388928163	2
567050	388928164	75
567050	388928165	335
567050	388928166	5155
567050	388928167	198
567050	388928168	30
567050	388928169	1013
567050	388928170	11
567050	388928171	2238
567050	388928172	5
567050	388928173	2887
567050	388928174	6128
567050	388928175	1
567050	388928176	14
567050	388928177	251
567050	388928178	24
567050	388928179	1221
567050	388928180	297
567050	388928181	3
567050	388928182	2802
567050	388928183	6
567050	388928184	7
567050	388928185	2276
567050	388928186	2
567050	388928187	52
567050	388928188	22
567050	388928189	82
567050	388928190	192
567050	388928191	9
567050	388928192	513
567050	388928193	25
567050	388928194	3
567050	388928195	10153
567050	388928196	11
567050	388928197	2867
567050	388928198	4364
567050	388928199	66
567050	388928200	850
567050	388928201	9
567050	388928202	72618
567050	388928203	5
567050	388928204	2238
567050	388928205	1
567050	388928206	5
567050	388928207	2712
567050	388928208	217
567050	388928209	25
567050	388928210	42
567050	388928211	4364
567050	388928212	14
567050	388928213	15
567050	388928214	7
567050	388928215	31947
567050	388928216	2
567050	388928217	1624
567050	388928218	61
567050	388928219	3
567050	388928220	258
567050	388928221	7343
567050	388928222	74
567050	388928223	51
567050	388928224	673
567050	388928225	58775
567050	388928226	44111
567050	388928227	43
567050	388928228	4
567050	388928229	1421
567050	388928230	1944630
567050	388928231	1
567050	388928232	4
567050	388928233	30164
567050	388928234	3
567050	388928235	3178
567050	388928236	2
567050	388928237	67
567050	388928238	152
567050	388928239	1
567050	388928240	121
567050	388928241	22
567050	388928242	588
567050	388928243	7
567050	388928244	4
567050	388928245	1013
567050	388928246	22357
567050	388928247	6
567050	388928248	1068
567050	388928249	5
567050	388928250	22208
567050	388928251	3016
567050	388928252	6
567050	388928253	7
567050	388928254	798
567050	388928255	558
567050	388928256	1
567050	388928257	55
567050	388928258	524
567050	388928259	1
567050	388928260	11245
567050	388928261	47
567050	388928262	373
567050	388928263	107
567050	388928264	1614
567050	388928265	9
567050	388928266	30
567050	388928267	2
567050	388928268	4
567050	388928269	37
567050	388928270	91
567050	388928271	24
567050	388928272	132
567050	388928273	588
567050	388928274	1
567050	388928275	3
567050	388928276	11982
567050	388928277	6
567050	388928278	133
567050	388928279	5
567050	388928280	107799
567050	388928281	107799
567050	388928282	107799
567050	388928283	107799
567050	388928284	107799
567050	388928285	107799
567050	388928286	107799
567050	388928287	107799
567050	388928288	107799
567050	388928289	107799
567050	388928290	5
567050	388928291	547775
567050	388928292	140040
567050	388928293	1
567050	388928294	375
567050	388928295	12
567050	388928296	99
567050	388928297	4644
567050	388928298	53
567050	388928299	45
567050	388928300	3637
567050	388928301	1489
567050	388928302	2
567050	388928303	1121
567050	388928304	12
567050	388928305	99
567050	388928306	11
567050	388928307	90
567050	388928308	22164
567050	388928309	3
567050	388928310	7071
567050	388928311	45
567050	388928312	51
567050	388928313	9
567050	388928314	14334
567050	388928315	1308
567050	388928316	1
567050	388928317	54
567050	388928318	26832
567050	388928319	40
567050	388928320	3
567050	388928321	455
567050	388928322	25
567050	388928323	12
567050	388928324	22
567050	388928325	275
567050	388928326	8696
567050	388928327	9
567050	388928328	2310
567050	388928329	3
567050	388928330	1210
567050	388928331	5
567050	388928332	2665
567050	388928333	3
567050	388928334	539
567050	388928335	2
567050	388928336	673
567050	388928337	58775
567050	388928338	1
567050	388928339	11
567050	388928340	16
567050	388928341	3777
567050	388928342	6
567050	388928343	2887
567050	388928344	17996
567050	388928345	1
567050	388928346	3046
567050	388928347	86
567050	388928348	165
567050	388928349	2802
567050	388928350	2
567050	388928351	67
567050	388928352	229
567050	388928353	12
567050	388928354	41203
567050	388928355	25
567050	388928356	3
567050	388928357	3186
567050	388928358	6
567050	388928359	43
567050	388928360	1489
567050	388928361	1
567050	388928362	43
567050	388928363	113401
567050	388928364	2378
567050	388928365	17
567050	388928366	3
567050	388928367	5532
567050	388928368	1922
567050	388928369	2690
567050	388928370	6
567050	388928371	3
567050	388928372	760
567050	388928373	6
567050	388928374	1068
567050	388928375	6
567050	388928376	133
567050	388928377	5
567050	388928378	3389
567050	388928379	1
567050	388928380	22
567050	388928381	50
567050	388928382	5172
567050	388928383	6
567050	388928384	2540138
567050	388928385	5824
567050	388928386	2250288
567050	388928387	3210
567050	388928388	8544
567050	388928389	63411
567050	388928390	64
567050	388928391	3
567050	388928392	114737
567050	388928393	36536
567050	388928394	6
567050	388928395	2535
567050	388928396	2
567050	388928397	127
567050	388928398	18031
567050	388928399	3
567050	388928400	16591
567050	388928401	92
567050	388928402	639
567050	388928403	9
567050	388928404	30
567050	388928405	1377
567050	388928406	1
567050	388928407	92
567050	388928408	33
567050	388928409	16
567050	388928410	3777
567050	388928411	6
567050	388928412	2867
567050	388928413	43
567050	388928414	22
567050	388928415	98588
567050	388928416	4
567050	388928417	3
567050	388928418	2617111
567050	388928419	4
567050	388928420	16393
567050	388928421	1
567050	388928422	433
567050	388928423	96
567050	388928424	54
567050	388928425	25408
567050	388928426	3
567050	388928427	1496
567050	388928428	17
567050	388928429	51
567050	388928430	12
567050	388928431	28744
567050	388928432	40
567050	388928433	43
567050	388928434	2812
567050	388928435	127598
567050	388928436	2017
567050	388928437	1
567050	388928438	45
567050	388928439	476
567050	388928440	1942
567050	388928441	3
567050	388928442	3100
567050	388928443	2624
567050	388928444	92
567050	388928445	21463
567050	388928446	117
567050	388928447	98
567050	388928448	2
567050	388928449	3233
567050	388928450	219
567050	388928451	1942
567050	388928452	131
567050	388928453	6218
567050	388928454	1
567050	388928455	55
567050	388928456	166
567050	388928457	795
567050	388928458	1
567050	388928459	30
567050	388928460	2881
567050	388928461	96
567050	388928462	2535
567050	388928463	2
567050	388928464	127
567050	388928465	15121
567050	388928466	43
567050	388928467	1013
567050	388928468	22357
567050	388928469	6
567050	388928470	1068
567050	388928471	1
567050	388928472	5
567050	388928473	25
567050	388928474	14
567050	388928475	103881
567050	388928476	5155
567050	388928477	17
567050	388928478	7
567050	388928479	1950
567050	388928480	2344
567050	388928481	107799
567050	388928482	107799
567050	388928483	107799
567050	388928484	107799
567050	388928485	107799
567050	388928486	107799
567050	388928487	107799
567050	388928488	107799
567050	388928489	107799
567050	388928490	107799
567050	388928491	3
567050	388928492	2435197
567050	388928493	143
567050	388928494	25
567050	388928495	14
567050	388928496	22
567050	388928497	7
567050	388928498	22357
567050	388928499	1013
567050	388928500	15
567050	388928501	5155
567050	388928502	1
567050	388928503	5
567050	388928504	6128
567050	388928505	1
567050	388928506	38
567050	388928507	25
567050	388928508	14
567050	388928509	251
567050	388928510	24
567050	388928511	671
567050	388928512	17
567050	388928513	14
567050	388928514	7
567050	388928515	3100
567050	388928516	2276
567050	388928517	2
567050	388928518	75
567050	388928519	26967
567050	388928520	1
567050	388928521	14
567050	388928522	22
567050	388928523	11563
567050	388928524	25
567050	388928525	15
567050	388928526	3
567050	388928527	3397552
567050	388928528	6
567050	388928529	3
567050	388928530	488
567050	388928531	20
567050	388928532	118
567050	388928533	5886
567050	388928534	11
567050	388928535	2867
567050	388928536	1
567050	388928537	122
567050	388928538	56940
567050	388928539	59
567050	388928540	6455
567050	388928541	1
567050	388928542	3
567050	388928543	152
567050	388928544	6
567050	388928545	966
567050	388928546	1
567050	388928547	51
567050	388928548	153810
567050	388928549	1
567050	388928550	385
567050	388928551	5214
567050	388928552	59
567050	388928553	68703
567050	388928554	1
567050	388928555	5
567050	388928556	385
567050	388928557	1816
567050	388928558	22
567050	388928559	1221
567050	388928560	9778
567050	388928561	26
567050	388928562	3
567050	388928563	2289
567050	388928564	1
567050	388928565	6
567050	388928566	87307
567050	388928567	1866
567050	388928568	1
567050	388928569	385
567050	388928570	2565
567050	388928571	22
567050	388928572	5890
567050	388928573	1
567050	388928574	5
567050	388928575	385
567050	388928576	3279
567050	388928577	22
567050	388928578	1094
567050	388928579	1970
567050	388928580	2
567050	388928581	127
567050	388928582	3047
567050	388928583	24
567050	388928584	20814
567050	388928585	43
567050	388928586	2916451
567050	388928587	54
567050	388928588	9
567050	388928589	115
567050	388928590	191
567050	388928591	1
567050	388928592	54
567050	388928593	135
567050	388928594	30
567050	388928595	2558
567050	388928596	9
567050	388928597	20459
567050	388928598	114
567050	388928599	142
567050	388928600	56925
567050	388928601	108
567050	388928602	14
567050	388928603	2
567050	388928604	127
567050	388928605	163814
567050	388928606	40
567050	388928607	43
567050	388928608	997
567050	388928609	24
567050	388928610	11
567050	388928611	188
567050	388928612	566
567050	388928613	1
567050	388928614	38
567050	388928615	11
567050	388928616	187
567050	388928617	12740
567050	388928618	51
567050	388928619	59
567050	388928620	41047
567050	388928621	15
567050	388928622	7
567050	388928623	546
567050	388928624	5
567050	388928625	62469
567050	388928626	19035
567050	388928627	2
567050	388928628	127
567050	388928629	243
567050	388928630	14
567050	388928631	22
567050	388928632	19912
567050	388928633	17
567050	388928634	3
567050	388928635	2623
567050	388928636	36
567050	388928637	142
567050	388928638	1517
567050	388928639	857
567050	388928640	1
567050	388928641	4
567050	388928642	25
567050	388928643	3
567050	388928644	77
567050	388928645	149
567050	388928646	257
567050	388928647	7
567050	388928648	524
567050	388928649	1
567050	388928650	22
567050	388928651	54893
567050	388928652	143
567050	388928653	11
567050	388928654	7
567050	388928655	2887
567050	388928656	106
567050	388928657	26
567050	388928658	3784
567050	388928659	2951
567050	388928660	1
567050	388928661	45
567050	388928662	2397
567050	388928663	1
567050	388928664	521
567050	388928665	1
567050	388928666	1869
567050	388928667	1
567050	388928668	752
567050	388928669	1
567050	388928670	46
567050	388928671	51
567050	388928672	33382
567050	388928673	8696
567050	388928674	55
567050	388928675	18979
567050	388928676	1
567050	388928677	5
567050	388928678	43
567050	388928679	128
567050	388928680	1
567050	388928681	33382
567050	388928682	107799
567050	388928683	107799
567050	388928684	107799
567050	388928685	107799
567050	388928686	107799
567050	388928687	107799
567050	388928688	107799
567050	388928689	107799
567050	388928690	107799
567050	388928691	107799
567050	388928692	24
567050	388928693	2443
567050	388928694	20
567050	388928695	7
567050	388928696	204
567050	388928697	1
567050	388928698	25
567050	388928699	3
567050	388928700	4526
567050	388928701	40
567050	388928702	2397
567050	388928703	22
567050	388928704	68703
567050	388928705	55
567050	388928706	56093
567050	388928707	2
567050	388928708	127
567050	388928709	58
567050	388928710	24
567050	388928711	191
567050	388928712	101216
567050	388928713	114
567050	388928714	8421
567050	388928715	6
567050	388928716	2207924
567050	388928717	6
567050	388928718	2964
567050	388928719	73
567050	388928720	22
567050	388928721	4
567050	388928722	3
567050	388928723	712346
567050	388928724	11987
567050	388928725	32
567050	388928726	3
567050	388928727	161
567050	388928728	6
567050	388928729	16
567050	388928730	3767
567050	388928731	399
567050	388928732	6
567050	388928733	2936
567050	388928734	1
567050	388928735	151
567050	388928736	1961033
567050	388928737	55
567050	388928738	6244
567050	388928739	9
567050	388928740	30
567050	388928741	1377264
567050	388928742	1
567050	388928743	151
567050	388928744	13191
567050	388928745	11
567050	388928746	133
567050	388928747	1
567050	388928748	55
567050	388928749	368
567050	388928750	9
567050	388928751	30
567050	388928752	32128
567050	388928753	9348
567050	388928754	82
567050	388928755	966
567050	388928756	1
567050	388928757	63991
567050	388928758	85
567050	388928759	3
567050	388928760	3347
567050	388928761	1
567050	388928762	1013
567050	388928763	1
567050	388928764	37868
567050	388928765	966
567050	388928766	6
567050	388928767	2030821
567050	388928768	1861305
567050	388928769	7
567050	388928770	966
567050	388928771	51
567050	388928772	12
567050	388928773	152
567050	388928774	6
567050	388928775	64
567050	388928776	20188
567050	388928777	149
567050	388928778	1
567050	388928779	11
567050	388928780	51
567050	388928781	16
567050	388928782	142
567050	388928783	864
567050	388928784	6
567050	388928785	752
567050	388928786	1
567050	388928787	5
567050	388928788	521
567050	388928789	1
567050	388928790	5
567050	388928791	166
567050	388928792	16
567050	388928793	15551
567050	388928794	22
567050	388928795	8563
567050	388928796	1
567050	388928797	5
567050	388928798	51
567050	388928799	1221
567050	388928800	12
567050	388928801	115715
567050	388928802	20
567050	388928803	64
567050	388928804	1
567050	388928805	9
567050	388928806	30
567050	388928807	3
567050	388928808	1421
567050	388928809	6
567050	388928810	66
567050	388928811	864
567050	388928812	1010
567050	388928813	130
567050	388928814	16
567050	388928815	142
567050	388928816	2
567050	388928817	4
567050	388928818	650
567050	388928819	14449
567050	388928820	2
567050	388928821	1624
567050	388928822	61
567050	388928823	54
567050	388928824	213
567050	388928825	25
567050	388928826	673
567050	388928827	58775
567050	388928828	22
567050	388928829	9638
567050	388928830	45
567050	388928831	3
567050	388928832	57194
567050	388928833	40
567050	388928834	3
567050	388928835	24916
567050	388928836	45
567050	388928837	51
567050	388928838	12
567050	388928839	99
567050	388928840	28336
567050	388928841	56
567050	388928842	27675
567050	388928843	2
567050	388928844	31
567050	388928845	966
567050	388928846	51
567050	388928847	22
567050	388928848	121
567050	388928849	16312
567050	388928850	540
567050	388928851	106942
567050	388928852	7
567050	388928853	25433
567050	388928854	2591
567050	388928855	1
567050	388928856	22
567050	388928857	966
567050	388928858	4666
567050	388928859	212
567050	388928860	7
567050	388928861	6671
567050	388928862	488
567050	388928863	51
567050	388928864	14
567050	388928865	10
567050	388928866	16173
567050	388928867	9
567050	388928868	17526
567050	388928869	1
567050	388928870	24
567050	388928871	966
567050	388928872	469
567050	388928873	15
567050	388928874	50
567050	388928875	189815
567050	388928876	682
567050	388928877	2
567050	388928878	167
567050	388928879	11
567050	388928880	3
567050	388928881	488
567050	388928882	388
567050	388928883	107799
567050	388928884	107799
567050	388928885	107799
567050	388928886	107799
567050	388928887	107799
567050	388928888	107799
567050	388928889	107799
567050	388928890	107799
567050	388928891	107799
567050	388928892	107799
567050	388928893	62075
567050	388928894	64
567050	388928895	3
567050	388928896	1776
567050	388928897	6
567050	388928898	5982
567050	388928899	1
567050	388928900	22
567050	388928901	439
567050	388928902	26
567050	388928903	38
567050	388928904	25
567050	388928905	14
567050	388928906	20876
567050	388928907	15
567050	388928908	43
567050	388928909	11
567050	388928910	3
567050	388928911	682
567050	388928912	2263525
567050	388928913	1
567050	388928914	54
567050	388928915	61
567050	388928916	24
567050	388928917	2443
567050	388928918	2
567050	388928919	31
567050	388928920	966
567050	388928921	11
567050	388928922	118
567050	388928923	1959
567050	388928924	108
567050	388928925	3
567050	388928926	146732
567050	388928927	280
567050	388928928	1
567050	388928929	22
567050	388928930	4
567050	388928931	30237
567050	388928932	3088
567050	388928933	1
567050	388928934	4
567050	388928935	5
567050	388928936	1221
567050	388928937	6966
567050	388928938	9
567050	388928939	16270
567050	388928940	11
567050	388928941	4
567050	388928942	150
567050	388928943	1
567050	388928944	4
567050	388928945	5
567050	388928946	14
567050	388928947	22
567050	388928948	143
567050	388928949	1203890
567050	388928950	3
567050	388928951	77
567050	388928952	376
567050	388928953	14
567050	388928954	47449
567050	388928955	1
567050	388928956	15
567050	388928957	376
567050	388928958	14
567050	388928959	22
567050	388928960	4
567050	388928961	616
567050	388928962	9
567050	388928963	30
567050	388928964	3088
567050	388928965	381
567050	388928966	2
567050	388928967	4
567050	388928968	31
567050	388928969	57194
567050	388928970	40
567050	388928971	3
567050	388928972	2280
567050	388928973	6
567050	388928974	6128
567050	388928975	1
567050	388928976	159
567050	388928977	966
567050	388928978	15
567050	388928979	2668
567050	388928980	11
567050	388928981	3
567050	388928982	399
567050	388928983	5
567050	388928984	3
567050	388928985	580
567050	388928986	1
567050	388928987	151
567050	388928988	7216
567050	388928989	1
567050	388928990	252
567050	388928991	42
567050	388928992	59
567050	388928993	11284
567050	388928994	40
567050	388928995	3
567050	388928996	959
567050	388928997	73
567050	388928998	22
567050	388928999	10774
567050	388929000	388
567050	388929001	1
567050	388929002	15
567050	388929003	182
567050	388929004	73
567050	388929005	22
567050	388929006	1173
567050	388929007	4139
567050	388929008	2200
567050	388929009	2
567050	388929010	31
567050	388929011	19909
567050	388929012	6
567050	388929013	50
567050	388929014	3130
567050	388929015	23696
567050	388929016	2230
567050	388929017	1
567050	388929018	2346
567050	388929019	263
567050	388929020	3
567050	388929021	959
567050	388929022	33
567050	388929023	51
567050	388929024	42
567050	388929025	10372
567050	388929026	2
567050	388929027	31
567050	388929028	2397
567050	388929029	51
567050	388929030	10
567050	388929031	27443
567050	388929032	304
567050	388929033	320
567050	388929034	1
567050	388929035	5
567050	388929036	1969
567050	388929037	304
567050	388929038	5890
567050	388929039	45
567050	388929040	3
567050	388929041	30017
567050	388929042	5
567050	388929043	2638
567050	388929044	1597039
567050	388929045	1
567050	388929046	10
567050	388929047	13316
567050	388929048	5
567050	388929049	7
567050	388929050	24658
567050	388929051	15
567050	388929052	3
567050	388929053	1097
567050	388929054	5
567050	388929055	333701
567050	388929056	390034
567050	388929057	2
567050	388929058	31
567050	388929059	1175
567050	388929060	6
567050	388929061	179
567050	388929062	3853
567050	388929063	1898968
567050	388929064	1
567050	388929065	22
567050	388929066	4
567050	388929067	3
567050	388929068	1817
567050	388929069	4866
567050	388929070	6
567050	388929071	2936
567050	388929072	1
567050	388929073	5
567050	388929074	66
567050	388929075	2238
567050	388929076	94
567050	388929077	5
567050	388929078	159
567050	388929079	46
567050	388929080	4866
567050	388929081	2
567050	388929082	4
567050	388929083	2576
567050	388929084	107799
567050	388929085	107799
567050	388929086	107799
567050	388929087	107799
567050	388929088	107799
567050	388929089	107799
567050	388929090	107799
567050	388929091	107799
567050	388929092	107799
567050	388929093	107799
567050	388929094	64
567050	388929095	3078
567050	388929096	6
567050	388929097	673
567050	388929098	58775
567050	388929099	36
567050	388929100	8469
567050	388929101	11
567050	388929102	1941
567050	388929103	15
567050	388929104	16083
567050	388929105	4165
567050	388929106	1
567050	388929107	1308
567050	388929108	133
567050	388929109	5
567050	388929110	515
567050	388929111	2
567050	388929112	52
567050	388929113	22
567050	388929114	7
567050	388929115	1563
567050	388929116	455
567050	388929117	1
567050	388929118	25
567050	388929119	673
567050	388929120	58775
567050	388929121	1
567050	388929122	361
567050	388929123	3281
567050	388929124	217
567050	388929125	95420
567050	388929126	226117
567050	388929127	1
567050	388929128	1523
567050	388929129	56817
567050	388929130	16
567050	388929131	3777
567050	388929132	25
567050	388929133	7
567050	388929134	2276
567050	388929135	22
567050	388929136	1013
567050	388929137	15
567050	388929138	64
567050	388929139	1
567050	388929140	2063
567050	388929141	1923
567050	388929142	9
567050	388929143	4868
567050	388929144	7
567050	388929145	36191
567050	388929146	2867
567050	388929147	2
567050	388929148	4
567050	388929149	17214
567050	388929150	1
567050	388929151	47
567050	388929152	13128
567050	388929153	55
567050	388929154	36214
567050	388929155	22
567050	388929156	106994
567050	388929157	1
567050	388929158	11473
567050	388929159	265
567050	388929160	7588
567050	388929161	2901
567050	388929162	6
567050	388929163	44950
567050	388929164	1
567050	388929165	65
567050	388929166	59
567050	388929167	54
567050	388929168	9
567050	388929169	213
567050	388929170	38
567050	388929171	6569
567050	388929172	7
567050	388929173	229703
567050	388929174	150
567050	388929175	198
567050	388929176	30
567050	388929177	379
567050	388929178	220233
567050	388929179	1
567050	388929180	5
567050	388929181	92
567050	388929182	450
567050	388929183	3
567050	388929184	40066
567050	388929185	521
567050	388929186	6
567050	388929187	7
567050	388929188	87323
567050	388929189	40
567050	388929190	1861353
567050	388929191	107892
567050	388929192	198
567050	388929193	9884
567050	388929194	7073
567050	388929195	9
567050	388929196	30
567050	388929197	7
567050	388929198	192
567050	388929199	2979
567050	388929200	1
567050	388929201	5
567050	388929202	3020
567050	388929203	7
567050	388929204	9216
567050	388929205	41489
567050	388929206	455
567050	388929207	19
567050	388929208	4
567050	388929209	5772
567050	388929210	36106
567050	388929211	1
567050	388929212	37829
567050	388929213	2
567050	388929214	31
567050	388929215	4
567050	388929216	21613
567050	388929217	6
567050	388929218	2802576
567050	388929219	22
567050	388929220	329
567050	388929221	27301
567050	388929222	17
567050	388929223	50
567050	388929224	3870
567050	388929225	1
567050	388929226	50
567050	388929227	130228
567050	388929228	2822
567050	388929229	5
567050	388929230	7
567050	388929231	15937
567050	388929232	2344
567050	388929233	1
567050	388929234	51
567050	388929235	54
567050	388929236	91
567050	388929237	24
567050	388929238	189
567050	388929239	20403
567050	388929240	7501
567050	388929241	1
567050	388929242	436
567050	388929243	189
567050	388929244	30117
567050	388929245	16174
567050	388929246	2
567050	388929247	31
567050	388929248	5449
567050	388929249	11
567050	388929250	51
567050	388929251	14
567050	388929252	22
567050	388929253	616
567050	388929254	1
567050	388929255	54
567050	388929256	12413
567050	388929257	540
567050	388929258	82
567050	388929259	6
567050	388929260	3
567050	388929261	42509
567050	388929262	11
567050	388929263	3
567050	388929264	2797
567050	388929265	1
567050	388929266	5
567050	388929267	1169
567050	388929268	2418
567050	388929269	6
567050	388929270	578
567050	388929271	9
567050	388929272	297
567050	388929273	15
567050	388929274	14
567050	388929275	28380
567050	388929276	12586
567050	388929277	5
567050	388929278	6146
567050	388929279	3537
567050	388929280	2
567050	388929281	31
567050	388929282	4
567050	388929283	96856
567050	388929284	6
567050	388929285	107799
567050	388929286	107799
567050	388929287	107799
567050	388929288	107799
567050	388929289	107799
567050	388929290	107799
567050	388929291	107799
567050	388929292	107799
567050	388929293	107799
567050	388929294	107799
567050	388929295	2776
567050	388929296	1
567050	388929297	15
567050	388929298	51
567050	388929299	22412
567050	388929300	217
567050	388929301	33
567050	388929302	4
567050	388929303	739879
567050	388929304	96856
567050	388929305	2
567050	388929306	129
567050	388929307	31
567050	388929308	4612
567050	388929309	6
567050	388929310	2607
567050	388929311	11
567050	388929312	3
567050	388929313	488
567050	388929314	578
567050	388929315	11
567050	388929316	3
567050	388929317	397
567050	388929318	1
567050	388929319	11
567050	388929320	1267
567050	388929321	1
567050	388929322	5
567050	388929323	11
567050	388929324	3
567050	388929325	8456
567050	388929326	4302
567050	388929327	1
567050	388929328	59
567050	388929329	151
567050	388929330	41279
567050	388929331	17
567050	388929332	25323
567050	388929333	524
567050	388929334	1
567050	388929335	5
567050	388929336	490
567050	388929337	17
567050	388929338	14517
567050	388929339	2344
567050	388929340	2
567050	388929341	127
567050	388929342	70
567050	388929343	86
567050	388929344	173
567050	388929345	20
567050	388929346	27543
567050	388929347	1
567050	388929348	38
567050	388929349	91
567050	388929350	24
567050	388929351	17639
567050	388929352	40
567050	388929353	92911
567050	388929354	3
567050	388929355	2351
567050	388929356	85
567050	388929357	1861357
567050	388929358	51302
567050	388929359	3164
567050	388929360	5
567050	388929361	3
567050	388929362	141547
567050	388929363	2
567050	388929364	4
567050	388929365	67
567050	388929366	923
567050	388929367	43
567050	388929368	54
567050	388929369	223
567050	388929370	111
567050	388929371	1
567050	388929372	104
567050	388929373	54
567050	388929374	718
567050	388929375	256
567050	388929376	108
567050	388929377	118
567050	388929378	2394
567050	388929379	8839
567050	388929380	5
567050	388929381	3640
567050	388929382	3
567050	388929383	6115
567050	388929384	6
567050	388929385	5404
567050	388929386	11
567050	388929387	3
567050	388929388	7599
567050	388929389	37759
567050	388929390	42
567050	388929391	8317
567050	388929392	1861303
567050	388929393	3
567050	388929394	20749
567050	388929395	90109
567050	388929396	1
567050	388929397	3
567050	388929398	17096
567050	388929399	2454
567050	388929400	9
567050	388929401	994
567050	388929402	66
567050	388929403	11135
567050	388929404	2709
567050	388929405	1786
567050	388929406	130
567050	388929407	3
567050	388929408	2131
567050	388929409	18864
567050	388929410	6
567050	388929411	1413
567050	388929412	1
567050	388929413	3
567050	388929414	740
567050	388929415	48243
567050	388929416	1440
567050	388929417	11
567050	388929418	6603
567050	388929419	6
567050	388929420	755
567050	388929421	3041
567050	388929422	1
567050	388929423	3
567050	388929424	2166
567050	388929425	12459
567050	388929426	45
567050	388929427	2435
567050	388929428	5
567050	388929429	55079
567050	388929430	5844
567050	388929431	1
567050	388929432	3
567050	388929433	16072
567050	388929434	111418
567050	388929435	17
567050	388929436	598
567050	388929437	1
567050	388929438	3
567050	388929439	2987
567050	388929440	13576
567050	388929441	291
567050	388929442	1192
567050	388929443	1
567050	388929444	21226
567050	388929445	4240
567050	388929446	3
567050	388929447	52496
567050	388929448	3746
567050	388929449	6
567050	388929450	7909
567050	388929451	1
567050	388929452	843
567050	388929453	34746
567050	388929454	44272
567050	388929455	94
567050	388929456	565
567050	388929457	9755
567050	388929458	6
567050	388929459	3
567050	388929460	488
567050	388929461	1
567050	388929462	5
567050	388929463	314618
567050	388929464	1
567050	388929465	35206
567050	388929466	172
567050	388929467	1
567050	388929468	4002
567050	388929469	275
567050	388929470	3
567050	388929471	1231
567050	388929472	6
567050	388929473	118
567050	388929474	2305511
567050	388929475	2433813
567050	388929476	3
567050	388929477	2936
567050	388929478	92
567050	388929479	135
567050	388929480	30
567050	388929481	611
567050	388929482	11
567050	388929483	6321
567050	388929484	1
567050	388929485	40587
567050	388929486	107799
567050	388929487	107799
567050	388929488	107799
567050	388929489	107799
567050	388929490	107799
567050	388929491	107799
567050	388929492	107799
567050	388929493	107799
567050	388929494	107799
567050	388929495	107799
567050	388929496	2339
567050	388929497	26
567050	388929498	3
567050	388929499	2535
567050	388929500	28172
567050	388929501	20537
567050	388929502	35871
567050	388929503	2059
567050	388929504	5
567050	388929505	7061
567050	388929506	548
567050	388929507	779
567050	388929508	13019
567050	388929509	6
567050	388929510	2338
567050	388929511	1
567050	388929512	5
567050	388929513	3
567050	388929514	9186
567050	388929515	3353
567050	388929516	4975
567050	388929517	3143
567050	388929518	946
567050	388929519	17
567050	388929520	66
567050	388929521	30756
567050	388929522	2905380
567050	388929523	59
567050	388929524	3
567050	388929525	6115
567050	388929526	6
567050	388929527	5404
567050	388929528	1
567050	388929529	3
567050	388929530	180999
567050	388929531	4057
567050	388929532	6
567050	388929533	3
567050	388929534	488
567050	388929535	5
567050	388929536	118
567050	388929537	42921
567050	388929538	1
567050	388929539	100
567050	388929540	57945
567050	388929541	22
567050	388929542	287
567050	388929543	5
567050	388929544	3
567050	388929545	100201
567050	388929546	9921
567050	388929547	22
567050	388929548	25956
567050	388929549	2
567050	388929550	4
567050	388929551	5772
567050	388929552	34813
567050	388929553	1
567050	388929554	34461
567050	388929555	2
567050	388929556	4409
567050	388929557	586
567050	388929558	47
567050	388929559	3
567050	388929560	3178
567050	388929561	11
567050	388929562	43
567050	388929563	5449
567050	388929564	22
567050	388929565	2746
567050	388929566	1
567050	388929567	54
567050	388929568	70
567050	388929569	143
567050	388929570	1061
567050	388929571	5134
567050	388929572	25
567050	388929573	14
567050	388929574	22
567050	388929575	1157
567050	388929576	1188222
567050	388929577	1
567050	388929578	49027
567050	388929579	41867
567050	388929580	179
567050	388929581	42921
567050	388929582	59
567050	388929583	24
567050	388929584	177
567050	388929585	1181
567050	388929586	55
567050	388929587	14502
567050	388929588	9
567050	388929589	30
567050	388929590	12809
567050	388929591	15
567050	388929592	3
567050	388929593	258468
567050	388929594	1272
567050	388929595	6
567050	388929596	3
567050	388929597	10944
567050	388929598	88589
567050	388929599	108
567050	388929600	631
567050	388929601	1
567050	388929602	47
567050	388929603	44
567050	388929604	1961
567050	388929605	1759
567050	388929606	28496
567050	388929607	40006
567050	388929608	1
567050	388929609	55
567050	388929610	47
567050	388929611	54
567050	388929612	59
567050	388929613	1721
567050	388929614	9
567050	388929615	2443
567050	388929616	1
567050	388929617	357
567050	388929618	253
567050	388929619	42780
567050	388929620	45
567050	388929621	3
567050	388929622	1824
567050	388929623	6
567050	388929624	1944
567050	388929625	51
567050	388929626	12
567050	388929627	14874
567050	388929628	89
567050	388929629	117
567050	388929630	1
567050	388929631	5
567050	388929632	3069
567050	388929633	2536
567050	388929634	33
567050	388929635	3
567050	388929636	3572
567050	388929637	8495
567050	388929638	6
567050	388929639	16
567050	388929640	1894
567050	388929641	406558
567050	388929642	3831
567050	388929643	305
567050	388929644	1762
567050	388929645	1
567050	388929646	25
567050	388929647	3
567050	388929648	3335
567050	388929649	6
567050	388929650	2644
567050	388929651	10085
567050	388929652	1
567050	388929653	6
567050	388929654	13589
567050	388929655	3796
567050	388929656	1
567050	388929657	5
567050	388929658	64
567050	388929659	3501
567050	388929660	6
567050	388929661	124394
567050	388929662	1398
567050	388929663	1
567050	388929664	59
567050	388929665	5782
567050	388929666	20
567050	388929667	601
567050	388929668	3
567050	388929669	5942
567050	388929670	2989
567050	388929671	6
567050	388929672	631
567050	388929673	36
567050	388929674	2901
567050	388929675	1
567050	388929676	5
567050	388929677	177
567050	388929678	586
567050	388929679	179
567050	388929680	4628
567050	388929681	59
567050	388929682	5185
567050	388929683	1
567050	388929684	38
567050	388929685	57508
567050	388929686	17
567050	388929687	107799
567050	388929688	107799
567050	388929689	107799
567050	388929690	107799
567050	388929691	107799
567050	388929692	107799
567050	388929693	107799
567050	388929694	107799
567050	388929695	107799
567050	388929696	107799
567050	388929697	42
567050	388929698	59
567050	388929699	6598
567050	388929700	2
567050	388929701	742
567050	388929702	6
567050	388929703	179
567050	388929704	59
567050	388929705	1620
567050	388929706	3
567050	388929707	1816
567050	388929708	6
567050	388929709	77
567050	388929710	36
567050	388929711	142
567050	388929712	2607
567050	388929713	2
567050	388929714	6369
567050	388929715	2134888
567050	388929716	68006
567050	388929717	7804
567050	388929718	17
567050	388929719	12872
567050	388929720	2344
567050	388929721	2
567050	388929722	2483
567050	388929723	640
567050	388929724	1
567050	388929725	4921
567050	388929726	5096
567050	388929727	15
567050	388929728	3
567050	388929729	3389
567050	388929730	5
567050	388929731	3
567050	388929732	133
567050	388929733	1
567050	388929734	5
567050	388929735	91
567050	388929736	24
567050	388929737	30
567050	388929738	166
567050	388929739	21699
567050	388929740	29859
567050	388929741	15
567050	388929742	3
567050	388929743	254
567050	388929744	1272
567050	388929745	6
567050	388929746	3389
567050	388929747	51
567050	388929748	99
567050	388929749	56
567050	388929750	757
567050	388929751	74
567050	388929752	253
567050	388929753	45
567050	388929754	3
567050	388929755	1111
567050	388929756	2
567050	388929757	160
567050	388929758	82
567050	388929759	3388
567050	388929760	179
567050	388929761	42921
567050	388929762	59
567050	388929763	42153
567050	388929764	2
567050	388929765	160
567050	388929766	50
567050	388929767	3178
567050	388929768	13590
567050	388929769	2497155
567050	388929770	1
567050	388929771	15
567050	388929772	182
567050	388929773	73
567050	388929774	83982
567050	388929775	148
567050	388929776	2607
567050	388929777	22
567050	388929778	38
567050	388929779	82
567050	388929780	6
567050	388929781	3
567050	388929782	21690
567050	388929783	2563
567050	388929784	11
567050	388929785	3
567050	388929786	79267
567050	388929787	6
567050	388929788	631
567050	388929789	36
567050	388929790	24318
567050	388929791	1
567050	388929792	5
567050	388929793	92
567050	388929794	11
567050	388929795	28
567050	388929796	1163
567050	388929797	59
567050	388929798	16757
567050	388929799	48052
567050	388929800	1
567050	388929801	14
567050	388929802	22
567050	388929803	14641
567050	388929804	9
567050	388929805	6002
567050	388929806	25
567050	388929807	42
567050	388929808	59
567050	388929809	42153
567050	388929810	1
567050	388929811	5
567050	388929812	9
567050	388929813	1084
567050	388929814	43
567050	388929815	12515
567050	388929816	11
567050	388929817	3
567050	388929818	3178
567050	388929819	2
567050	388929820	75
567050	388929821	15
567050	388929822	182
567050	388929823	73
567050	388929824	3042
567050	388929825	288
567050	388929826	5
567050	388929827	15
567050	388929828	65
567050	388929829	16846
567050	388929830	59
567050	388929831	179
567050	388929832	42921
567050	388929833	51
567050	388929834	1337
567050	388929835	9
567050	388929836	17462
567050	388929837	64
567050	388929838	3
567050	388929839	4250
567050	388929840	6
567050	388929841	631
567050	388929842	1
567050	388929843	14
567050	388929844	41
567050	388929845	278
567050	388929846	19570
567050	388929847	9
567050	388929848	1078
567050	388929849	1
567050	388929850	25
567050	388929851	3
567050	388929852	727
567050	388929853	6
567050	388929854	53
567050	388929855	59
567050	388929856	10147
567050	388929857	9
567050	388929858	5537
567050	388929859	5
567050	388929860	1874462
567050	388929861	56528
567050	388929862	2
567050	388929863	127
567050	388929864	212723
567050	388929865	631
567050	388929866	1
567050	388929867	54
567050	388929868	57510
567050	388929869	232
567050	388929870	689
567050	388929871	4250
567050	388929872	2
567050	388929873	57
567050	388929874	8154
567050	388929875	108
567050	388929876	117
567050	388929877	17
567050	388929878	1691
567050	388929879	11
567050	388929880	397
567050	388929881	5
567050	388929882	488
567050	388929883	1
567050	388929884	236
567050	388929885	265
567050	388929886	47
567050	388929887	17
567050	388929888	107799
567050	388929889	107799
567050	388929890	107799
567050	388929891	107799
567050	388929892	107799
567050	388929893	107799
567050	388929894	107799
567050	388929895	107799
567050	388929896	107799
567050	388929897	107799
567050	388929898	198
567050	388929899	1202
567050	388929900	117
567050	388929901	40
567050	388929902	1625
567050	388929903	2
567050	388929904	160
567050	388929905	3
567050	388929906	565
567050	388929907	12740
567050	388929908	17
567050	388929909	51
567050	388929910	631
567050	388929911	35197
567050	388929912	108
567050	388929913	117
567050	388929914	1
567050	388929915	21
567050	388929916	22
567050	388929917	12059
567050	388929918	117
567050	388929919	6
567050	388929920	3
567050	388929921	9372
567050	388929922	6
567050	388929923	2607
567050	388929924	2
567050	388929925	26890
567050	388929926	381
567050	388929927	578
567050	388929928	1
567050	388929929	335
567050	388929930	14
567050	388929931	2068
567050	388929932	117
567050	388929933	64
567050	388929934	114
567050	388929935	41287
567050	388929936	11
567050	388929937	13316
567050	388929938	1
567050	388929939	194
567050	388929940	2169
567050	388929941	291
567050	388929942	117
567050	388929943	540
567050	388929944	7
567050	388929945	3852
567050	388929946	15487
567050	388929947	1
567050	388929948	5
567050	388929949	46404
567050	388929950	117
567050	388929951	17
567050	388929952	28803
567050	388929953	4093
567050	388929954	2
567050	388929955	52
567050	388929956	22
567050	388929957	24
567050	388929958	9
567050	388929959	8684
567050	388929960	1
567050	388929961	38
567050	388929962	9
567050	388929963	17526
567050	388929964	1
567050	388929965	25
567050	388929966	54
567050	388929967	59
567050	388929968	7747
567050	388929969	9
567050	388929970	669
567050	388929971	94
567050	388929972	7
567050	388929973	234
567050	388929974	191
567050	388929975	156
567050	388929976	130
567050	388929977	11351
567050	388929978	2
567050	388929979	482
567050	388929980	9712
567050	388929981	13279
567050	388929982	6
567050	388929983	43
567050	388929984	22
567050	388929985	255
567050	388929986	11
567050	388929987	43
567050	388929988	1
567050	388929989	148
567050	388929990	2422
567050	388929991	47
567050	388929992	59
567050	388929993	3
567050	388929994	42921
567050	388929995	15
567050	388929996	51
567050	388929997	54
567050	388929998	98905
567050	388929999	631
567050	388930000	5902
567050	388930001	5
567050	388930002	210
567050	388930003	117
567050	388930004	1
567050	388930005	54
567050	388930006	91
567050	388930007	24
567050	388930008	1886
567050	388930009	53
567050	388930010	746
567050	388930011	7
567050	388930012	568
567050	388930013	7281
567050	388930014	1
567050	388930015	355
567050	388930016	42
567050	388930017	1814007
567050	388930018	5
567050	388930019	59
567050	388930020	2558
567050	388930021	15
567050	388930022	66
567050	388930023	142
567050	388930024	10023
567050	388930025	2
567050	388930026	1890
567050	388930027	31240
567050	388930028	40586
567050	388930029	15
567050	388930030	35305
567050	388930031	1
567050	388930032	3236
567050	388930033	15
567050	388930034	966
567050	388930035	1
567050	388930036	3
567050	388930037	119969
567050	388930038	6
567050	388930039	632
567050	388930040	15
567050	388930041	3
567050	388930042	2802
567050	388930043	6
567050	388930044	978
567050	388930045	2
567050	388930046	31
567050	388930047	18409
567050	388930048	19909
567050	388930049	6
567050	388930050	631
567050	388930051	59
567050	388930052	43694
567050	388930053	5
567050	388930054	1741
567050	388930055	2933
567050	388930056	45
567050	388930057	673
567050	388930058	58775
567050	388930059	1
567050	388930060	38
567050	388930061	12
567050	388930062	99
567050	388930063	24
567050	388930064	177
567050	388930065	4113
567050	388930066	17487
567050	388930067	25
567050	388930068	224
567050	388930069	6
567050	388930070	179
567050	388930071	25761
567050	388930072	25443
567050	388930073	42153
567050	388930074	42921
567050	388930075	59
567050	388930076	11
567050	388930077	455
567050	388930078	68636
567050	388930079	4056
567050	388930080	2
567050	388930081	127
567050	388930082	3047
567050	388930083	24
567050	388930084	177
567050	388930085	309
567050	388930086	9
567050	388930087	30
567050	388930088	28709
567050	388930089	107799
567050	388930090	107799
567050	388930091	107799
567050	388930092	107799
567050	388930093	107799
567050	388930094	107799
567050	388930095	107799
567050	388930096	107799
567050	388930097	107799
567050	388930098	107799
567050	388930099	6295
567050	388930100	9
567050	388930101	30
567050	388930102	28709
567050	388930103	40
567050	388930104	1625
567050	388930105	2
567050	388930106	201
567050	388930107	4027
567050	388930108	117
567050	388930109	8054
567050	388930110	9
567050	388930111	5021
567050	388930112	25
567050	388930113	3
567050	388930114	1982
567050	388930115	3447
567050	388930116	6
567050	388930117	2607
567050	388930118	1
567050	388930119	46
567050	388930120	40
567050	388930121	51
567050	388930122	14
567050	388930123	22
567050	388930124	14865
567050	388930125	9
567050	388930126	17526
567050	388930127	77
567050	388930128	1
567050	388930129	22
567050	388930130	24
567050	388930131	48170
567050	388930132	45
567050	388930133	673
567050	388930134	58775
567050	388930135	47
567050	388930136	54
567050	388930137	58
567050	388930138	8808
567050	388930139	2
567050	388930140	127
567050	388930141	15597
567050	388930142	15
567050	388930143	46
567050	388930144	2805724
567050	388930145	1
567050	388930146	16985
567050	388930147	57623
567050	388930148	15
567050	388930149	51
567050	388930150	77
567050	388930151	272620
567050	388930152	1
567050	388930153	5
567050	388930154	51
567050	388930155	64
567050	388930156	3
567050	388930157	5214
567050	388930158	6
567050	388930159	1945
567050	388930160	1
567050	388930161	23675
567050	388930162	1
567050	388930163	5
567050	388930164	1278
567050	388930165	1
567050	388930166	25332
567050	388930167	29
567050	388930168	105
567050	388930169	9
567050	388930170	19921
567050	388930171	2
567050	388930172	24175
567050	388930173	22
567050	388930174	189
567050	388930175	360
567050	388930176	1
567050	388930177	17
567050	388930178	673
567050	388930179	58775
567050	388930180	1
567050	388930181	7
567050	388930182	13316
567050	388930183	15
567050	388930184	631
567050	388930185	1
567050	388930186	6047
567050	388930187	45
567050	388930188	77
567050	388930189	149
567050	388930190	588
567050	388930191	1
567050	388930192	38
567050	388930193	100
567050	388930194	23547
567050	388930195	1
567050	388930196	18562
567050	388930197	20
567050	388930198	13856
567050	388930199	217
567050	388930200	10944
567050	388930201	1272
567050	388930202	2
567050	388930203	52
567050	388930204	22
567050	388930205	165
567050	388930206	7
567050	388930207	13316
567050	388930208	588
567050	388930209	1
567050	388930210	38
567050	388930211	3
567050	388930212	21243
567050	388930213	5
567050	388930214	3
567050	388930215	321
567050	388930216	3720
567050	388930217	6117
567050	388930218	22
567050	388930219	1
567050	388930220	25
567050	388930221	14
567050	388930222	23989
567050	388930223	379
567050	388930224	7
567050	388930225	13316
567050	388930226	15
567050	388930227	7
567050	388930228	14548
567050	388930229	5
567050	388930230	8483
567050	388930231	1111
567050	388930232	2
567050	388930233	201
567050	388930234	22
567050	388930235	3
567050	388930236	1526
567050	388930237	1372
567050	388930238	79
567050	388930239	2928354
567050	388930240	6
567050	388930241	7
567050	388930242	10944
567050	388930243	524
567050	388930244	1
567050	388930245	5
567050	388930246	25
567050	388930247	12
567050	388930248	30
567050	388930249	757
567050	388930250	9
567050	388930251	25700
567050	388930252	43
567050	388930253	1
567050	388930254	7968
567050	388930255	3
567050	388930256	23644
567050	388930257	6
567050	388930258	3
567050	388930259	2862
567050	388930260	10944
567050	388930261	11
567050	388930262	64
567050	388930263	3
567050	388930264	4535
567050	388930265	6
567050	388930266	118
567050	388930267	7058
567050	388930268	2
567050	388930269	160
567050	388930270	164
567050	388930271	302
567050	388930272	1
567050	388930273	16
567050	388930274	4624
567050	388930275	6
567050	388930276	2607
567050	388930277	22
567050	388930278	32604
567050	388930279	5
567050	388930280	1790175
567050	388930281	2
567050	388930282	37
567050	388930283	251
567050	388930284	24
567050	388930285	8464
567050	388930286	2607
567050	388930287	177
567050	388930288	360
567050	388930289	40
567050	388930290	107799
567050	388930291	107799
567050	388930292	107799
567050	388930293	107799
567050	388930294	107799
567050	388930295	107799
567050	388930296	107799
567050	388930297	107799
567050	388930298	107799
567050	388930299	107799
567050	388930300	3
567050	388930301	1259
567050	388930302	2
567050	388930303	9102
567050	388930304	42342
567050	388930305	1174194
567050	388930306	11
567050	388930307	16
567050	388930308	142
567050	388930309	585
567050	388930310	1
567050	388930311	3
567050	388930312	1959
567050	388930313	6
567050	388930314	187
567050	388930315	120
567050	388930316	165307
567050	388930317	19909
567050	388930318	51
567050	388930319	14
567050	388930320	22
567050	388930321	3
567050	388930322	4090
567050	388930323	6
567050	388930324	16
567050	388930325	619
567050	388930326	9
567050	388930327	12128
567050	388930328	5
567050	388930329	874
567050	388930330	1006
567050	388930331	2
567050	388930332	201
567050	388930333	80
567050	388930334	1961
567050	388930335	1157
567050	388930336	278
567050	388930337	21668
567050	388930338	11
567050	388930339	16
567050	388930340	3777
567050	388930341	6
567050	388930342	3
567050	388930343	12231
567050	388930344	20
567050	388930345	179
567050	388930346	42921
567050	388930347	2
567050	388930348	127
567050	388930349	4060
567050	388930350	496
567050	388930351	3
567050	388930352	5449
567050	388930353	33
567050	388930354	3
567050	388930355	127358
567050	388930356	4612
567050	388930357	6
567050	388930358	2607
567050	388930359	1
567050	388930360	17
567050	388930361	118
567050	388930362	9712
567050	388930363	10648
567050	388930364	5
567050	388930365	118
567050	388930366	29696
567050	388930367	257540
567050	388930368	57194
567050	388930369	1
567050	388930370	5
567050	388930371	1128
567050	388930372	11
567050	388930373	5047
567050	388930374	5272
567050	388930375	1
567050	388930376	15
567050	388930377	4
567050	388930378	794
567050	388930379	12231
567050	388930380	11
567050	388930381	5750
567050	388930382	1
567050	388930383	55
567050	388930384	2441927
567050	388930385	2
567050	388930386	4
567050	388930387	3541
567050	388930388	43
567050	388930389	2931
567050	388930390	122
567050	388930391	57483
567050	388930392	76824
567050	388930393	59
567050	388930394	4079
567050	388930395	6
567050	388930396	1
567050	388930397	3
567050	388930398	11766
567050	388930399	6
567050	388930400	5750
567050	388930401	1
567050	388930402	55
567050	388930403	3
567050	388930404	1259
567050	388930405	2280
567050	388930406	6
567050	388930407	3
567050	388930408	1447
567050	388930409	1
567050	388930410	5
567050	388930411	3
567050	388930412	11766
567050	388930413	6
567050	388930414	17480
567050	388930415	45
567050	388930416	7
567050	388930417	2067570
567050	388930418	55
567050	388930419	1967384
567050	388930420	2867
567050	388930421	1
567050	388930422	54573
567050	388930423	17
567050	388930424	64
567050	388930425	10944
567050	388930426	31990
567050	388930427	2
567050	388930428	160
567050	388930429	3
567050	388930430	4448
567050	388930431	6
567050	388930432	3
567050	388930433	152
567050	388930434	1
567050	388930435	54
567050	388930436	1072
567050	388930437	7170
567050	388930438	9
567050	388930439	46478
567050	388930440	1
567050	388930441	11
567050	388930442	46
567050	388930443	6
567050	388930444	3
567050	388930445	2289
567050	388930446	54
567050	388930447	5974
567050	388930448	1181
567050	388930449	17
567050	388930450	3
567050	388930451	2623
567050	388930452	36
567050	388930453	10534
567050	388930454	1
567050	388930455	38
567050	388930456	243
567050	388930457	3
567050	388930458	1418
567050	388930459	24
567050	388930460	1181
567050	388930461	13657
567050	388930462	17
567050	388930463	16
567050	388930464	7393
567050	388930465	857
567050	388930466	4269
567050	388930467	3
567050	388930468	72650
567050	388930469	6
567050	388930470	3
567050	388930471	1111
567050	388930472	2
567050	388930473	75
567050	388930474	43
567050	388930475	4145
567050	388930476	156
567050	388930477	130
567050	388930478	3
567050	388930479	30215
567050	388930480	388
567050	388930481	17336
567050	388930482	1
567050	388930483	11
567050	388930484	1941
567050	388930485	15
567050	388930486	3
567050	388930487	858
567050	388930488	6
567050	388930489	3
567050	388930490	1111
567050	388930491	107799
567050	388930492	107799
567050	388930493	107799
567050	388930494	107799
567050	388930495	107799
567050	388930496	107799
567050	388930497	107799
567050	388930498	107799
567050	388930499	107799
567050	388930500	107799
567050	388930501	5
567050	388930502	15
567050	388930503	3
567050	388930504	3056837
567050	388930505	17
567050	388930506	51
567050	388930507	43
567050	388930508	22
567050	388930509	72326
567050	388930510	768
567050	388930511	1
567050	388930512	100
567050	388930513	2789
567050	388930514	14
567050	388930515	22
567050	388930516	310
567050	388930517	2
567050	388930518	2280701
567050	388930519	5
567050	388930520	185380
567050	388930521	59
567050	388930522	16634
567050	388930523	3720
567050	388930524	1
567050	388930525	1786
567050	388930526	130
567050	388930527	43
567050	388930528	2793402
567050	388930529	1
567050	388930530	5
567050	388930531	9
567050	388930532	10243
567050	388930533	14
567050	388930534	1
567050	388930535	934
567050	388930536	3615
567050	388930537	64
567050	388930538	3
567050	388930539	4056
567050	388930540	6
567050	388930541	2868
567050	388930542	521
567050	388930543	59
567050	388930544	757
567050	388930545	74
567050	388930546	28428
567050	388930547	1
567050	388930548	22
567050	388930549	3
567050	388930550	598
567050	388930551	6
567050	388930552	64
567050	388930553	398
567050	388930554	288
567050	388930555	10944
567050	388930556	10482
567050	388930557	22
567050	388930558	5083
567050	388930559	2
567050	388930560	127
567050	388930561	61
567050	388930562	24
567050	388930563	3823
567050	388930564	25
567050	388930565	14
567050	388930566	131
567050	388930567	379
567050	388930568	30054
567050	388930569	9
567050	388930570	7558
567050	388930571	3
567050	388930572	1259
567050	388930573	9123
567050	388930574	51
567050	388930575	3
567050	388930576	1111
567050	388930577	99
567050	388930578	15075
567050	388930579	1
567050	388930580	38
567050	388930581	172
567050	388930582	9
567050	388930583	671
567050	388930584	3
567050	388930585	1959
567050	388930586	108
567050	388930587	77
567050	388930588	51
567050	388930589	223
567050	388930590	2408
567050	388930591	29
567050	388930592	9
567050	388930593	11422
567050	388930594	149
567050	388930595	6
567050	388930596	179
567050	388930597	10944
567050	388930598	26593
567050	388930599	1
567050	388930600	22
567050	388930601	118
567050	388930602	27086
567050	388930603	5
567050	388930604	1905
567050	388930605	2519
567050	388930606	12327
567050	388930607	2
567050	388930608	75
567050	388930609	54
567050	388930610	4060
567050	388930611	15
567050	388930612	5047
567050	388930613	7185
567050	388930614	1
567050	388930615	51
567050	388930616	2034
567050	388930617	15
567050	388930618	117
567050	388930619	3
567050	388930620	582
567050	388930621	51
567050	388930622	99
567050	388930623	56
567050	388930624	177
567050	388930625	554
567050	388930626	63211
567050	388930627	11
567050	388930628	179
567050	388930629	240
567050	388930630	301
567050	388930631	1
567050	388930632	63991
567050	388930633	1
567050	388930634	642
567050	388930635	3
567050	388930636	141547
567050	388930637	11
567050	388930638	118
567050	388930639	3169
567050	388930640	602
567050	388930641	1
567050	388930642	22
567050	388930643	38990
567050	388930644	17
567050	388930645	3164
567050	388930646	1
567050	388930647	5
567050	388930648	22
567050	388930649	9959
567050	388930650	263
567050	388930651	6706
567050	388930652	2901
567050	388930653	2
567050	388930654	160
567050	388930655	164
567050	388930656	302
567050	388930657	1
567050	388930658	22
567050	388930659	24
567050	388930660	3
567050	388930661	2946
567050	388930662	11
567050	388930663	3
567050	388930664	12181
567050	388930665	1
567050	388930666	50
567050	388930667	11710
567050	388930668	239
567050	388930669	114
567050	388930670	1192
567050	388930671	11
567050	388930672	46
567050	388930673	1037
567050	388930674	6
567050	388930675	3
567050	388930676	4302
567050	388930677	51
567050	388930678	22
567050	388930679	1060
567050	388930680	3
567050	388930681	59166
567050	388930682	46533
567050	388930683	5
567050	388930684	3
567050	388930685	2984
567050	388930686	10715
567050	388930687	6
567050	388930688	64
567050	388930689	3509
567050	388930690	19
567050	388930691	438
567050	388930692	107799
567050	388930693	107799
567050	388930694	107799
567050	388930695	107799
567050	388930696	107799
567050	388930697	107799
567050	388930698	107799
567050	388930699	107799
567050	388930700	107799
567050	388930701	107799
567050	388930702	1506
567050	388930703	1
567050	388930704	63991
567050	388930705	1
567050	388930706	3
567050	388930707	2946
567050	388930708	11
567050	388930709	3
567050	388930710	12181
567050	388930711	22
567050	388930712	86309
567050	388930713	5
567050	388930714	4196
567050	388930715	2
567050	388930716	31
567050	388930717	2179059
567050	388930718	675
567050	388930719	14
567050	388930720	1
567050	388930721	406
567050	388930722	37241
567050	388930723	714
567050	388930724	1878057
567050	388930725	857
567050	388930726	1
567050	388930727	599
567050	388930728	15
567050	388930729	29
567050	388930730	631
567050	388930731	22
567050	388930732	345
567050	388930733	1
567050	388930734	5
567050	388930735	345
567050	388930736	22
567050	388930737	631
567050	388930738	2
567050	388930739	31
567050	388930740	1457
567050	388930741	25
567050	388930742	12
567050	388930743	675
567050	388930744	303
567050	388930745	3
567050	388930746	3091
567050	388930747	1398
567050	388930748	6
567050	388930749	345
567050	388930750	5
567050	388930751	16
567050	388930752	188238
567050	388930753	355889
567050	388930754	73
567050	388930755	4946
567050	388930756	16
567050	388930757	3378
567050	388930758	6
567050	388930759	6007
567050	388930760	966
567050	388930761	17
567050	388930762	118
567050	388930763	3339491
567050	388930764	1272
567050	388930765	902
567050	388930766	1
567050	388930767	15
567050	388930768	9959
567050	388930769	263
567050	388930770	14
567050	388930771	980
567050	388930772	3
567050	388930773	1922529
567050	388930774	76
567050	388930775	55
567050	388930776	3
567050	388930777	379488
567050	388930778	191
567050	388930779	1010
567050	388930780	130
567050	388930781	345
567050	388930782	149
567050	388930783	2
567050	388930784	2252711
567050	388930785	1
567050	388930786	93
567050	388930787	7679
567050	388930788	1
567050	388930789	5
567050	388930790	187
567050	388930791	73
567050	388930792	27356
567050	388930793	16
567050	388930794	15552
567050	388930795	1
567050	388930796	5
567050	388930797	59
567050	388930798	37494
567050	388930799	45
567050	388930800	16
567050	388930801	24384
567050	388930802	1
567050	388930803	61
567050	388930804	3
567050	388930805	244
567050	388930806	2
567050	388930807	45265
567050	388930808	15484
567050	388930809	6
567050	388930810	64
567050	388930811	4937
567050	388930812	1
567050	388930813	73
567050	388930814	59
567050	388930815	3397
567050	388930816	14502
567050	388930817	17
567050	388930818	3
567050	388930819	21110
567050	388930820	5
567050	388930821	20398
567050	388930822	524
567050	388930823	6
567050	388930824	3
567050	388930825	2901
567050	388930826	6
567050	388930827	631
567050	388930828	1
567050	388930829	5
567050	388930830	3055
567050	388930831	35667
567050	388930832	9
567050	388930833	3499
567050	388930834	3
567050	388930835	4250
567050	388930836	6
567050	388930837	631
567050	388930838	4069
567050	388930839	3834
567050	388930840	15
567050	388930841	28
567050	388930842	2901
567050	388930843	1
567050	388930844	570
567050	388930845	3
567050	388930846	244
567050	388930847	857
567050	388930848	2
567050	388930849	307
567050	388930850	61
567050	388930851	1700
567050	388930852	187
567050	388930853	1817
567050	388930854	5
567050	388930855	2613
567050	388930856	15484
567050	388930857	1
567050	388930858	73
567050	388930859	1
567050	388930860	20
567050	388930861	3
567050	388930862	1150
567050	388930863	6
567050	388930864	476
567050	388930865	1117
567050	388930866	7
567050	388930867	3509
567050	388930868	1
567050	388930869	45778
567050	388930870	15
567050	388930871	3
567050	388930872	122310
567050	388930873	6
567050	388930874	966
567050	388930875	64
567050	388930876	148
567050	388930877	1338
567050	388930878	1117
567050	388930879	118
567050	388930880	2188
567050	388930881	1
567050	388930882	54880
567050	388930883	32359
567050	388930884	1
567050	388930885	3
567050	388930886	1970
567050	388930887	5
567050	388930888	3585
567050	388930889	6
567050	388930890	77
567050	388930891	2
567050	388930892	341
567050	388930893	107799
567050	388930894	107799
567050	388930895	107799
567050	388930896	107799
567050	388930897	107799
567050	388930898	107799
567050	388930899	107799
567050	388930900	107799
567050	388930901	107799
567050	388930902	107799
567050	388930903	3803
567050	388930904	1
567050	388930905	155
567050	388930906	73
567050	388930907	1859
567050	388930908	94
567050	388930909	2358
567050	388930910	1464
567050	388930911	1
567050	388930912	5
567050	388930913	81120
567050	388930914	957
567050	388930915	1
567050	388930916	5
567050	388930917	24015
567050	388930918	1267
567050	388930919	1
567050	388930920	38
567050	388930921	70
567050	388930922	86
567050	388930923	3426
567050	388930924	940
567050	388930925	11
567050	388930926	150
567050	388930927	1
567050	388930928	73
567050	388930929	80
567050	388930930	1161
567050	388930931	32209
567050	388930932	9
567050	388930933	929
567050	388930934	1
567050	388930935	360
567050	388930936	3257
567050	388930937	15
567050	388930938	361727
567050	388930939	406
567050	388930940	341
567050	388930941	64
567050	388930942	179
567050	388930943	4937
567050	388930944	640
567050	388930945	1
567050	388930946	3
567050	388930947	2946
567050	388930948	11
567050	388930949	966
567050	388930950	1
567050	388930951	642
567050	388930952	14
567050	388930953	22
567050	388930954	7
567050	388930955	4106
567050	388930956	55
567050	388930957	7
567050	388930958	9382
567050	388930959	1
567050	388930960	22
567050	388930961	7
567050	388930962	455
567050	388930963	1
567050	388930964	5
567050	388930965	17531
567050	388930966	9
567050	388930967	30
567050	388930968	4585
567050	388930969	2
567050	388930970	1041
567050	388930971	9795
567050	388930972	15
567050	388930973	113
567050	388930974	10944
567050	388930975	30638
567050	388930976	59
567050	388930977	82487
567050	388930978	1
567050	388930979	2346
567050	388930980	263
567050	388930981	673
567050	388930982	58775
567050	388930983	2
567050	388930984	1631
567050	388930985	1
567050	388930986	148
567050	388930987	165
567050	388930988	10482
567050	388930989	22
567050	388930990	1998736
567050	388930991	17
567050	388930992	3
567050	388930993	1037
567050	388930994	6
567050	388930995	631
567050	388930996	2
567050	388930997	41545
567050	388930998	1
567050	388930999	25
567050	388931000	43
567050	388931001	7807
567050	388931002	22
567050	388931003	37070
567050	388931004	210
567050	388931005	966
567050	388931006	1
567050	388931007	5
567050	388931008	14707
567050	388931009	263
567050	388931010	598
567050	388931011	2
567050	388931012	160
567050	388931013	5982
567050	388931014	15
567050	388931015	3
567050	388931016	152
567050	388931017	1
567050	388931018	12
567050	388931019	58539
567050	388931020	9
567050	388931021	772
567050	388931022	92
567050	388931023	165
567050	388931024	7807
567050	388931025	22
567050	388931026	38990
567050	388931027	17
567050	388931028	631
567050	388931029	1
567050	388931030	5
567050	388931031	92
567050	388931032	67825
567050	388931033	11020
567050	388931034	61
567050	388931035	24
567050	388931036	19464
567050	388931037	113
567050	388931038	11892
567050	388931039	1
567050	388931040	55
567050	388931041	25504
567050	388931042	6
567050	388931043	28
567050	388931044	2901
567050	388931045	2
567050	388931046	345
567050	388931047	717
567050	388931048	30892
567050	388931049	108
567050	388931050	631
567050	388931051	198
567050	388931052	976
567050	388931053	1762
567050	388931054	30
567050	388931055	16
567050	388931056	77529
567050	388931057	108
567050	388931058	3
567050	388931059	1282
567050	388931060	6
567050	388931061	631
567050	388931062	1
567050	388931063	47
567050	388931064	22
567050	388931065	3
567050	388931066	1398
567050	388931067	6
567050	388931068	77
567050	388931069	1
567050	388931070	100
567050	388931071	12
567050	388931072	1338
567050	388931073	254
567050	388931074	3340
567050	388931075	1
567050	388931076	5
567050	388931077	675
567050	388931078	254
567050	388931079	2140321
567050	388931080	1
567050	388931081	45
567050	388931082	3
567050	388931083	10944
567050	388931084	1272
567050	388931085	6
567050	388931086	16
567050	388931087	1111
567050	388931088	2
567050	388931089	1376
567050	388931090	3
567050	388931091	3340
567050	388931092	5
567050	388931093	21808
567050	388931094	107799
567050	388931095	107799
567050	388931096	107799
567050	388931097	107799
567050	388931098	107799
567050	388931099	107799
567050	388931100	107799
567050	388931101	107799
567050	388931102	107799
567050	388931103	107799
567050	388931104	187
567050	388931105	32
567050	388931106	3
567050	388931107	38167
567050	388931108	6
567050	388931109	77
567050	388931110	2
567050	388931111	1398
567050	388931112	1
567050	388931113	15
567050	388931114	51
567050	388931115	673
567050	388931116	58775
567050	388931117	25849
567050	388931118	1
567050	388931119	5
567050	388931120	239
567050	388931121	51
567050	388931122	12
567050	388931123	41203
567050	388931124	1
567050	388931125	22
567050	388931126	9
567050	388931127	30
567050	388931128	27443
567050	388931129	354
567050	388931130	14530
567050	388931131	3110
567050	388931132	3
567050	388931133	9626
567050	388931134	159823
567050	388931135	6
567050	388931136	3
567050	388931137	234736
567050	388931138	580
567050	388931139	1
567050	388931140	51
567050	388931141	80378
567050	388931142	1
567050	388931143	100
567050	388931144	16946
567050	388931145	50432
567050	388931146	1
567050	388931147	3
567050	388931148	3335
567050	388931149	6
567050	388931150	1970
567050	388931151	1
567050	388931152	6
567050	388931153	2607
567050	388931154	1
567050	388931155	6
567050	388931156	3
567050	388931157	12181
567050	388931158	1
567050	388931159	5
567050	388931160	6
567050	388931161	7
567050	388931162	1400
567050	388931163	55
567050	388931164	10944
567050	388931165	2942
567050	388931166	2
567050	388931167	146
567050	388931168	22
567050	388931169	3575
567050	388931170	9344
567050	388931171	17
567050	388931172	165
567050	388931173	155
567050	388931174	1
567050	388931175	2953
567050	388931176	239
567050	388931177	66
567050	388931178	13750
567050	388931179	3889
567050	388931180	2
567050	388931181	1251
567050	388931182	217
567050	388931183	1481
567050	388931184	6
567050	388931185	3381
567050	388931186	5040
567050	388931187	1
567050	388931188	709
567050	388931189	11
567050	388931190	345
567050	388931191	406
567050	388931192	155
567050	388931193	1
567050	388931194	73
567050	388931195	2
567050	388931196	1
567050	388931197	5
567050	388931198	15
567050	388931199	7
567050	388931200	568
567050	388931201	3567
567050	388931202	11
567050	388931203	2607
567050	388931204	1
567050	388931205	253
567050	388931206	189
567050	388931207	6419
567050	388931208	5
567050	388931209	4705
567050	388931210	11
567050	388931211	66
567050	388931212	631
567050	388931213	9
567050	388931214	52581
567050	388931215	7
567050	388931216	1400
567050	388931217	1250
567050	388931218	1
567050	388931219	189
567050	388931220	1926
567050	388931221	6
567050	388931222	1400
567050	388931223	7035
567050	388931224	9
567050	388931225	30
567050	388931226	1425
567050	388931227	9
567050	388931228	30
567050	388931229	68723
567050	388931230	11
567050	388931231	3
567050	388931232	174922
567050	388931233	29415
567050	388931234	1
567050	388931235	5
567050	388931236	189
567050	388931237	78340
567050	388931238	1182
567050	388931239	15
567050	388931240	560
567050	388931241	150
567050	388931242	1
567050	388931243	9
567050	388931244	30
567050	388931245	3322
567050	388931246	92
567050	388931247	2607
567050	388931248	22
567050	388931249	7
567050	388931250	2337285
567050	388931251	3
567050	388931252	3335
567050	388931253	6
567050	388931254	11020
567050	388931255	1
567050	388931256	38
567050	388931257	12479
567050	388931258	66
567050	388931259	2820
567050	388931260	2
567050	388931261	1203890
567050	388931262	127
567050	388931263	21448
567050	388931264	92
567050	388931265	94
567050	388931266	703
567050	388931267	72709
567050	388931268	3
567050	388931269	10944
567050	388931270	379488
567050	388931271	6
567050	388931272	345
567050	388931273	1
567050	388931274	12
567050	388931275	35894
567050	388931276	40
567050	388931277	16
567050	388931278	142
567050	388931279	4106
567050	388931280	1
567050	388931281	51
567050	388931282	22
567050	388931283	9
567050	388931284	47463
567050	388931285	3
567050	388931286	10944
567050	388931287	2
567050	388931288	510
567050	388931289	22
567050	388931290	3
567050	388931291	1762
567050	388931292	10944
567050	388931293	11
567050	388931294	43
567050	388931295	107799
567050	388931296	107799
567050	388931297	107799
567050	388931298	107799
567050	388931299	107799
567050	388931300	107799
567050	388931301	107799
567050	388931302	107799
567050	388931303	107799
567050	388931304	107799
567050	388931305	28
567050	388931306	1873276
567050	388931307	5
567050	388931308	2901
567050	388931309	19
567050	388931310	331
567050	388931311	143
567050	388931312	99
567050	388931313	12
567050	388931314	672
567050	388931315	53
567050	388931316	74
567050	388931317	253
567050	388931318	45
567050	388931319	16
567050	388931320	11943
567050	388931321	32309
567050	388931322	1
567050	388931323	38
567050	388931324	45
567050	388931325	16
567050	388931326	139025
567050	388931327	338
567050	388931328	12
567050	388931329	2068
567050	388931330	53
567050	388931331	11
567050	388931332	5858
567050	388931333	8630
567050	388931334	3282708
567050	388931335	1
567050	388931336	29377
567050	388931337	3
567050	388931338	12955
567050	388931339	6
567050	388931340	150
567050	388931341	1
567050	388931342	5
567050	388931343	29377
567050	388931344	379
567050	388931345	3
567050	388931346	11544
567050	388931347	6
567050	388931348	150
567050	388931349	11
567050	388931350	51
567050	388931351	42
567050	388931352	59
567050	388931353	9
567050	388931354	933
567050	388931355	2
567050	388931356	2007
567050	388931357	54
567050	388931358	180
567050	388931359	25
567050	388931360	12
567050	388931361	91
567050	388931362	24
567050	388931363	34617
567050	388931364	55
567050	388931365	32728
567050	388931366	179
567050	388931367	2901
567050	388931368	19
567050	388931369	1332
567050	388931370	41
567050	388931371	9
567050	388931372	36248
567050	388931373	3
567050	388931374	2989
567050	388931375	5
567050	388931376	6527
567050	388931377	6
567050	388931378	16
567050	388931379	10944
567050	388931380	524
567050	388931381	2
567050	388931382	52
567050	388931383	41
567050	388931384	9
567050	388931385	5211
567050	388931386	7
567050	388931387	3860
567050	388931388	15
567050	388931389	631
567050	388931390	51
567050	388931391	21
567050	388931392	99
567050	388931393	86
567050	388931394	1446
567050	388931395	9
567050	388931396	15742
567050	388931397	2
567050	388931398	2528
567050	388931399	12
567050	388931400	19
567050	388931401	1780
567050	388931402	12
567050	388931403	19
567050	388931404	848
567050	388931405	59
567050	388931406	164
567050	388931407	1200
567050	388931408	1
567050	388931409	38
567050	388931410	7151
567050	388931411	12
567050	388931412	91
567050	388931413	1
567050	388931414	73
567050	388931415	46
567050	388931416	6515
567050	388931417	11
567050	388931418	3
567050	388931419	10944
567050	388931420	80
567050	388931421	6946
567050	388931422	9
567050	388931423	3823
567050	388931424	19
567050	388931425	201
567050	388931426	8972
567050	388931427	22
567050	388931428	24
567050	388931429	9638
567050	388931430	45
567050	388931431	3
567050	388931432	13627
567050	388931433	15
567050	388931434	51
567050	388931435	12
567050	388931436	64755
567050	388931437	2
567050	388931438	4
567050	388931439	167
567050	388931440	631
567050	388931441	22
567050	388931442	11
567050	388931443	455
567050	388931444	28359
567050	388931445	15
567050	388931446	16
567050	388931447	1398
567050	388931448	1
567050	388931449	3210
567050	388931450	2772
567050	388931451	3025
567050	388931452	1
567050	388931453	11
567050	388931454	3
567050	388931455	622
567050	388931456	521236
567050	388931457	2076028
567050	388931458	1
567050	388931459	22
567050	388931460	2800
567050	388931461	40
567050	388931462	3
567050	388931463	2485
567050	388931464	6
567050	388931465	3509
567050	388931466	578
567050	388931467	2
567050	388931468	2952
567050	388931469	262
567050	388931470	3
567050	388931471	75832
567050	388931472	3612
567050	388931473	92
567050	388931474	254
567050	388931475	8632
567050	388931476	6
567050	388931477	1600
567050	388931478	5
567050	388931479	11414
567050	388931480	150
567050	388931481	70
567050	388931482	390
567050	388931483	7
567050	388931484	2075
567050	388931485	1
567050	388931486	32
567050	388931487	13784
567050	388931488	3206
567050	388931489	11
567050	388931490	3
567050	388931491	1117
567050	388931492	6
567050	388931493	3
567050	388931494	5930
567050	388931495	1
567050	388931496	107799
567050	388931497	107799
567050	388931498	107799
567050	388931499	107799
567050	388931500	107799
567050	388931501	107799
567050	388931502	107799
567050	388931503	107799
567050	388931504	107799
567050	388931505	107799
567050	388931506	1
567050	388931507	9
567050	388931508	30
567050	388931509	5106
567050	388931510	45
567050	388931511	398
567050	388931512	1008
567050	388931513	40
567050	388931514	3
567050	388931515	136
567050	388931516	6
567050	388931517	345
567050	388931518	1
567050	388931519	65
567050	388931520	251
567050	388931521	14
567050	388931522	22286
567050	388931523	1
567050	388931524	38
567050	388931525	7151
567050	388931526	3
567050	388931527	21264
567050	388931528	5
567050	388931529	23241
567050	388931530	4056
567050	388931531	6
567050	388931532	631
567050	388931533	59
567050	388931534	1028
567050	388931535	127966
567050	388931536	15
567050	388931537	345
567050	388931538	1
567050	388931539	25
567050	388931540	42
567050	388931541	61
567050	388931542	1
567050	388931543	45
567050	388931544	66
567050	388931545	142
567050	388931546	2901
567050	388931547	1
567050	388931548	21448
567050	388931549	500
567050	388931550	15
567050	388931551	16
567050	388931552	1111
567050	388931553	10638
567050	388931554	74
567050	388931555	254
567050	388931556	21808
567050	388931557	1
567050	388931558	5
567050	388931559	23608
567050	388931560	703
567050	388931561	254
567050	388931562	30551
567050	388931563	6
567050	388931564	150
567050	388931565	19
567050	388931566	4
567050	388931567	5772
567050	388931568	53667
567050	388931569	1
567050	388931570	54222
567050	388931571	2
567050	388931572	3282
567050	388931573	673
567050	388931574	58775
567050	388931575	91
567050	388931576	24
567050	388931577	63
567050	388931578	14407
567050	388931579	108
567050	388931580	3
567050	388931581	14122
567050	388931582	6
567050	388931583	16
567050	388931584	302
567050	388931585	1
567050	388931586	100
567050	388931587	20
567050	388931588	179
567050	388931589	17075
567050	388931590	12
567050	388931591	27005
567050	388931592	12897
567050	388931593	341797
567050	388931594	1
567050	388931595	5
567050	388931596	83982
567050	388931597	25
567050	388931598	14
567050	388931599	22
567050	388931600	143
567050	388931601	45
567050	388931602	2901
567050	388931603	5
567050	388931604	40586
567050	388931605	388
567050	388931606	11
567050	388931607	2594793
567050	388931608	46
567050	388931609	4
567050	388931610	6
567050	388931611	150
567050	388931612	41
567050	388931613	10261
567050	388931614	2
567050	388931615	4
567050	388931616	160
567050	388931617	254
567050	388931618	30551
567050	388931619	530
567050	388931620	43
567050	388931621	857
567050	388931622	12
567050	388931623	639
567050	388931624	15
567050	388931625	117
567050	388931626	9
567050	388931627	9232
567050	388931628	64
567050	388931629	25
567050	388931630	12
567050	388931631	99
567050	388931632	38108
567050	388931633	1
567050	388931634	5
567050	388931635	9
567050	388931636	2001
567050	388931637	149
567050	388931638	1
567050	388931639	17
567050	388931640	64
567050	388931641	16
567050	388931642	8600
567050	388931643	1
567050	388931644	74
567050	388931645	3
567050	388931646	1209
567050	388931647	6
567050	388931648	3
567050	388931649	66689
567050	388931650	2
567050	388931651	1931
567050	388931652	1
567050	388931653	14
567050	388931654	22
567050	388931655	19912
567050	388931656	17
567050	388931657	64
567050	388931658	16
567050	388931659	14486
567050	388931660	4269
567050	388931661	3
567050	388931662	15639
567050	388931663	6
567050	388931664	631
567050	388931665	1
567050	388931666	47
567050	388931667	24
567050	388931668	6
567050	388931669	578
567050	388931670	24973
567050	388931671	20
567050	388931672	113
567050	388931673	4694
567050	388931674	372
567050	388931675	1
567050	388931676	38
567050	388931677	143
567050	388931678	1061
567050	388931679	2561
567050	388931680	3
567050	388931681	4250
567050	388931682	5
567050	388931683	15639
567050	388931684	6
567050	388931685	3
567050	388931686	10944
567050	388931687	2
567050	388931688	127
567050	388931689	44
567050	388931690	25
567050	388931691	54
567050	388931692	58
567050	388931693	23664
567050	388931694	15
567050	388931695	114
567050	388931696	2833
567050	388931697	107799
567050	388931698	107799
567050	388931699	107799
567050	388931700	107799
567050	388931701	107799
567050	388931702	107799
567050	388931703	107799
567050	388931704	107799
567050	388931705	107799
567050	388931706	107799
567050	388931707	232
567050	388931708	439
567050	388931709	857
567050	388931710	11
567050	388931711	3
567050	388931712	4302
567050	388931713	6
567050	388931714	1250
567050	388931715	2
567050	388931716	103
567050	388931717	59
567050	388931718	143
567050	388931719	37903
567050	388931720	45
567050	388931721	3
567050	388931722	11500
567050	388931723	92
567050	388931724	631
567050	388931725	131
567050	388931726	30
567050	388931727	7
567050	388931728	3293
567050	388931729	7234
567050	388931730	1
567050	388931731	368
567050	388931732	54
567050	388931733	58
567050	388931734	24
567050	388931735	2100
567050	388931736	49
567050	388931737	1
567050	388931738	436
567050	388931739	4727
567050	388931740	9
567050	388931741	4978
567050	388931742	49
567050	388931743	1
567050	388931744	7
567050	388931745	3093
567050	388931746	51
567050	388931747	22
567050	388931748	495741
567050	388931749	5
567050	388931750	9987
567050	388931751	62
567050	388931752	45
567050	388931753	3
567050	388931754	1272
567050	388931755	6
567050	388931756	3
567050	388931757	747
567050	388931758	3178
567050	388931759	11
567050	388931760	51
567050	388931761	14
567050	388931762	14549
567050	388931763	2
567050	388931764	1177688
567050	388931765	316
567050	388931766	3
567050	388931767	2076
567050	388931768	4250
567050	388931769	6
567050	388931770	3
567050	388931771	10944
567050	388931772	1
567050	388931773	631
567050	388931774	131
567050	388931775	588
567050	388931776	30
567050	388931777	3293
567050	388931778	1
567050	388931779	4239
567050	388931780	1739
567050	388931781	118
567050	388931782	3146
567050	388931783	4250
567050	388931784	1
567050	388931785	28
567050	388931786	17902
567050	388931787	131
567050	388931788	297
567050	388931789	106
567050	388931790	15
567050	388931791	7
567050	388931792	3834
567050	388931793	524
567050	388931794	2
567050	388931795	127
567050	388931796	343
567050	388931797	4
567050	388931798	104
567050	388931799	179
567050	388931800	4250
567050	388931801	10865
567050	388931802	14
567050	388931803	2
567050	388931804	4
567050	388931805	52
567050	388931806	80
567050	388931807	24
567050	388931808	3320
567050	388931809	3
567050	388931810	582
567050	388931811	9
567050	388931812	180
567050	388931813	1
567050	388931814	4
567050	388931815	104
567050	388931816	631
567050	388931817	41
567050	388931818	9
567050	388931819	30
567050	388931820	28503
567050	388931821	5
567050	388931822	12425
567050	388931823	946
567050	388931824	45
567050	388931825	2178004
567050	388931826	444649
567050	388931827	6
567050	388931828	28
567050	388931829	2901
567050	388931830	1
567050	388931831	121
567050	388931832	44
567050	388931833	30
567050	388931834	50
567050	388931835	372
567050	388931836	6
567050	388931837	64
567050	388931838	1542
567050	388931839	5
567050	388931840	4440
567050	388931841	2611
567050	388931842	2
567050	388931843	4
567050	388931844	201
567050	388931845	22
567050	388931846	439
567050	388931847	2
567050	388931848	2163
567050	388931849	1542
567050	388931850	5
567050	388931851	4440
567050	388931852	2611
567050	388931853	44
567050	388931854	30
567050	388931855	154183
567050	388931856	1
567050	388931857	121
567050	388931858	59
567050	388931859	86
567050	388931860	444649
567050	388931861	1
567050	388931862	38
567050	388931863	262
567050	388931864	2862
567050	388931865	4250
567050	388931866	96
567050	388931867	179
567050	388931868	446
567050	388931869	256
567050	388931870	1
567050	388931871	3
567050	388931872	4
567050	388931873	444649
567050	388931874	1
567050	388931875	4
567050	388931876	104
567050	388931877	14
567050	388931878	30
567050	388931879	520
567050	388931880	9
567050	388931881	629
567050	388931882	53
567050	388931883	165
567050	388931884	1
567050	388931885	59
567050	388931886	170
567050	388931887	511
567050	388931888	24
567050	388931889	4
567050	388931890	16373
567050	388931891	2
567050	388931892	4
567050	388931893	75
567050	388931894	64
567050	388931895	25
567050	388931896	54
567050	388931897	44
567050	388931898	107799
567050	388931899	107799
567050	388931900	107799
567050	388931901	107799
567050	388931902	107799
567050	388931903	107799
567050	388931904	107799
567050	388931905	107799
567050	388931906	107799
567050	388931907	107799
567050	388931908	149
567050	388931909	1
567050	388931910	275
567050	388931911	16
567050	388931912	1119
567050	388931913	161
567050	388931914	1
567050	388931915	11
567050	388931916	51
567050	388931917	12
567050	388931918	3716
567050	388931919	25
567050	388931920	3
567050	388931921	10944
567050	388931922	7807
567050	388931923	6
567050	388931924	1250
567050	388931925	22
567050	388931926	578
567050	388931927	9959
567050	388931928	263
567050	388931929	966
567050	388931930	5
567050	388931931	2067
567050	388931932	2
567050	388931933	1801
567050	388931934	16
567050	388931935	33914
567050	388931936	6
567050	388931937	43
567050	388931938	857
567050	388931939	1
567050	388931940	2353
567050	388931941	144551
567050	388931942	5
567050	388931943	233293
567050	388931944	187
567050	388931945	15
567050	388931946	51
567050	388931947	54
567050	388931948	70
567050	388931949	282153
567050	388931950	1
567050	388931951	5
567050	388931952	1338
567050	388931953	3
567050	388931954	439
567050	388931955	552
567050	388931956	6
567050	388931957	16485
567050	388931958	3
567050	388931959	10944
567050	388931960	239
567050	388931961	9795
567050	388931962	6
567050	388931963	188
567050	388931964	402
567050	388931965	2
567050	388931966	52
567050	388931967	22
567050	388931968	102
567050	388931969	25
567050	388931970	12
567050	388931971	73240
567050	388931972	16
567050	388931973	690
567050	388931974	3922
567050	388931975	33
567050	388931976	3
567050	388931977	4395
567050	388931978	10001
567050	388931979	45
567050	388931980	3
567050	388931981	2218
567050	388931982	521
567050	388931983	6
567050	388931984	16
567050	388931985	619
567050	388931986	1
567050	388931987	46
567050	388931988	631
567050	388931989	251
567050	388931990	24
567050	388931991	31368
567050	388931992	3
567050	388931993	3068
567050	388931994	6
567050	388931995	3
567050	388931996	2067
567050	388931997	6
567050	388931998	3117713
567050	388931999	22
567050	388932000	21
567050	388932001	166
567050	388932002	1865696
567050	388932003	11
567050	388932004	3893
567050	388932005	5
567050	388932006	2397
567050	388932007	17
567050	388932008	3
567050	388932009	10944
567050	388932010	1
567050	388932011	38
567050	388932012	7151
567050	388932013	3
567050	388932014	4250
567050	388932015	6
567050	388932016	3
567050	388932017	240
567050	388932018	749
567050	388932019	966
567050	388932020	15
567050	388932021	3
567050	388932022	152
567050	388932023	2
567050	388932024	848
567050	388932025	143
567050	388932026	25861
567050	388932027	3
567050	388932028	439
567050	388932029	4395
567050	388932030	45
567050	388932031	51
567050	388932032	3
567050	388932033	1037
567050	388932034	6
567050	388932035	383
567050	388932036	362
567050	388932037	1
567050	388932038	5
567050	388932039	6
567050	388932040	1139
567050	388932041	334
567050	388932042	1
567050	388932043	91
567050	388932044	30
567050	388932045	5
567050	388932046	22
567050	388932047	41030
567050	388932048	1
567050	388932049	5
567050	388932050	45
567050	388932051	51
567050	388932052	1607
567050	388932053	14
567050	388932054	635
567050	388932055	9
567050	388932056	30
567050	388932057	27443
567050	388932058	2
567050	388932059	160
567050	388932060	25233
567050	388932061	43
567050	388932062	997
567050	388932063	20
567050	388932064	3
567050	388932065	1406
567050	388932066	2020694
567050	388932067	29
567050	388932068	1
567050	388932069	12
567050	388932070	2860
567050	388932071	72
567050	388932072	3
567050	388932073	455
567050	388932074	25
567050	388932075	1358
567050	388932076	1259
567050	388932077	436
567050	388932078	2887
567050	388932079	966
567050	388932080	77531
567050	388932081	114
567050	388932082	8421
567050	388932083	6
567050	388932084	3
567050	388932085	2901
567050	388932086	25
567050	388932087	59
567050	388932088	618
567050	388932089	1
567050	388932090	38
567050	388932091	7151
567050	388932092	121
567050	388932093	22
567050	388932094	7
567050	388932095	1175
567050	388932096	966
567050	388932097	51
567050	388932098	22
567050	388932099	107799
567050	388932100	107799
567050	388932101	107799
567050	388932102	107799
567050	388932103	107799
567050	388932104	107799
567050	388932105	107799
567050	388932106	107799
567050	388932107	107799
567050	388932108	107799
567050	388932109	6
567050	388932110	351
567050	388932111	36
567050	388932112	372
567050	388932113	1
567050	388932114	55
567050	388932115	3
567050	388932116	966
567050	388932117	51
567050	388932118	182
567050	388932119	36
567050	388932120	598
567050	388932121	59203
567050	388932122	11
567050	388932123	3
567050	388932124	106
567050	388932125	6
567050	388932126	38388
567050	388932127	16
567050	388932128	372
567050	388932129	2
567050	388932130	4
567050	388932131	7224
567050	388932132	3
567050	388932133	4250
567050	388932134	6
567050	388932135	345
567050	388932136	59637
567050	388932137	3
567050	388932138	2802
567050	388932139	92
567050	388932140	10944
567050	388932141	7807
567050	388932142	135
567050	388932143	4750
567050	388932144	256
567050	388932145	1
567050	388932146	14
567050	388932147	22
567050	388932148	2346
567050	388932149	263
567050	388932150	2067
567050	388932151	5
567050	388932152	10120
567050	388932153	1037
567050	388932154	25
567050	388932155	14
567050	388932156	2526341
567050	388932157	2067
567050	388932158	5
567050	388932159	10120
567050	388932160	1037
567050	388932161	45
567050	388932162	51
567050	388932163	3
567050	388932164	10944
567050	388932165	4385
567050	388932166	631
567050	388932167	15
567050	388932168	118
567050	388932169	4484
567050	388932170	2
567050	388932171	55498
567050	388932172	10550
567050	388932173	345
567050	388932174	22
567050	388932175	7
567050	388932176	10120
567050	388932177	4215
567050	388932178	1
567050	388932179	12
567050	388932180	18196
567050	388932181	94
567050	388932182	64
567050	388932183	165
567050	388932184	2830
567050	388932185	1161110
567050	388932186	15
567050	388932187	2067
567050	388932188	2
567050	388932189	55498
567050	388932190	10550
567050	388932191	16
567050	388932192	51314
567050	388932193	22
567050	388932194	1094
567050	388932195	1
567050	388932196	12
567050	388932197	99
567050	388932198	18405
567050	388932199	16
567050	388932200	1500
567050	388932201	6
567050	388932202	90121
567050	388932203	4140
567050	388932204	4282
567050	388932205	9
567050	388932206	11747
567050	388932207	165
567050	388932208	280508
567050	388932209	2
567050	388932210	268
567050	388932211	54
567050	388932212	44642
567050	388932213	1
567050	388932214	92
567050	388932215	934
567050	388932216	219
567050	388932217	165
567050	388932218	23644
567050	388932219	24211
567050	388932220	15
567050	388932221	7
567050	388932222	25504
567050	388932223	6
567050	388932224	3
567050	388932225	2901
567050	388932226	6
567050	388932227	631
567050	388932228	1
567050	388932229	78
567050	388932230	14004
567050	388932231	7804
567050	388932232	10468
567050	388932233	55
567050	388932234	2503
567050	388932235	631
567050	388932236	1
567050	388932237	79
567050	388932238	426
567050	388932239	22
567050	388932240	86
567050	388932241	560
567050	388932242	9123
567050	388932243	1
567050	388932244	1861394
567050	388932245	38
567050	388932246	11
567050	388932247	43
567050	388932248	747
567050	388932249	25504
567050	388932250	7
567050	388932251	278
567050	388932252	9712
567050	388932253	3365
567050	388932254	6
567050	388932255	1037
567050	388932256	578
567050	388932257	1861316
567050	388932258	3
567050	388932259	1037
567050	388932260	51
567050	388932261	7968
567050	388932262	92
567050	388932263	7086
567050	388932264	1541
567050	388932265	135
567050	388932266	30
567050	388932267	1829
567050	388932268	9
567050	388932269	7282
567050	388932270	3
567050	388932271	3169
567050	388932272	6
567050	388932273	64
567050	388932274	4250
567050	388932275	2
567050	388932276	462
567050	388932277	6002
567050	388932278	92
567050	388932279	11
567050	388932280	434
567050	388932281	43
567050	388932282	1
567050	388932283	14
567050	388932284	198
567050	388932285	24
567050	388932286	30
567050	388932287	1013
567050	388932288	25
567050	388932289	179
567050	388932290	2901
567050	388932291	135
567050	388932292	30
567050	388932293	13207
567050	388932294	1
567050	388932295	55
567050	388932296	46
567050	388932297	4
567050	388932298	3164
567050	388932299	22
567050	388932300	107799
567050	388932301	107799
567050	388932302	107799
567050	388932303	107799
567050	388932304	107799
567050	388932305	107799
567050	388932306	107799
567050	388932307	107799
567050	388932308	107799
567050	388932309	107799
567050	388932310	2901
567050	388932311	500
567050	388932312	1
567050	388932313	51
567050	388932314	2901
567050	388932315	12
567050	388932316	99
567050	388932317	105
567050	388932318	9
567050	388932319	34617
567050	388932320	38
567050	388932321	143
567050	388932322	1061
567050	388932323	11084
567050	388932324	1
567050	388932325	373
567050	388932326	3
567050	388932327	185
567050	388932328	7344
567050	388932329	6
567050	388932330	631
567050	388932331	19122
567050	388932332	257
567050	388932333	7
567050	388932334	136
567050	388932335	1
567050	388932336	4
567050	388932337	22
567050	388932338	9
567050	388932339	15742
567050	388932340	454
567050	388932341	96
567050	388932342	54
567050	388932343	139
567050	388932344	1
567050	388932345	5
567050	388932346	9
567050	388932347	1330
567050	388932348	124
567050	388932349	74
567050	388932350	187
567050	388932351	1189
567050	388932352	6
567050	388932353	3348
567050	388932354	5
567050	388932355	6901
567050	388932356	51
567050	388932357	135
567050	388932358	63
567050	388932359	56
567050	388932360	109792
567050	388932361	412
567050	388932362	5
567050	388932363	1225
567050	388932364	2
567050	388932365	75
567050	388932366	14
567050	388932367	80
567050	388932368	30
567050	388932369	172
567050	388932370	30271
567050	388932371	25
567050	388932372	54
567050	388932373	131
567050	388932374	513
567050	388932375	92
567050	388932376	166
567050	388932377	11
567050	388932378	179
567050	388932379	10944
567050	388932380	18268
567050	388932381	1
567050	388932382	345
567050	388932383	143
567050	388932384	58356
567050	388932385	149
567050	388932386	6
567050	388932387	82
567050	388932388	55
567050	388932389	260
567050	388932390	6
567050	388932391	50
567050	388932392	176502
567050	388932393	4535
567050	388932394	6
567050	388932395	5531
567050	388932396	2901
567050	388932397	51
567050	388932398	12
567050	388932399	143
567050	388932400	91
567050	388932401	6473
567050	388932402	2
567050	388932403	127
567050	388932404	35010
567050	388932405	1
567050	388932406	148
567050	388932407	642
567050	388932408	12
567050	388932409	251
567050	388932410	55
567050	388932411	24
567050	388932412	1
567050	388932413	80
567050	388932414	6234
567050	388932415	1181
567050	388932416	108
567050	388932417	3
567050	388932418	4250
567050	388932419	51
567050	388932420	12
567050	388932421	28960
567050	388932422	9
567050	388932423	7282
567050	388932424	2
567050	388932425	178
567050	388932426	12
567050	388932427	17956
567050	388932428	9
567050	388932429	1342
567050	388932430	256
567050	388932431	108
567050	388932432	3
567050	388932433	997
567050	388932434	6
567050	388932435	50
567050	388932436	130635
567050	388932437	4302
567050	388932438	45
567050	388932439	11943
567050	388932440	7
567050	388932441	254
567050	388932442	234
567050	388932443	1
567050	388932444	14
567050	388932445	198
567050	388932446	30
567050	388932447	13652
567050	388932448	9
567050	388932449	115
567050	388932450	14
567050	388932451	94
567050	388932452	164
567050	388932453	7422
567050	388932454	96
567050	388932455	45
567050	388932456	49841
567050	388932457	82
567050	388932458	2760
567050	388932459	6
567050	388932460	2901
567050	388932461	15
567050	388932462	217
567050	388932463	1
567050	388932464	11
567050	388932465	3
567050	388932466	106
567050	388932467	25
567050	388932468	3
567050	388932469	6243
567050	388932470	4056
567050	388932471	31000
567050	388932472	5
567050	388932473	101264
567050	388932474	3
567050	388932475	56185
567050	388932476	1
567050	388932477	5
567050	388932478	3
567050	388932479	56185
567050	388932480	3
567050	388932481	7939
567050	388932482	1
567050	388932483	252
567050	388932484	2058
567050	388932485	120
567050	388932486	2453816
567050	388932487	4
567050	388932488	3
567050	388932489	3301
567050	388932490	6
567050	388932491	5306
567050	388932492	6922
567050	388932493	11
567050	388932494	64
567050	388932495	165
567050	388932496	2830
567050	388932497	4
567050	388932498	1522582
567050	388932499	6521
567050	388932500	169
567050	388932501	107799
567050	388932502	107799
567050	388932503	107799
567050	388932504	107799
567050	388932505	107799
567050	388932506	107799
567050	388932507	107799
567050	388932508	107799
567050	388932509	107799
567050	388932510	107799
567050	388932511	77
567050	388932512	15
567050	388932513	150
567050	388932514	45
567050	388932515	3
567050	388932516	338
567050	388932517	4
567050	388932518	3361703
567050	388932519	1128
567050	388932520	730
567050	388932521	1
567050	388932522	4
567050	388932523	3
567050	388932524	372
567050	388932525	51
567050	388932526	4
567050	388932527	11
567050	388932528	43
567050	388932529	585
567050	388932530	22
567050	388932531	3
567050	388932532	966
567050	388932533	15
567050	388932534	345
567050	388932535	36
567050	388932536	59372
567050	388932537	1
567050	388932538	4
567050	388932539	198
567050	388932540	6521
567050	388932541	25
567050	388932542	3
567050	388932543	359
567050	388932544	6
567050	388932545	631
567050	388932546	11
567050	388932547	55481
567050	388932548	135
567050	388932549	30
567050	388932550	5101
567050	388932551	1
567050	388932552	54880
567050	388932553	32359
567050	388932554	1
567050	388932555	94464
567050	388932556	1
567050	388932557	5
567050	388932558	7
567050	388932559	1272
567050	388932560	2099
567050	388932561	15
567050	388932562	631
567050	388932563	1128
567050	388932564	467
567050	388932565	5
567050	388932566	2417099
567050	388932567	187
567050	388932568	3078765
567050	388932569	18385
567050	388932570	275
567050	388932571	3
567050	388932572	18268
567050	388932573	6
567050	388932574	7
567050	388932575	254
567050	388932576	6243
567050	388932577	2344
567050	388932578	2
567050	388932579	2869
567050	388932580	164
567050	388932581	10482
567050	388932582	96
567050	388932583	43
567050	388932584	1
567050	388932585	198
567050	388932586	3412
567050	388932587	9
567050	388932588	15929
567050	388932589	3
567050	388932590	2175735
567050	388932591	22
567050	388932592	9
567050	388932593	22489
567050	388932594	5
567050	388932595	951
567050	388932596	1
567050	388932597	236
567050	388932598	265
567050	388932599	47
567050	388932600	9
567050	388932601	19468
567050	388932602	3
567050	388932603	524
567050	388932604	6
567050	388932605	3
567050	388932606	8733
567050	388932607	15
567050	388932608	187
567050	388932609	73
567050	388932610	10898
567050	388932611	72
567050	388932612	1
567050	388932613	4
567050	388932614	201
567050	388932615	22
567050	388932616	3
567050	388932617	1313
567050	388932618	6
567050	388932619	1250
567050	388932620	2
567050	388932621	4
567050	388932622	127
567050	388932623	70
567050	388932624	25486
567050	388932625	137
567050	388932626	603
567050	388932627	108
567050	388932628	43
567050	388932629	566
567050	388932630	1
567050	388932631	5
567050	388932632	70
567050	388932633	7616
567050	388932634	114
567050	388932635	4477
567050	388932636	137
567050	388932637	1741
567050	388932638	1
567050	388932639	25
567050	388932640	54
567050	388932641	1161
567050	388932642	988
567050	388932643	9738
567050	388932644	3
567050	388932645	5449
567050	388932646	12382
567050	388932647	28092
567050	388932648	15
567050	388932649	3
567050	388932650	11020
567050	388932651	6047
567050	388932652	45
567050	388932653	1935
567050	388932654	2
567050	388932655	127
567050	388932656	161117
567050	388932657	15
567050	388932658	3
567050	388932659	15469
567050	388932660	6
567050	388932661	7
567050	388932662	4482
567050	388932663	469
567050	388932664	45
567050	388932665	3
567050	388932666	2623
567050	388932667	1
567050	388932668	4633
567050	388932669	389
567050	388932670	14
567050	388932671	22
567050	388932672	24
567050	388932673	205406
567050	388932674	12131
567050	388932675	2
567050	388932676	4409
567050	388932677	586
567050	388932678	47
567050	388932679	14
567050	388932680	519
567050	388932681	14
567050	388932682	23989
567050	388932683	86
567050	388932684	4718
567050	388932685	2
567050	388932686	2576
567050	388932687	90
567050	388932688	6
567050	388932689	3
567050	388932690	54650
567050	388932691	43078
567050	388932692	1
567050	388932693	54
567050	388932694	80
567050	388932695	171
567050	388932696	7
567050	388932697	5829
567050	388932698	3093
567050	388932699	2
567050	388932700	37
567050	388932701	305
567050	388932702	107799
567050	388932703	107799
567050	388932704	107799
567050	388932705	107799
567050	388932706	107799
567050	388932707	107799
567050	388932708	107799
567050	388932709	107799
567050	388932710	107799
567050	388932711	107799
567050	388932712	22
567050	388932713	24
567050	388932714	7
567050	388932715	1109
567050	388932716	2593
567050	388932717	23561
567050	388932718	275
567050	388932719	3
567050	388932720	2901
567050	388932721	6
567050	388932722	631
567050	388932723	1
567050	388932724	5
567050	388932725	1
567050	388932726	78
567050	388932727	1924
567050	388932728	1
567050	388932729	79
567050	388932730	25
567050	388932731	7
567050	388932732	4482
567050	388932733	22
567050	388932734	86
567050	388932735	2593
567050	388932736	92
567050	388932737	106822
567050	388932738	22312
567050	388932739	55
567050	388932740	8029
567050	388932741	1566
567050	388932742	2067
567050	388932743	2
567050	388932744	9102
567050	388932745	37347
567050	388932746	1
567050	388932747	78
567050	388932748	3070
567050	388932749	1
567050	388932750	79
567050	388932751	25
567050	388932752	4
567050	388932753	7
567050	388932754	4482
567050	388932755	22
567050	388932756	86
567050	388932757	19113
567050	388932758	6
567050	388932759	114
567050	388932760	1489
567050	388932761	1
567050	388932762	5
567050	388932763	22
567050	388932764	143
567050	388932765	50
567050	388932766	2593
567050	388932767	92
567050	388932768	48137
567050	388932769	3
567050	388932770	3985
567050	388932771	6
567050	388932772	114
567050	388932773	1489
567050	388932774	2
567050	388932775	4
567050	388932776	201
567050	388932777	639
567050	388932778	9
567050	388932779	30
567050	388932780	7
567050	388932781	16654
567050	388932782	7715
567050	388932783	2
567050	388932784	160
567050	388932785	3
567050	388932786	602
567050	388932787	4414
567050	388932788	45
567050	388932789	82901
567050	388932790	1
567050	388932791	14
567050	388932792	22
567050	388932793	7
567050	388932794	19113
567050	388932795	6
567050	388932796	114
567050	388932797	1489
567050	388932798	1
567050	388932799	54880
567050	388932800	32359
567050	388932801	1
567050	388932802	114
567050	388932803	1489
567050	388932804	6
567050	388932805	1120
567050	388932806	1259
567050	388932807	1188256
567050	388932808	7
567050	388932809	2
567050	388932810	201
567050	388932811	675
567050	388932812	14
567050	388932813	7
567050	388932814	4482
567050	388932815	2
567050	388932816	1001
567050	388932817	4718
567050	388932818	22
567050	388932819	1
567050	388932820	25
567050	388932821	54
567050	388932822	88160
567050	388932823	114
567050	388932824	148907
567050	388932825	1489
567050	388932826	11
567050	388932827	43
567050	388932828	8606
567050	388932829	7344
567050	388932830	1
567050	388932831	74
567050	388932832	7
567050	388932833	966
567050	388932834	20
567050	388932835	3
567050	388932836	7344
567050	388932837	51
567050	388932838	22
567050	388932839	2862
567050	388932840	1
567050	388932841	5
567050	388932842	31179
567050	388932843	703
567050	388932844	9
567050	388932845	171
567050	388932846	114
567050	388932847	2946
567050	388932848	6
567050	388932849	65
567050	388932850	22
567050	388932851	618
567050	388932852	11
567050	388932853	3
567050	388932854	1810
567050	388932855	1
567050	388932856	2431
567050	388932857	467
567050	388932858	32748
567050	388932859	114
567050	388932860	148907
567050	388932861	1489
567050	388932862	6
567050	388932863	3
567050	388932864	3029
567050	388932865	2
567050	388932866	6713
567050	388932867	7
567050	388932868	3301
567050	388932869	6
567050	388932870	45585
567050	388932871	3049054
567050	388932872	1
567050	388932873	3350821
567050	388932874	36
567050	388932875	51028
567050	388932876	10
567050	388932877	5123
567050	388932878	1
567050	388932879	5
567050	388932880	24467
567050	388932881	15
567050	388932882	64
567050	388932883	187
567050	388932884	2830
567050	388932885	11
567050	388932886	51
567050	388932887	10944
567050	388932888	3097725
567050	388932889	22
567050	388932890	24
567050	388932891	14795
567050	388932892	15
567050	388932893	114
567050	388932894	598
567050	388932895	1
567050	388932896	45
567050	388932897	50
567050	388932898	1484
567050	388932899	55
567050	388932900	12764
567050	388932901	92
567050	388932902	27808
567050	388932903	107799
567050	388932904	107799
567050	388932905	107799
567050	388932906	107799
567050	388932907	107799
567050	388932908	107799
567050	388932909	107799
567050	388932910	107799
567050	388932911	107799
567050	388932912	107799
567050	388932913	78
567050	388932914	3786
567050	388932915	1
567050	388932916	79
567050	388932917	25
567050	388932918	4
567050	388932919	7
567050	388932920	4482
567050	388932921	22
567050	388932922	86
567050	388932923	25504
567050	388932924	1
567050	388932925	55
567050	388932926	18858
567050	388932927	6
567050	388932928	3
567050	388932929	2901
567050	388932930	6
567050	388932931	631
567050	388932932	2
567050	388932933	4
567050	388932934	2576
567050	388932935	43
567050	388932936	566
567050	388932937	54
567050	388932938	4410
567050	388932939	3105
567050	388932940	5419
567050	388932941	15
567050	388932942	65
567050	388932943	99
567050	388932944	56
567050	388932945	1234
567050	388932946	2
567050	388932947	127
567050	388932948	70
567050	388932949	60775
567050	388932950	25
567050	388932951	121
567050	388932952	22
567050	388932953	3713
567050	388932954	7
567050	388932955	25504
567050	388932956	6
567050	388932957	179
567050	388932958	2901
567050	388932959	1
567050	388932960	5
567050	388932961	24
567050	388932962	7
567050	388932963	1528
567050	388932964	51659
567050	388932965	6
567050	388932966	53
567050	388932967	15
567050	388932968	3
567050	388932969	19122
567050	388932970	136
567050	388932971	6
567050	388932972	3
567050	388932973	273313
567050	388932974	1
567050	388932975	5
567050	388932976	3
567050	388932977	278
567050	388932978	19197
567050	388932979	280
567050	388932980	6
567050	388932981	3
567050	388932982	771694
567050	388932983	2
567050	388932984	1121
567050	388932985	43
567050	388932986	25504
567050	388932987	6
567050	388932988	179
567050	388932989	2901
567050	388932990	23989
567050	388932991	86
567050	388932992	10085
567050	388932993	6
567050	388932994	3
567050	388932995	17789
567050	388932996	18268
567050	388932997	6
567050	388932998	631
567050	388932999	1
567050	388933000	436
567050	388933001	113
567050	388933002	18858
567050	388933003	6
567050	388933004	28
567050	388933005	978
567050	388933006	1
567050	388933007	54
567050	388933008	3047
567050	388933009	24
567050	388933010	6559
567050	388933011	2
567050	388933012	52
567050	388933013	22
567050	388933014	24
567050	388933015	7
567050	388933016	25504
567050	388933017	6
567050	388933018	3
567050	388933019	966
567050	388933020	1
567050	388933021	518
567050	388933022	7
567050	388933023	966
567050	388933024	1
567050	388933025	38
567050	388933026	7
567050	388933027	25504
567050	388933028	6
567050	388933029	3
567050	388933030	6922
567050	388933031	6
567050	388933032	14
567050	388933033	15
567050	388933034	7
567050	388933035	950
567050	388933036	585
567050	388933037	1
567050	388933038	11
567050	388933039	51
567050	388933040	2232
567050	388933041	585
567050	388933042	3
567050	388933043	21727
567050	388933044	2068
567050	388933045	133
567050	388933046	1
567050	388933047	2490661
567050	388933048	2079575
567050	388933049	2600773
567050	388933050	2
567050	388933051	31
567050	388933052	966
567050	388933053	578
567050	388933054	22
567050	388933055	24
567050	388933056	205468
567050	388933057	1
567050	388933058	436
567050	388933059	22
567050	388933060	7
567050	388933061	1518
567050	388933062	8223
567050	388933063	30339
567050	388933064	9
567050	388933065	10624
567050	388933066	114
567050	388933067	14764
567050	388933068	1
567050	388933069	38
567050	388933070	3
567050	388933071	10944
567050	388933072	524
567050	388933073	92
567050	388933074	2068
567050	388933075	3
567050	388933076	966
567050	388933077	11
567050	388933078	118
567050	388933079	136
567050	388933080	12615
567050	388933081	14
567050	388933082	94
567050	388933083	118
567050	388933084	1941616
567050	388933085	2
567050	388933086	127
567050	388933087	61
567050	388933088	24
567050	388933089	180
567050	388933090	25
567050	388933091	43
567050	388933092	22
567050	388933093	439
567050	388933094	6
567050	388933095	64
567050	388933096	3
567050	388933097	11020
567050	388933098	26153
567050	388933099	11
567050	388933100	3
567050	388933101	67048
567050	388933102	1
567050	388933103	20
567050	388933104	107799
567050	388933105	107799
567050	388933106	107799
567050	388933107	107799
567050	388933108	107799
567050	388933109	107799
567050	388933110	107799
567050	388933111	107799
567050	388933112	107799
567050	388933113	107799
567050	388933114	50432
567050	388933115	1
567050	388933116	38
567050	388933117	54
567050	388933118	61
567050	388933119	15742
567050	388933120	1
567050	388933121	92
567050	388933122	33
567050	388933123	3
567050	388933124	3822
567050	388933125	10001
567050	388933126	45
567050	388933127	673
567050	388933128	58775
567050	388933129	149
567050	388933130	26
567050	388933131	121
567050	388933132	22
567050	388933133	86
567050	388933134	13750
567050	388933135	6237
567050	388933136	239
567050	388933137	66
567050	388933138	1890510
567050	388933139	406
567050	388933140	406
567050	388933141	1890
567050	388933142	5834
567050	388933143	673
567050	388933144	673164
567050	388933145	1
567050	388933146	82
567050	388933147	6
567050	388933148	3
567050	388933149	321
567050	388933150	5447
567050	388933151	6
567050	388933152	10428
567050	388933153	59945
567050	388933154	85
567050	388933155	4
567050	388933156	493
567050	388933157	131
567050	388933158	8
567050	388933159	2741
567050	388933160	3
567050	388933161	582
567050	388933162	1
567050	388933163	196
567050	388933164	8
567050	388933165	49131
567050	388933166	6
567050	388933167	3
567050	388933168	3981
567050	388933169	5413
567050	388933170	51
567050	388933171	1337
567050	388933172	9
567050	388933173	30
567050	388933174	6955
567050	388933175	11
567050	388933176	3
567050	388933177	747
567050	388933178	8421
567050	388933179	6
567050	388933180	7
567050	388933181	4482
567050	388933182	2
567050	388933183	160
567050	388933184	1941
567050	388933185	15
567050	388933186	43
567050	388933187	582
567050	388933188	8
567050	388933189	1072
567050	388933190	298
567050	388933191	1157
567050	388933192	10765
567050	388933193	2
567050	388933194	331
567050	388933195	640
567050	388933196	1
567050	388933197	45
567050	388933198	3
567050	388933199	6937
567050	388933200	6
567050	388933201	1174194
567050	388933202	127
567050	388933203	61
567050	388933204	24
567050	388933205	1
567050	388933206	252
567050	388933207	54
567050	388933208	91
567050	388933209	24
567050	388933210	1
567050	388933211	749
567050	388933212	3
567050	388933213	25685
567050	388933214	5
567050	388933215	6500
567050	388933216	3178
567050	388933217	92
567050	388933218	22
567050	388933219	6790
567050	388933220	33
567050	388933221	3
567050	388933222	582
567050	388933223	6
567050	388933224	455
567050	388933225	1
567050	388933226	4
567050	388933227	68
567050	388933228	1935
567050	388933229	1058
567050	388933230	11020
567050	388933231	19
567050	388933232	4
567050	388933233	52
567050	388933234	22
567050	388933235	50
567050	388933236	3178
567050	388933237	51
567050	388933238	91
567050	388933239	24
567050	388933240	30
567050	388933241	5572
567050	388933242	85
567050	388933243	462
567050	388933244	30
567050	388933245	18869
567050	388933246	1
567050	388933247	14
567050	388933248	131
567050	388933249	30
567050	388933250	1979
567050	388933251	1
567050	388933252	5
567050	388933253	253
567050	388933254	1979
567050	388933255	1
567050	388933256	1257
567050	388933257	11
567050	388933258	3
567050	388933259	4319
567050	388933260	11
567050	388933261	51
567050	388933262	14
567050	388933263	14549
567050	388933264	1
567050	388933265	14
567050	388933266	131
567050	388933267	487
567050	388933268	7
567050	388933269	611
567050	388933270	2048
567050	388933271	1
567050	388933272	104
567050	388933273	24
567050	388933274	7
567050	388933275	3793
567050	388933276	3543
567050	388933277	1
567050	388933278	33
567050	388933279	188
567050	388933280	2134408
567050	388933281	280
567050	388933282	2
567050	388933283	160
567050	388933284	9746
567050	388933285	3
567050	388933286	9795
567050	388933287	239
567050	388933288	11020
567050	388933289	1
567050	388933290	673
567050	388933291	58775
567050	388933292	53972
567050	388933293	3
567050	388933294	2351
567050	388933295	85
567050	388933296	4
567050	388933297	178
567050	388933298	11020
567050	388933299	59
567050	388933300	35263
567050	388933301	11
567050	388933302	3
567050	388933303	754
567050	388933304	6
567050	388933305	107799
567050	388933306	107799
567050	388933307	107799
567050	388933308	107799
567050	388933309	107799
567050	388933310	107799
567050	388933311	107799
567050	388933312	107799
567050	388933313	107799
567050	388933314	107799
567050	388933315	35263
567050	388933316	2
567050	388933317	4
567050	388933318	37
567050	388933319	703
567050	388933320	61607
567050	388933321	85
567050	388933322	4
567050	388933323	438
567050	388933324	43
567050	388933325	54
567050	388933326	8338
567050	388933327	1
567050	388933328	25
567050	388933329	42
567050	388933330	59
567050	388933331	81
567050	388933332	199
567050	388933333	35263
567050	388933334	2
567050	388933335	75
567050	388933336	14
567050	388933337	251
567050	388933338	24
567050	388933339	1159
567050	388933340	25
567050	388933341	42
567050	388933342	81
567050	388933343	5
567050	388933344	199
567050	388933345	59
567050	388933346	455
567050	388933347	2
567050	388933348	167
567050	388933349	131
567050	388933350	6234
567050	388933351	108
567050	388933352	13935
567050	388933353	1917
567050	388933354	2
567050	388933355	4
567050	388933356	201
567050	388933357	935
567050	388933358	12
567050	388933359	2776
567050	388933360	45
567050	388933361	595
567050	388933362	13290
567050	388933363	51
567050	388933364	33
567050	388933365	3
567050	388933366	3068
567050	388933367	59
567050	388933368	1638
567050	388933369	5
567050	388933370	107
567050	388933371	2
567050	388933372	127
567050	388933373	59
567050	388933374	2577
567050	388933375	25
567050	388933376	12
567050	388933377	68
567050	388933378	24
567050	388933379	487
567050	388933380	3
567050	388933381	959
567050	388933382	102
567050	388933383	1
567050	388933384	38
567050	388933385	46
567050	388933386	47
567050	388933387	45
567050	388933388	50
567050	388933389	112852
567050	388933390	12
567050	388933391	825
567050	388933392	5047
567050	388933393	1984418
567050	388933394	1
567050	388933395	5910
567050	388933396	4
567050	388933397	80696
567050	388933398	5
567050	388933399	62178
567050	388933400	58253
567050	388933401	24
567050	388933402	218056
567050	388933403	2
567050	388933404	4
567050	388933405	160
567050	388933406	43
567050	388933407	1
567050	388933408	17
567050	388933409	6820
567050	388933410	12900
567050	388933411	5
567050	388933412	17
567050	388933413	90
567050	388933414	120
567050	388933415	17819
567050	388933416	4582
567050	388933417	239
567050	388933418	3
567050	388933419	41059
567050	388933420	15
567050	388933421	51
567050	388933422	3
567050	388933423	455
567050	388933424	5
567050	388933425	3
567050	388933426	1192
567050	388933427	11
567050	388933428	14
567050	388933429	44
567050	388933430	10716
567050	388933431	3
567050	388933432	853
567050	388933433	1
567050	388933434	12
567050	388933435	83982
567050	388933436	25
567050	388933437	11020
567050	388933438	70
567050	388933439	4925
567050	388933440	11
567050	388933441	64
567050	388933442	3807
567050	388933443	1
567050	388933444	5
567050	388933445	57311
567050	388933446	24
567050	388933447	7
567050	388933448	230
567050	388933449	1782
567050	388933450	5
567050	388933451	2805
567050	388933452	10479
567050	388933453	2
567050	388933454	127
567050	388933455	44642
567050	388933456	236
567050	388933457	3162
567050	388933458	47
567050	388933459	673
567050	388933460	58775
567050	388933461	25
567050	388933462	11020
567050	388933463	11
567050	388933464	179
567050	388933465	301
567050	388933466	59
567050	388933467	35263
567050	388933468	1
567050	388933469	54880
567050	388933470	32359
567050	388933471	1
567050	388933472	618
567050	388933473	26
567050	388933474	2759
567050	388933475	1
567050	388933476	3
567050	388933477	455
567050	388933478	25
567050	388933479	42
567050	388933480	91
567050	388933481	7264
567050	388933482	22
567050	388933483	35263
567050	388933484	2
567050	388933485	146
567050	388933486	22
567050	388933487	86
567050	388933488	29823
567050	388933489	15
567050	388933490	3
567050	388933491	4753
567050	388933492	524
567050	388933493	11
567050	388933494	43
567050	388933495	449
567050	388933496	2
567050	388933497	15265
567050	388933498	3
567050	388933499	9729
567050	388933500	6
567050	388933501	3509
567050	388933502	1
567050	388933503	436
567050	388933504	3
567050	388933505	9410
567050	388933506	107799
567050	388933507	107799
567050	388933508	107799
567050	388933509	107799
567050	388933510	107799
567050	388933511	107799
567050	388933512	107799
567050	388933513	107799
567050	388933514	107799
567050	388933515	107799
567050	388933516	1
567050	388933517	70
567050	388933518	226808
567050	388933519	3
567050	388933520	4753
567050	388933521	7058
567050	388933522	1
567050	388933523	436
567050	388933524	8042
567050	388933525	113
567050	388933526	20193
567050	388933527	303
567050	388933528	345
567050	388933529	5
567050	388933530	631
567050	388933531	1
567050	388933532	693
567050	388933533	389
567050	388933534	12
567050	388933535	91
567050	388933536	24
567050	388933537	32
567050	388933538	4533
567050	388933539	3
567050	388933540	5413
567050	388933541	1
567050	388933542	38
567050	388933543	252
567050	388933544	8
567050	388933545	61
567050	388933546	24
567050	388933547	111
567050	388933548	25
567050	388933549	113
567050	388933550	5413
567050	388933551	13568
567050	388933552	2
567050	388933553	8
567050	388933554	1778
567050	388933555	11
567050	388933556	64
567050	388933557	5183
567050	388933558	72
567050	388933559	17
567050	388933560	35
567050	388933561	1408
567050	388933562	4468
567050	388933563	1
567050	388933564	92
567050	388933565	15
567050	388933566	43
567050	388933567	380
567050	388933568	8
567050	388933569	70
567050	388933570	105
567050	388933571	56
567050	388933572	653
567050	388933573	9
567050	388933574	171
567050	388933575	14
567050	388933576	21274
567050	388933577	15
567050	388933578	298
567050	388933579	196
567050	388933580	35
567050	388933581	10120
567050	388933582	631
567050	388933583	58
567050	388933584	1899
567050	388933585	200
567050	388933586	29381
567050	388933587	32
567050	388933588	3
567050	388933589	8421
567050	388933590	6
567050	388933591	7
567050	388933592	4482
567050	388933593	2
567050	388933594	52
567050	388933595	198
567050	388933596	11525
567050	388933597	40
567050	388933598	43
567050	388933599	1
567050	388933600	25
567050	388933601	8
567050	388933602	157
567050	388933603	177
567050	388933604	2929
567050	388933605	7
567050	388933606	376193
567050	388933607	11
567050	388933608	35
567050	388933609	631
567050	388933610	1
567050	388933611	25
567050	388933612	8
567050	388933613	105
567050	388933614	58
567050	388933615	299
567050	388933616	11
567050	388933617	298
567050	388933618	3
567050	388933619	29174
567050	388933620	70285
567050	388933621	6
567050	388933622	254609
567050	388933623	55
567050	388933624	174922
567050	388933625	1138
567050	388933626	2
567050	388933627	4851
567050	388933628	11474
567050	388933629	14
567050	388933630	198
567050	388933631	11525
567050	388933632	40
567050	388933633	3
567050	388933634	455
567050	388933635	1
567050	388933636	92
567050	388933637	540
567050	388933638	7
567050	388933639	449
567050	388933640	6
567050	388933641	1477811
567050	388933642	1879857
567050	388933643	8
567050	388933644	70
567050	388933645	194
567050	388933646	1833
567050	388933647	179
567050	388933648	122
567050	388933649	1200
567050	388933650	4113
567050	388933651	2079
567050	388933652	1
567050	388933653	3
567050	388933654	952
567050	388933655	16292
567050	388933656	4719
567050	388933657	1
567050	388933658	642
567050	388933659	7
567050	388933660	4482
567050	388933661	11
567050	388933662	578
567050	388933663	22
567050	388933664	43476
567050	388933665	18589
567050	388933666	1
567050	388933667	5
567050	388933668	3
567050	388933669	17495
567050	388933670	1
567050	388933671	642
567050	388933672	1
567050	388933673	11
567050	388933674	7
567050	388933675	13450
567050	388933676	585
567050	388933677	1
567050	388933678	7
567050	388933679	65808
567050	388933680	4482
567050	388933681	1
567050	388933682	934
567050	388933683	219
567050	388933684	14
567050	388933685	30
567050	388933686	11
567050	388933687	3
567050	388933688	2817
567050	388933689	1
567050	388933690	22
567050	388933691	9
567050	388933692	30
567050	388933693	1969
567050	388933694	47
567050	388933695	373
567050	388933696	4925
567050	388933697	11
567050	388933698	455
567050	388933699	2
567050	388933700	4
567050	388933701	2540092
567050	388933702	34022
567050	388933703	2490971
567050	388933704	1758112
567050	388933705	5772
567050	388933706	8936
567050	388933707	107799
567050	388933708	107799
567050	388933709	107799
567050	388933710	107799
567050	388933711	107799
567050	388933712	107799
567050	388933713	107799
567050	388933714	107799
567050	388933715	107799
567050	388933716	107799
567050	388933717	28
567050	388933718	29804
567050	388933719	1
567050	388933720	55
567050	388933721	45
567050	388933722	2548
567050	388933723	28
567050	388933724	11795
567050	388933725	2
567050	388933726	75
567050	388933727	3
567050	388933728	455
567050	388933729	25
567050	388933730	7
567050	388933731	4482
567050	388933732	251
567050	388933733	7264
567050	388933734	22
567050	388933735	998
567050	388933736	35263
567050	388933737	361
567050	388933738	14
567050	388933739	22
567050	388933740	4644
567050	388933741	45
567050	388933742	12672
567050	388933743	55
567050	388933744	2418
567050	388933745	1917
567050	388933746	2
567050	388933747	80696
567050	388933748	59
567050	388933749	2252
567050	388933750	9
567050	388933751	30
567050	388933752	618
567050	388933753	20
567050	388933754	217
567050	388933755	598
567050	388933756	26
567050	388933757	345
567050	388933758	198
567050	388933759	976
567050	388933760	1762
567050	388933761	10182
567050	388933762	55
567050	388933763	1342
567050	388933764	3
567050	388933765	906
567050	388933766	6
567050	388933767	631
567050	388933768	11
567050	388933769	3709
567050	388933770	55
567050	388933771	3597
567050	388933772	6974
567050	388933773	47
567050	388933774	45
567050	388933775	11020
567050	388933776	1526
567050	388933777	2
567050	388933778	37
567050	388933779	198
567050	388933780	1078
567050	388933781	1803
567050	388933782	45
567050	388933783	76299
567050	388933784	3
567050	388933785	3382
567050	388933786	1
567050	388933787	55
567050	388933788	45
567050	388933789	72621
567050	388933790	3
567050	388933791	488
567050	388933792	1
567050	388933793	55
567050	388933794	11
567050	388933795	164
567050	388933796	1189
567050	388933797	77492
567050	388933798	94
567050	388933799	2288234
567050	388933800	6974
567050	388933801	6
567050	388933802	4753
567050	388933803	7807
567050	388933804	26
567050	388933805	20
567050	388933806	11
567050	388933807	842
567050	388933808	5890
567050	388933809	1
567050	388933810	42476
567050	388933811	1
567050	388933812	55
567050	388933813	1684
567050	388933814	1
567050	388933815	121
567050	388933816	198
567050	388933817	30
567050	388933818	976
567050	388933819	560
567050	388933820	7
567050	388933821	2686
567050	388933822	40
567050	388933823	3
567050	388933824	6255
567050	388933825	1259
567050	388933826	1
567050	388933827	206
567050	388933828	621
567050	388933829	7
567050	388933830	4482
567050	388933831	41
567050	388933832	73841
567050	388933833	51617
567050	388933834	15
567050	388933835	3
567050	388933836	280
567050	388933837	159
567050	388933838	3
567050	388933839	2987
567050	388933840	2
567050	388933841	75
567050	388933842	361
567050	388933843	14
567050	388933844	22
567050	388933845	61698
567050	388933846	25
567050	388933847	11020
567050	388933848	1526
567050	388933849	61
567050	388933850	7264
567050	388933851	1
567050	388933852	10507
567050	388933853	7804
567050	388933854	4
567050	388933855	7
567050	388933856	1286
567050	388933857	15
567050	388933858	3
567050	388933859	2987
567050	388933860	4
567050	388933861	6
567050	388933862	23669
567050	388933863	524
567050	388933864	1
567050	388933865	54
567050	388933866	28175
567050	388933867	3
567050	388933868	455
567050	388933869	1
567050	388933870	252
567050	388933871	54
567050	388933872	47932
567050	388933873	3
567050	388933874	1917
567050	388933875	2
567050	388933876	160
567050	388933877	187
567050	388933878	6974
567050	388933879	6
567050	388933880	51
567050	388933881	54
567050	388933882	1501
567050	388933883	1010
567050	388933884	130
567050	388933885	6919
567050	388933886	15
567050	388933887	1803
567050	388933888	1
567050	388933889	6
567050	388933890	2229
567050	388933891	1
567050	388933892	56460
567050	388933893	1
567050	388933894	121
567050	388933895	198
567050	388933896	30
567050	388933897	50
567050	388933898	9314
567050	388933899	6
567050	388933900	10944
567050	388933901	524
567050	388933902	1
567050	388933903	38
567050	388933904	4
567050	388933905	121
567050	388933906	22
567050	388933907	86
567050	388933908	107799
567050	388933909	107799
567050	388933910	107799
567050	388933911	107799
567050	388933912	107799
567050	388933913	107799
567050	388933914	107799
567050	388933915	107799
567050	388933916	107799
567050	388933917	107799
567050	388933918	75
567050	388933919	288
567050	388933920	61
567050	388933921	13
567050	388933922	33266
567050	388933923	3
567050	388933924	1917
567050	388933925	19
567050	388933926	1195
567050	388933927	11
567050	388933928	64
567050	388933929	179
567050	388933930	2830
567050	388933931	426
567050	388933932	22
567050	388933933	86
567050	388933934	12672
567050	388933935	2874
567050	388933936	1
567050	388933937	54
567050	388933938	198
567050	388933939	180
567050	388933940	1
567050	388933941	86
567050	388933942	2874
567050	388933943	1759
567050	388933944	1848
567050	388933945	1
567050	388933946	354
567050	388933947	44824
567050	388933948	332
567050	388933949	3
567050	388933950	6455
567050	388933951	455
567050	388933952	9
567050	388933953	30
567050	388933954	4644
567050	388933955	1
567050	388933956	54880
567050	388933957	32359
567050	388933958	1
567050	388933959	25
567050	388933960	4
567050	388933961	121
567050	388933962	22
567050	388933963	7
567050	388933964	1286
567050	388933965	15
567050	388933966	3
567050	388933967	2987
567050	388933968	2
567050	388933969	4
567050	388933970	31
567050	388933971	2593
567050	388933972	198
567050	388933973	30
567050	388933974	120
567050	388933975	1109
567050	388933976	1
567050	388933977	3
567050	388933978	6950
567050	388933979	55
567050	388933980	16
567050	388933981	325
567050	388933982	198
567050	388933983	30
567050	388933984	4585
567050	388933985	25
567050	388933986	11
567050	388933987	118
567050	388933988	9635
567050	388933989	426
567050	388933990	22
567050	388933991	3
567050	388933992	4
567050	388933993	185
567050	388933994	524
567050	388933995	6
567050	388933996	345
567050	388933997	1
567050	388933998	4
567050	388933999	38
567050	388934000	121
567050	388934001	22
567050	388934002	86
567050	388934003	1948900
567050	388934004	92
567050	388934005	13642
567050	388934006	25
567050	388934007	42
567050	388934008	198
567050	388934009	24
567050	388934010	30
567050	388934011	6768
567050	388934012	2
567050	388934013	926
567050	388934014	77
567050	388934015	91
567050	388934016	180
567050	388934017	25
567050	388934018	3
567050	388934019	1524
567050	388934020	1992539
567050	388934021	2335
567050	388934022	1
567050	388934023	518
567050	388934024	3
567050	388934025	457
567050	388934026	6
567050	388934027	116
567050	388934028	321433
567050	388934029	6
567050	388934030	2996
567050	388934031	1
567050	388934032	198
567050	388934033	24
567050	388934034	63
567050	388934035	56
567050	388934036	757
567050	388934037	9
567050	388934038	1300
567050	388934039	45
567050	388934040	90
567050	388934041	3146
567050	388934042	2975
567050	388934043	6
567050	388934044	3
567050	388934045	2901
567050	388934046	6
567050	388934047	631
567050	388934048	2
567050	388934049	31
567050	388934050	747
567050	388934051	1457
567050	388934052	303
567050	388934053	179
567050	388934054	15993
567050	388934055	18790
567050	388934056	5
567050	388934057	11020
567050	388934058	1526
567050	388934059	1
567050	388934060	22
567050	388934061	13982
567050	388934062	45
567050	388934063	673
567050	388934064	58775
567050	388934065	149
567050	388934066	1
567050	388934067	5
567050	388934068	43
567050	388934069	29499
567050	388934070	117
567050	388934071	9
567050	388934072	2343
567050	388934073	7
567050	388934074	1297
567050	388934075	5
567050	388934076	4623
567050	388934077	612
567050	388934078	303
567050	388934079	179
567050	388934080	1882
567050	388934081	5
567050	388934082	187
567050	388934083	9474
567050	388934084	26153
567050	388934085	11
567050	388934086	3
567050	388934087	67048
567050	388934088	1
567050	388934089	51
567050	388934090	7504
567050	388934091	1
567050	388934092	11
567050	388934093	3
567050	388934094	3169
567050	388934095	602
567050	388934096	6
567050	388934097	3
567050	388934098	4322
567050	388934099	1
567050	388934100	9
567050	388934101	30
567050	388934102	672
567050	388934103	11020
567050	388934104	2
567050	388934105	1931
567050	388934106	1
567050	388934107	14
567050	388934108	22
567050	388934109	107799
567050	388934110	107799
567050	388934111	107799
567050	388934112	107799
567050	388934113	107799
567050	388934114	107799
567050	388934115	107799
567050	388934116	107799
567050	388934117	107799
567050	388934118	107799
567050	388934119	2830
567050	388934120	6
567050	388934121	9105
567050	388934122	40
567050	388934123	13589
567050	388934124	21391
567050	388934125	1
567050	388934126	3
567050	388934127	39285
567050	388934128	1272
567050	388934129	6
567050	388934130	7
567050	388934131	611
567050	388934132	1192
567050	388934133	11
567050	388934134	345
567050	388934135	1
567050	388934136	6
567050	388934137	578
567050	388934138	1338
567050	388934139	5583
567050	388934140	15
567050	388934141	3
567050	388934142	6243
567050	388934143	10002
567050	388934144	92
567050	388934145	44
567050	388934146	2097
567050	388934147	24430
567050	388934148	5
567050	388934149	3412
567050	388934150	11
567050	388934151	3
567050	388934152	2500
567050	388934153	303
567050	388934154	150
567050	388934155	5
567050	388934156	2095844
567050	388934157	3
567050	388934158	2166
567050	388934159	198
567050	388934160	30
567050	388934161	24518
567050	388934162	9
567050	388934163	111
567050	388934164	7
567050	388934165	4
567050	388934166	4482
567050	388934167	1
567050	388934168	4
567050	388934169	100
567050	388934170	345
567050	388934171	143
567050	388934172	5632
567050	388934173	7
567050	388934174	4
567050	388934175	17327
567050	388934176	4
567050	388934177	1861303
567050	388934178	5
567050	388934179	92
567050	388934180	1177688
567050	388934181	43
567050	388934182	747
567050	388934183	12523
567050	388934184	11
567050	388934185	1334
567050	388934186	1338
567050	388934187	254
567050	388934188	1542
567050	388934189	15
567050	388934190	1192
567050	388934191	5
567050	388934192	254
567050	388934193	2344
567050	388934194	15
567050	388934195	1398
567050	388934196	1
567050	388934197	5
567050	388934198	25
567050	388934199	3
567050	388934200	1192
567050	388934201	467
567050	388934202	1
567050	388934203	5
567050	388934204	2166
567050	388934205	6
567050	388934206	1
567050	388934207	3
567050	388934208	12181
567050	388934209	1
567050	388934210	703
567050	388934211	13391
567050	388934212	1
567050	388934213	59
567050	388934214	11155
567050	388934215	2972452
567050	388934216	4056
567050	388934217	1
567050	388934218	51
567050	388934219	59
567050	388934220	17127
567050	388934221	9602
567050	388934222	62508
567050	388934223	1301
567050	388934224	1
567050	388934225	2926
567050	388934226	2904
567050	388934227	11020
567050	388934228	6
567050	388934229	25212
567050	388934230	5
567050	388934231	6
567050	388934232	15000
567050	388934233	2
567050	388934234	1332
567050	388934235	1250
567050	388934236	36
567050	388934237	136
567050	388934238	198
567050	388934239	30
567050	388934240	11
567050	388934241	165
567050	388934242	1882
567050	388934243	54
567050	388934244	61
567050	388934245	24
567050	388934246	3823
567050	388934247	1
567050	388934248	1861307
567050	388934249	5
567050	388934250	92
567050	388934251	1250
567050	388934252	32
567050	388934253	165
567050	388934254	420
567050	388934255	2860
567050	388934256	74
567050	388934257	8201
567050	388934258	454
567050	388934259	669013
567050	388934260	22
567050	388934261	1252
567050	388934262	6
567050	388934263	3
567050	388934264	1177
567050	388934265	22074
567050	388934266	6
567050	388934267	631
567050	388934268	1
567050	388934269	5
567050	388934270	399843
567050	388934271	53
567050	388934272	17
567050	388934273	50
567050	388934274	2501000
567050	388934275	2344
567050	388934276	1
567050	388934277	54
567050	388934278	80
567050	388934279	24
567050	388934280	20066
567050	388934281	1
567050	388934282	38
567050	388934283	46
567050	388934284	2942
567050	388934285	5632
567050	388934286	7
567050	388934287	4482
567050	388934288	1
567050	388934289	22
567050	388934290	1
567050	388934291	9
567050	388934292	180
567050	388934293	3
567050	388934294	3508
567050	388934295	1
567050	388934296	4
567050	388934297	24
567050	388934298	50106
567050	388934299	2
567050	388934300	4
567050	388934301	127
567050	388934302	25332
567050	388934303	379
567050	388934304	1
567050	388934305	25
567050	388934306	11020
567050	388934307	59
567050	388934308	24
567050	388934309	3010
567050	388934310	107799
567050	388934311	107799
567050	388934312	107799
567050	388934313	107799
567050	388934314	107799
567050	388934315	107799
567050	388934316	107799
567050	388934317	107799
567050	388934318	107799
567050	388934319	107799
567050	388934320	22605
567050	388934321	3
567050	388934322	51028
567050	388934323	388
567050	388934324	11245
567050	388934325	1
567050	388934326	25
567050	388934327	11020
567050	388934328	59
567050	388934329	9
567050	388934330	30
567050	388934331	1972
567050	388934332	100
567050	388934333	50
567050	388934334	1484
567050	388934335	7968
567050	388934336	53
567050	388934337	1
567050	388934338	55
567050	388934339	100
567050	388934340	3
567050	388934341	4250
567050	388934342	6
567050	388934343	3
567050	388934344	10944
567050	388934345	10865
567050	388934346	50
567050	388934347	11676
567050	388934348	6
567050	388934349	3
567050	388934350	8700
567050	388934351	1037
567050	388934352	2
567050	388934353	438
567050	388934354	43
567050	388934355	14
567050	388934356	80
567050	388934357	30
567050	388934358	6960
567050	388934359	1
567050	388934360	25
567050	388934361	14
567050	388934362	22
567050	388934363	21070
567050	388934364	20
567050	388934365	77
567050	388934366	9
567050	388934367	4370
567050	388934368	1
567050	388934369	5
567050	388934370	2145
567050	388934371	9
567050	388934372	1729
567050	388934373	92
567050	388934374	165
567050	388934375	4151
567050	388934376	61
567050	388934377	24
567050	388934378	5431
567050	388934379	2
567050	388934380	127
567050	388934381	35010
567050	388934382	1
567050	388934383	14
567050	388934384	22
567050	388934385	849
567050	388934386	278
567050	388934387	21070
567050	388934388	96
567050	388934389	14
567050	388934390	22
567050	388934391	20
567050	388934392	77
567050	388934393	9
567050	388934394	4370
567050	388934395	25
567050	388934396	42
567050	388934397	61
567050	388934398	2
567050	388934399	312
567050	388934400	673
567050	388934401	58775
567050	388934402	55
567050	388934403	398
567050	388934404	25332
567050	388934405	92
567050	388934406	165
567050	388934407	4151
567050	388934408	61
567050	388934409	11525
567050	388934410	5762
567050	388934411	4808
567050	388934412	4805
567050	388934413	4809
567050	388934414	11
567050	388934415	3
567050	388934416	1117
567050	388934417	6
567050	388934418	3
567050	388934419	853
567050	388934420	1
567050	388934421	25
567050	388934422	21
567050	388934423	198
567050	388934424	30
567050	388934425	7975
567050	388934426	40
567050	388934427	28
567050	388934428	130635
567050	388934429	1800
567050	388934430	5
567050	388934431	36181
567050	388934432	1
567050	388934433	54
567050	388934434	35010
567050	388934435	1
567050	388934436	25
567050	388934437	179
567050	388934438	1393
567050	388934439	59
567050	388934440	24
567050	388934441	9
567050	388934442	30
567050	388934443	5539
567050	388934444	17
567050	388934445	187
567050	388934446	1861336
567050	388934447	18049
567050	388934448	3
567050	388934449	15845
567050	388934450	6
567050	388934451	1615
567050	388934452	1
567050	388934453	5
567050	388934454	3
567050	388934455	152
567050	388934456	18527
567050	388934457	62
567050	388934458	6
567050	388934459	16
567050	388934460	5098
567050	388934461	2
567050	388934462	462
567050	388934463	180
567050	388934464	55
567050	388934465	9
567050	388934466	213
567050	388934467	43
567050	388934468	1
567050	388934469	22
567050	388934470	9
567050	388934471	1071
567050	388934472	3
567050	388934473	2422
567050	388934474	6564
567050	388934475	239
567050	388934476	51
567050	388934477	46
567050	388934478	5098
567050	388934479	93990
567050	388934480	1861303
567050	388934481	3
567050	388934482	4439
567050	388934483	28267
567050	388934484	17
567050	388934485	51
567050	388934486	64
567050	388934487	3
567050	388934488	2936
567050	388934489	6
567050	388934490	536
567050	388934491	5
567050	388934492	914
567050	388934493	1487
567050	388934494	2823
567050	388934495	15
567050	388934496	66
567050	388934497	232063
567050	388934498	1
567050	388934499	5
567050	388934500	3
567050	388934501	65848
567050	388934502	2208
567050	388934503	17
567050	388934504	51
567050	388934505	42
567050	388934506	26235
567050	388934507	730
567050	388934508	9
567050	388934509	8772
567050	388934510	346
567050	388934511	107799
567050	388934512	107799
567050	388934513	107799
567050	388934514	107799
567050	388934515	107799
567050	388934516	107799
567050	388934517	107799
567050	388934518	107799
567050	388934519	107799
567050	388934520	107799
567050	388934521	6661
567050	388934522	2
567050	388934523	3358
567050	388934524	1
567050	388934525	14
567050	388934526	22
567050	388934527	9
567050	388934528	1071
567050	388934529	3
567050	388934530	558
567050	388934531	6
567050	388934532	1615
567050	388934533	149
567050	388934534	1
567050	388934535	5
567050	388934536	3
567050	388934537	2380
567050	388934538	3178
567050	388934539	11
567050	388934540	51
567050	388934541	673
567050	388934542	58775
567050	388934543	54255
567050	388934544	117
567050	388934545	15
567050	388934546	3
567050	388934547	3579
567050	388934548	1
567050	388934549	25
567050	388934550	11020
567050	388934551	6
567050	388934552	602
567050	388934553	41
567050	388934554	37471
567050	388934555	9
567050	388934556	30
567050	388934557	1958
567050	388934558	20
567050	388934559	354
567050	388934560	13388
567050	388934561	3110
567050	388934562	7
567050	388934563	5858
567050	388934564	137
567050	388934565	1109
567050	388934566	2
567050	388934567	146
567050	388934568	22
567050	388934569	81
567050	388934570	86
567050	388934571	2802
567050	388934572	137
567050	388934573	53139
567050	388934574	47
567050	388934575	11
567050	388934576	187
567050	388934577	1124
567050	388934578	420
567050	388934579	1
567050	388934580	436
567050	388934581	22
567050	388934582	121
567050	388934583	7
567050	388934584	8762
567050	388934585	137
567050	388934586	1109
567050	388934587	2
567050	388934588	31
567050	388934589	1117
567050	388934590	6
567050	388934591	11716
567050	388934592	22
567050	388934593	578
567050	388934594	454
567050	388934595	1109
567050	388934596	15
567050	388934597	3
567050	388934598	114875
567050	388934599	60795
567050	388934600	1
567050	388934601	96
567050	388934602	3
567050	388934603	32829
567050	388934604	6
567050	388934605	52722
567050	388934606	40
567050	388934607	3
567050	388934608	384
567050	388934609	1
567050	388934610	5
567050	388934611	3
567050	388934612	524
567050	388934613	6
567050	388934614	7
567050	388934615	13657
567050	388934616	5
567050	388934617	12562
567050	388934618	2757
567050	388934619	150
567050	388934620	7
567050	388934621	27651
567050	388934622	7807
567050	388934623	20
567050	388934624	3
567050	388934625	96312
567050	388934626	6
567050	388934627	3
567050	388934628	11766
567050	388934629	1
567050	388934630	96
567050	388934631	3
567050	388934632	6277
567050	388934633	6
567050	388934634	417
567050	388934635	33
567050	388934636	3
567050	388934637	138
567050	388934638	6
567050	388934639	194362
567050	388934640	2
567050	388934641	9692
567050	388934642	2150
567050	388934643	3
567050	388934644	853
567050	388934645	26624
567050	388934646	28
567050	388934647	4150
567050	388934648	1
567050	388934649	55
567050	388934650	7
567050	388934651	4309
567050	388934652	1174194
567050	388934653	151621
567050	388934654	74
567050	388934655	130635
567050	388934656	55
567050	388934657	153363
567050	388934658	28324
567050	388934659	1
567050	388934660	345
567050	388934661	91
567050	388934662	10624
567050	388934663	1308
567050	388934664	45
567050	388934665	17096
567050	388934666	1
567050	388934667	1606
567050	388934668	1532
567050	388934669	187
567050	388934670	51
567050	388934671	12
567050	388934672	4541
567050	388934673	267
567050	388934674	2245
567050	388934675	11
567050	388934676	19591
567050	388934677	6
567050	388934678	417
567050	388934679	1
567050	388934680	11
567050	388934681	3
567050	388934682	301
567050	388934683	6
567050	388934684	7768
567050	388934685	2
567050	388934686	127
567050	388934687	61
567050	388934688	24
567050	388934689	84
567050	388934690	1558
567050	388934691	11020
567050	388934692	1
567050	388934693	252
567050	388934694	54
567050	388934695	139
567050	388934696	25
567050	388934697	54
567050	388934698	61
567050	388934699	24
567050	388934700	1135
567050	388934701	53
567050	388934702	1
567050	388934703	16787
567050	388934704	10550
567050	388934705	54
567050	388934706	59
567050	388934707	20954
567050	388934708	15
567050	388934709	187
567050	388934710	9474
567050	388934711	6
567050	388934712	107799
567050	388934713	107799
567050	388934714	107799
567050	388934715	107799
567050	388934716	107799
567050	388934717	107799
567050	388934718	107799
567050	388934719	107799
567050	388934720	107799
567050	388934721	107799
567050	388934722	2
567050	388934723	52
567050	388934724	22
567050	388934725	45
567050	388934726	3
567050	388934727	3543
567050	388934728	6
567050	388934729	179
567050	388934730	10648
567050	388934731	25
567050	388934732	54
567050	388934733	48438
567050	388934734	5
567050	388934735	11510
567050	388934736	3
567050	388934737	3711
567050	388934738	6
567050	388934739	3
567050	388934740	2757
567050	388934741	853
567050	388934742	1
567050	388934743	51
567050	388934744	22
567050	388934745	191
567050	388934746	12531
567050	388934747	5
567050	388934748	137
567050	388934749	611
567050	388934750	128
567050	388934751	43853
567050	388934752	66
567050	388934753	33774
567050	388934754	2
567050	388934755	1772
567050	388934756	598
567050	388934757	288
567050	388934758	54
567050	388934759	61
567050	388934760	24
567050	388934761	5
567050	388934762	635
567050	388934763	24
567050	388934764	9
567050	388934765	1558
567050	388934766	3
567050	388934767	1554
567050	388934768	6
567050	388934769	179
567050	388934770	10944
567050	388934771	3988
567050	388934772	22
567050	388934773	1
567050	388934774	716
567050	388934775	104
567050	388934776	469
567050	388934777	490
567050	388934778	42
567050	388934779	44
567050	388934780	1490
567050	388934781	66
567050	388934782	524
567050	388934783	1
567050	388934784	5
567050	388934785	44
567050	388934786	30
567050	388934787	20678
567050	388934788	15
567050	388934789	3
567050	388934790	1108
567050	388934791	6
567050	388934792	169011
567050	388934793	5
567050	388934794	4518
567050	388934795	2
567050	388934796	31
567050	388934797	6927
567050	388934798	209
567050	388934799	59
567050	388934800	321
567050	388934801	1141
567050	388934802	69129
567050	388934803	1
567050	388934804	3
567050	388934805	583
567050	388934806	209
567050	388934807	59
567050	388934808	3
567050	388934809	50446
567050	388934810	698368
567050	388934811	1
567050	388934812	5
567050	388934813	3
567050	388934814	321
567050	388934815	2248
567050	388934816	209
567050	388934817	59
567050	388934818	3
567050	388934819	321
567050	388934820	3735
567050	388934821	173230
567050	388934822	15
567050	388934823	1177
567050	388934824	5
567050	388934825	41345
567050	388934826	15639
567050	388934827	2
567050	388934828	393
567050	388934829	673
567050	388934830	58775
567050	388934831	286242
567050	388934832	14
567050	388934833	1
567050	388934834	11020
567050	388934835	5
567050	388934836	3988
567050	388934837	12340
567050	388934838	9
567050	388934839	19089
567050	388934840	74
567050	388934841	4
567050	388934842	7
567050	388934843	755
567050	388934844	2070634
567050	388934845	2
567050	388934846	4
567050	388934847	949
567050	388934848	3
567050	388934849	9474
567050	388934850	51
567050	388934851	54
567050	388934852	61
567050	388934853	5640
567050	388934854	1
567050	388934855	54
567050	388934856	91
567050	388934857	1161
567050	388934858	1203
567050	388934859	17
567050	388934860	7
567050	388934861	32782
567050	388934862	7043
567050	388934863	2
567050	388934864	1001
567050	388934865	9474
567050	388934866	6
567050	388934867	25212
567050	388934868	5
567050	388934869	6
567050	388934870	1866
567050	388934871	469
567050	388934872	354
567050	388934873	9747
567050	388934874	1715
567050	388934875	1803
567050	388934876	1
567050	388934877	59
567050	388934878	234316
567050	388934879	17
567050	388934880	7
567050	388934881	77410
567050	388934882	22451
567050	388934883	2
567050	388934884	1001
567050	388934885	65739
567050	388934886	169222
567050	388934887	94
567050	388934888	457
567050	388934889	19406
567050	388934890	5
567050	388934891	216560
567050	388934892	1
567050	388934893	59
567050	388934894	16530
567050	388934895	45
567050	388934896	62970
567050	388934897	85153
567050	388934898	1
567050	388934899	55
567050	388934900	3020
567050	388934901	3
567050	388934902	4421
567050	388934903	6
567050	388934904	3
567050	388934905	243502
567050	388934906	1
567050	388934907	1865087
567050	388934908	3
567050	388934909	377596
567050	388934910	17
567050	388934911	51
567050	388934912	66
567050	388934913	107799
567050	388934914	107799
567050	388934915	107799
567050	388934916	107799
567050	388934917	107799
567050	388934918	107799
567050	388934919	107799
567050	388934920	107799
567050	388934921	107799
567050	388934922	107799
567050	388934923	11020
567050	388934924	104
567050	388934925	54
567050	388934926	18
567050	388934927	53
567050	388934928	19
567050	388934929	31
567050	388934930	9474
567050	388934931	51
567050	388934932	3
567050	388934933	853
567050	388934934	28651
567050	388934935	1
567050	388934936	2061
567050	388934937	157160
567050	388934938	108
567050	388934939	28
567050	388934940	602
567050	388934941	1
567050	388934942	55
567050	388934943	2573
567050	388934944	28
567050	388934945	26910
567050	388934946	74
567050	388934947	51600
567050	388934948	2
567050	388934949	168
567050	388934950	3
567050	388934951	2638
567050	388934952	5
567050	388934953	400549
567050	388934954	73
567050	388934955	709
567050	388934956	11
567050	388934957	345
567050	388934958	36
567050	388934959	194
567050	388934960	3414
567050	388934961	1866
567050	388934962	1
567050	388934963	1072
567050	388934964	16
567050	388934965	2076
567050	388934966	1189
567050	388934967	366
567050	388934968	6
567050	388934969	1854
567050	388934970	1
567050	388934971	5
567050	388934972	281
567050	388934973	4151
567050	388934974	20
567050	388934975	86
567050	388934976	18268
567050	388934977	278
567050	388934978	3146
567050	388934979	96
567050	388934980	187
567050	388934981	51
567050	388934982	42
567050	388934983	35318
567050	388934984	138
567050	388934985	45
567050	388934986	138
567050	388934987	2
567050	388934988	31
567050	388934989	155
567050	388934990	6
567050	388934991	164
567050	388934992	301
567050	388934993	1
567050	388934994	73
567050	388934995	1656
567050	388934996	11020
567050	388934997	9
567050	388934998	13089
567050	388934999	66
567050	388935000	75238
567050	388935001	2987
567050	388935002	1
567050	388935003	58
567050	388935004	1203
567050	388935005	53
567050	388935006	100
567050	388935007	42
567050	388935008	123
567050	388935009	1
567050	388935010	38
567050	388935011	38455
567050	388935012	137
567050	388935013	11155
567050	388935014	47
567050	388935015	179
567050	388935016	44
567050	388935017	30
567050	388935018	337
567050	388935019	9
567050	388935020	5595
567050	388935021	114
567050	388935022	278
567050	388935023	4235
567050	388935024	10444
567050	388935025	2
567050	388935026	52
567050	388935027	22
567050	388935028	439
567050	388935029	25
567050	388935030	114
567050	388935031	1192
567050	388935032	198
567050	388935033	30
567050	388935034	120
567050	388935035	1543
567050	388935036	11
567050	388935037	179
567050	388935038	301
567050	388935039	2
567050	388935040	127
567050	388935041	59
567050	388935042	337
567050	388935043	25
567050	388935044	114
567050	388935045	1276
567050	388935046	59
567050	388935047	24
567050	388935048	267
567050	388935049	611
567050	388935050	2
567050	388935051	316
567050	388935052	179
567050	388935053	2441
567050	388935054	54
567050	388935055	61
567050	388935056	24
567050	388935057	299
567050	388935058	598
567050	388935059	9
567050	388935060	1558
567050	388935061	2391939
567050	388935062	2
567050	388935063	316
567050	388935064	3
567050	388935065	244
567050	388935066	598
567050	388935067	54
567050	388935068	59
567050	388935069	62366
567050	388935070	5
567050	388935071	38131
567050	388935072	361
567050	388935073	42
567050	388935074	59
567050	388935075	8923
567050	388935076	9
567050	388935077	7264
567050	388935078	1
567050	388935079	45
567050	388935080	120
567050	388935081	1408
567050	388935082	5
567050	388935083	35263
567050	388935084	155
567050	388935085	2
567050	388935086	1203890
567050	388935087	2040
567050	388935088	10
567050	388935089	236
567050	388935090	309
567050	388935091	2480
567050	388935092	47
567050	388935093	3661
567050	388935094	11
567050	388935095	3
567050	388935096	935
567050	388935097	6
567050	388935098	34478
567050	388935099	15
567050	388935100	7
567050	388935101	429
567050	388935102	73
567050	388935103	207
567050	388935104	29
567050	388935105	1
567050	388935106	4
567050	388935107	1877405
567050	388935108	13
567050	388935109	709
567050	388935110	94
567050	388935111	6124
567050	388935112	19
567050	388935113	4
567050	388935114	107799
567050	388935115	107799
567050	388935116	107799
567050	388935117	107799
567050	388935118	107799
567050	388935119	107799
567050	388935120	107799
567050	388935121	107799
567050	388935122	107799
567050	388935123	107799
567050	388935124	23
567050	388935125	4
567050	388935126	848
567050	388935127	1882
567050	388935128	55
567050	388935129	18790
567050	388935130	25
567050	388935131	59
567050	388935132	1045
567050	388935133	730
567050	388935134	728
567050	388935135	28724
567050	388935136	11020
567050	388935137	1
567050	388935138	61
567050	388935139	24
567050	388935140	235
567050	388935141	498
567050	388935142	263
567050	388935143	3
567050	388935144	51028
567050	388935145	2
567050	388935146	103
567050	388935147	59
567050	388935148	24
567050	388935149	2403
567050	388935150	15
567050	388935151	3
567050	388935152	2987
567050	388935153	2
567050	388935154	742
567050	388935155	6
567050	388935156	53
567050	388935157	59
567050	388935158	1109
567050	388935159	2
567050	388935160	331
567050	388935161	7
567050	388935162	230
567050	388935163	59
567050	388935164	976
567050	388935165	6766
567050	388935166	5
567050	388935167	2387367
567050	388935168	1
567050	388935169	54
567050	388935170	243
567050	388935171	433
567050	388935172	2189394
567050	388935173	720
567050	388935174	42
567050	388935175	41
567050	388935176	3
567050	388935177	17274
567050	388935178	18268
567050	388935179	6
567050	388935180	7
567050	388935181	10944
567050	388935182	524
567050	388935183	2
567050	388935184	103
567050	388935185	59
567050	388935186	18268
567050	388935187	6
567050	388935188	3
567050	388935189	244
567050	388935190	524
567050	388935191	92
567050	388935192	9940
567050	388935193	11020
567050	388935194	2255
567050	388935195	11020
567050	388935196	59
567050	388935197	2602
567050	388935198	2
567050	388935199	742
567050	388935200	6
567050	388935201	53
567050	388935202	59
567050	388935203	9
567050	388935204	30
567050	388935205	18628
567050	388935206	20
567050	388935207	45
567050	388935208	1259
567050	388935209	22074
567050	388935210	2
567050	388935211	6369
567050	388935212	1
567050	388935213	5
567050	388935214	24
567050	388935215	7
567050	388935216	230
567050	388935217	1
567050	388935218	59
567050	388935219	1366
567050	388935220	51363
567050	388935221	11
567050	388935222	3
567050	388935223	12471
567050	388935224	2
567050	388935225	6369
567050	388935226	59
567050	388935227	454
567050	388935228	96
567050	388935229	1366
567050	388935230	109484
567050	388935231	11
567050	388935232	3
567050	388935233	19607
567050	388935234	2
567050	388935235	6369
567050	388935236	54
567050	388935237	198
567050	388935238	24
567050	388935239	30
567050	388935240	653
567050	388935241	9
567050	388935242	1580
567050	388935243	2
567050	388935244	75
567050	388935245	47
567050	388935246	54
567050	388935247	70
567050	388935248	478
567050	388935249	86
567050	388935250	1567
567050	388935251	9
567050	388935252	50740
567050	388935253	5
567050	388935254	24757
567050	388935255	1
567050	388935256	54
567050	388935257	59
567050	388935258	6044
567050	388935259	24
567050	388935260	9
567050	388935261	1985000
567050	388935262	7
567050	388935263	6937
567050	388935264	2
567050	388935265	6573
567050	388935266	54
567050	388935267	59
567050	388935268	466
567050	388935269	568
567050	388935270	25
567050	388935271	54
567050	388935272	59
567050	388935273	24
567050	388935274	6106
567050	388935275	9
567050	388935276	9499
567050	388935277	362794
567050	388935278	28724
567050	388935279	11020
567050	388935280	2
567050	388935281	3911
567050	388935282	104
567050	388935283	11020
567050	388935284	59
567050	388935285	16488
567050	388935286	55
567050	388935287	223
567050	388935288	30
567050	388935289	6047
567050	388935290	11
567050	388935291	179
567050	388935292	420
567050	388935293	1
567050	388935294	54
567050	388935295	2223
567050	388935296	832
567050	388935297	9
567050	388935298	513
567050	388935299	53
567050	388935300	1
567050	388935301	100
567050	388935302	42
567050	388935303	59
567050	388935304	102230
567050	388935305	1861303
567050	388935306	38
567050	388935307	24
567050	388935308	423
567050	388935309	2
567050	388935310	127
567050	388935311	18031
567050	388935312	3
567050	388935313	6486
567050	388935314	5
567050	388935315	107799
567050	388935316	107799
567050	388935317	107799
567050	388935318	107799
567050	388935319	107799
567050	388935320	107799
567050	388935321	107799
567050	388935322	107799
567050	388935323	107799
567050	388935324	107799
567050	388935325	43
567050	388935326	959
567050	388935327	2
567050	388935328	127
567050	388935329	7875
567050	388935330	3
567050	388935331	8469
567050	388935332	6
567050	388935333	2480
567050	388935334	17
567050	388935335	51
567050	388935336	12
567050	388935337	99
567050	388935338	21595
567050	388935339	53
567050	388935340	1
567050	388935341	38
567050	388935342	44
567050	388935343	1633
567050	388935344	4259
567050	388935345	20
567050	388935346	1192
567050	388935347	9
567050	388935348	115
567050	388935349	1869
567050	388935350	15
567050	388935351	3
567050	388935352	9474
567050	388935353	51
567050	388935354	54
567050	388935355	281
567050	388935356	1
567050	388935357	96
567050	388935358	1359
567050	388935359	20
567050	388935360	398
567050	388935361	51
567050	388935362	153
567050	388935363	21003
567050	388935364	117
567050	388935365	45
567050	388935366	66
567050	388935367	9271
567050	388935368	55
567050	388935369	155076
567050	388935370	117
567050	388935371	17
567050	388935372	2868
567050	388935373	4518
567050	388935374	2
567050	388935375	356
567050	388935376	3
567050	388935377	244
567050	388935378	87
567050	388935379	1
567050	388935380	54
567050	388935381	44
567050	388935382	1633
567050	388935383	513
567050	388935384	17
567050	388935385	673
567050	388935386	58775
567050	388935387	1
567050	388935388	96
567050	388935389	3285
567050	388935390	17
567050	388935391	3046558
567050	388935392	1
567050	388935393	55
567050	388935394	14034
567050	388935395	38
567050	388935396	4206
567050	388935397	13650
567050	388935398	17
567050	388935399	7679
567050	388935400	2
567050	388935401	127
567050	388935402	44
567050	388935403	2140
567050	388935404	12831
567050	388935405	5
567050	388935406	7966
567050	388935407	348
567050	388935408	7
567050	388935409	703445
567050	388935410	2942
567050	388935411	32
567050	388935412	3
567050	388935413	10486
567050	388935414	6
567050	388935415	3
567050	388935416	45761
567050	388935417	1
567050	388935418	96
567050	388935419	1
567050	388935420	17
567050	388935421	3
567050	388935422	583872
567050	388935423	1
567050	388935424	8268
567050	388935425	86
567050	388935426	1250
567050	388935427	1
567050	388935428	38
567050	388935429	3
567050	388935430	3637
567050	388935431	4302
567050	388935432	1
567050	388935433	55
567050	388935434	118
567050	388935435	2236903
567050	388935436	8421
567050	388935437	17
567050	388935438	118
567050	388935439	16292
567050	388935440	3850
567050	388935441	2
567050	388935442	127
567050	388935443	44
567050	388935444	2140
567050	388935445	370
567050	388935446	5
567050	388935447	513
567050	388935448	11
567050	388935449	3
567050	388935450	2805
567050	388935451	2144
567050	388935452	6
567050	388935453	6277
567050	388935454	96
567050	388935455	30
567050	388935456	156358
567050	388935457	159
567050	388935458	3
567050	388935459	30040
567050	388935460	6
567050	388935461	7
567050	388935462	4340
567050	388935463	6944
567050	388935464	2
567050	388935465	3358
567050	388935466	1
567050	388935467	54
567050	388935468	44
567050	388935469	3237829
567050	388935470	25452
567050	388935471	11
567050	388935472	7
567050	388935473	64309
567050	388935474	1
567050	388935475	96
567050	388935476	56305
567050	388935477	11
567050	388935478	7
567050	388935479	297134
567050	388935480	6433
567050	388935481	2
567050	388935482	127
567050	388935483	70
567050	388935484	10013
567050	388935485	64
567050	388935486	3078
567050	388935487	6
567050	388935488	258
567050	388935489	19012
567050	388935490	6
567050	388935491	43
567050	388935492	619
567050	388935493	85
567050	388935494	3
567050	388935495	11653
567050	388935496	1
567050	388935497	22344
567050	388935498	1
567050	388935499	5
567050	388935500	29304
567050	388935501	2
567050	388935502	31
567050	388935503	11653
567050	388935504	22
567050	388935505	15353
567050	388935506	14855
567050	388935507	3
567050	388935508	42509
567050	388935509	5
567050	388935510	3
567050	388935511	321
567050	388935512	1694
567050	388935513	11
567050	388935514	3
567050	388935515	2797
567050	388935516	107799
567050	388935517	107799
567050	388935518	107799
567050	388935519	107799
567050	388935520	107799
567050	388935521	107799
567050	388935522	107799
567050	388935523	107799
567050	388935524	107799
567050	388935525	107799
567050	388935526	11
567050	388935527	114
567050	388935528	997
567050	388935529	1
567050	388935530	3
567050	388935531	4870
567050	388935532	108
567050	388935533	118
567050	388935534	6429
567050	388935535	1861323
567050	388935536	11
567050	388935537	1531
567050	388935538	3803
567050	388935539	2
567050	388935540	462
567050	388935541	63
567050	388935542	1145
567050	388935543	43
567050	388935544	5449
567050	388935545	11
567050	388935546	3
567050	388935547	1393
567050	388935548	5
567050	388935549	20
567050	388935550	3
567050	388935551	1406
567050	388935552	20
567050	388935553	51
567050	388935554	14
567050	388935555	10
567050	388935556	261
567050	388935557	1
567050	388935558	22
567050	388935559	1466
567050	388935560	344
567050	388935561	20
567050	388935562	7
567050	388935563	950
567050	388935564	150
567050	388935565	2
567050	388935566	52
567050	388935567	22
567050	388935568	17479
567050	388935569	1
567050	388935570	107
567050	388935571	1
567050	388935572	6500
567050	388935573	1
567050	388935574	5
567050	388935575	5928
567050	388935576	1
567050	388935577	17
567050	388935578	6584
567050	388935579	5796
567050	388935580	20
567050	388935581	118
567050	388935582	7895
567050	388935583	6429
567050	388935584	2
567050	388935585	1577
567050	388935586	673
567050	388935587	58775
567050	388935588	99
567050	388935589	7856
567050	388935590	7
567050	388935591	4468
567050	388935592	137
567050	388935593	133
567050	388935594	6
567050	388935595	16
567050	388935596	1192
567050	388935597	11
567050	388935598	1615
567050	388935599	1
567050	388935600	1356
567050	388935601	187
567050	388935602	73
567050	388935603	59
567050	388935604	137
567050	388935605	1049
567050	388935606	15
567050	388935607	15955
567050	388935608	16
567050	388935609	6968
567050	388935610	1
567050	388935611	5
567050	388935612	11
567050	388935613	302
567050	388935614	5
567050	388935615	740
567050	388935616	137
567050	388935617	2810
567050	388935618	6
567050	388935619	16
567050	388935620	6429
567050	388935621	1
567050	388935622	80
567050	388935623	30
567050	388935624	3
567050	388935625	13871
567050	388935626	3423
567050	388935627	6
567050	388935628	16
567050	388935629	1863
567050	388935630	1
567050	388935631	100
567050	388935632	12
567050	388935633	223
567050	388935634	111
567050	388935635	2964
567050	388935636	47
567050	388935637	12
567050	388935638	22
567050	388935639	1
567050	388935640	5
567050	388935641	51
567050	388935642	1
567050	388935643	54
567050	388935644	3660
567050	388935645	24
567050	388935646	1
567050	388935647	12
567050	388935648	80
567050	388935649	30
567050	388935650	832
567050	388935651	9
567050	388935652	6753
567050	388935653	348
567050	388935654	3
567050	388935655	3555
567050	388935656	6
567050	388935657	2964
567050	388935658	100
567050	388935659	37
567050	388935660	223
567050	388935661	30
567050	388935662	4
567050	388935663	12367
567050	388935664	6
567050	388935665	64
567050	388935666	53
567050	388935667	25
567050	388935668	709
567050	388935669	2
567050	388935670	127
567050	388935671	3239
567050	388935672	14
567050	388935673	80
567050	388935674	2408
567050	388935675	224
567050	388935676	6
567050	388935677	3
567050	388935678	19356
567050	388935679	5
567050	388935680	3925
567050	388935681	893
567050	388935682	6
567050	388935683	43
567050	388935684	4309
567050	388935685	9
567050	388935686	25700
567050	388935687	66
567050	388935688	30
567050	388935689	468020
567050	388935690	5
567050	388935691	6217
567050	388935692	14764
567050	388935693	1
567050	388935694	5
567050	388935695	9
567050	388935696	171
567050	388935697	3
567050	388935698	244
567050	388935699	75108
567050	388935700	4468
567050	388935701	1
567050	388935702	9
567050	388935703	30
567050	388935704	1399
567050	388935705	45
567050	388935706	7
567050	388935707	150
567050	388935708	63902
567050	388935709	5
567050	388935710	13571
567050	388935711	45
567050	388935712	7
567050	388935713	2968
567050	388935714	1192
567050	388935715	11
567050	388935716	3
567050	388935717	107799
567050	388935718	107799
567050	388935719	107799
567050	388935720	107799
567050	388935721	107799
567050	388935722	107799
567050	388935723	107799
567050	388935724	107799
567050	388935725	107799
567050	388935726	107799
567050	388935727	5750
567050	388935728	6
567050	388935729	3
567050	388935730	2067
567050	388935731	6
567050	388935732	2757
567050	388935733	1192
567050	388935734	40
567050	388935735	1935
567050	388935736	304
567050	388935737	118
567050	388935738	1682
567050	388935739	5
567050	388935740	70593
567050	388935741	1
567050	388935742	51
567050	388935743	17
567050	388935744	90
567050	388935745	13620
567050	388935746	6
567050	388935747	19549
567050	388935748	5
567050	388935749	19665
567050	388935750	11
567050	388935751	118
567050	388935752	3777
567050	388935753	6
567050	388935754	17048
567050	388935755	45
567050	388935756	16
567050	388935757	381
567050	388935758	80
567050	388935759	30
567050	388935760	11148
567050	388935761	9
567050	388935762	30
567050	388935763	7
567050	388935764	320703
567050	388935765	5
567050	388935766	10428
567050	388935767	17536
567050	388935768	6
567050	388935769	2757
567050	388935770	521
567050	388935771	2
567050	388935772	31
567050	388935773	29304
567050	388935774	1338
567050	388935775	117
567050	388935776	3
567050	388935777	5434
567050	388935778	6
567050	388935779	3
567050	388935780	4624
567050	388935781	6
567050	388935782	1117
567050	388935783	1
567050	388935784	11
567050	388935785	51
567050	388935786	1935
567050	388935787	714
567050	388935788	16
567050	388935789	14641
567050	388935790	238
567050	388935791	1
567050	388935792	518
567050	388935793	3
567050	388935794	2075
567050	388935795	5
567050	388935796	1406
567050	388935797	6
567050	388935798	64
567050	388935799	3
567050	388935800	4484
567050	388935801	6
567050	388935802	1250
567050	388935803	2
567050	388935804	31
567050	388935805	240
567050	388935806	5449
567050	388935807	14874
567050	388935808	5
567050	388935809	24467
567050	388935810	3
567050	388935811	4628
567050	388935812	6
567050	388935813	3
567050	388935814	17290
567050	388935815	15
567050	388935816	1579
567050	388935817	15639
567050	388935818	6
567050	388935819	521
567050	388935820	5
567050	388935821	3
567050	388935822	150
567050	388935823	1
567050	388935824	11
567050	388935825	51
567050	388935826	3
567050	388935827	18519
567050	388935828	5
567050	388935829	63777
567050	388935830	6
567050	388935831	3
567050	388935832	1587
567050	388935833	3178
567050	388935834	522
567050	388935835	330
567050	388935836	52238
567050	388935837	2
567050	388935838	2836
567050	388935839	6
567050	388935840	179
567050	388935841	18519
567050	388935842	198
567050	388935843	30
567050	388935844	35513
567050	388935845	11
567050	388935846	3
567050	388935847	950
567050	388935848	3316
567050	388935849	1
567050	388935850	25
567050	388935851	3
567050	388935852	2623
567050	388935853	99
567050	388935854	90349
567050	388935855	189
567050	388935856	360
567050	388935857	15
567050	388935858	3
567050	388935859	3164
567050	388935860	40
567050	388935861	51
567050	388935862	30
567050	388935863	99
567050	388935864	5651
567050	388935865	9
567050	388935866	2000
567050	388935867	2
567050	388935868	37
567050	388935869	99
567050	388935870	24
567050	388935871	199
567050	388935872	1
567050	388935873	11
567050	388935874	114
567050	388935875	997
567050	388935876	1
567050	388935877	3524
567050	388935878	24060
567050	388935879	3
567050	388935880	10944
567050	388935881	1
567050	388935882	38
567050	388935883	99
567050	388935884	15351
567050	388935885	14
567050	388935886	189
567050	388935887	723
567050	388935888	15
567050	388935889	3
567050	388935890	8421
567050	388935891	6
567050	388935892	3
567050	388935893	1259
567050	388935894	2
567050	388935895	31
567050	388935896	4494
567050	388935897	5
567050	388935898	4106
567050	388935899	6
567050	388935900	864
567050	388935901	12
567050	388935902	99
567050	388935903	616
567050	388935904	189
567050	388935905	360
567050	388935906	11
567050	388935907	3
567050	388935908	631
567050	388935909	6
567050	388935910	3
567050	388935911	488
567050	388935912	1
567050	388935913	5
567050	388935914	189
567050	388935915	3493
567050	388935916	11
567050	388935917	3
567050	388935918	107799
567050	388935919	107799
567050	388935920	107799
567050	388935921	107799
567050	388935922	107799
567050	388935923	107799
567050	388935924	107799
567050	388935925	107799
567050	388935926	107799
567050	388935927	107799
567050	388935928	59
567050	388935929	189
567050	388935930	14502
567050	388935931	16977
567050	388935932	15
567050	388935933	3
567050	388935934	9372
567050	388935935	51
567050	388935936	3
567050	388935937	1111
567050	388935938	99
567050	388935939	6047
567050	388935940	11
567050	388935941	631
567050	388935942	1
567050	388935943	5
567050	388935944	24
567050	388935945	1863312
567050	388935946	11
567050	388935947	3
567050	388935948	2958
567050	388935949	5174
567050	388935950	2
567050	388935951	31
567050	388935952	10944
567050	388935953	22
567050	388935954	4008
567050	388935955	20
567050	388935956	22787
567050	388935957	1
567050	388935958	6742
567050	388935959	9
567050	388935960	671
567050	388935961	7
567050	388935962	524
567050	388935963	636
567050	388935964	631
567050	388935965	9
567050	388935966	11577
567050	388935967	28
567050	388935968	3796
567050	388935969	1
567050	388935970	12600
567050	388935971	12417
567050	388935972	1061
567050	388935973	16281
567050	388935974	5
567050	388935975	90593
567050	388935976	3
567050	388935977	14548
567050	388935978	5
567050	388935979	79022
567050	388935980	77
567050	388935981	1861323
567050	388935982	54465
567050	388935983	3164
567050	388935984	5
567050	388935985	3
567050	388935986	2473677
567050	388935987	2
567050	388935988	31
567050	388935989	12181
567050	388935990	22
567050	388935991	7199
567050	388935992	5
567050	388935993	40294
567050	388935994	601
567050	388935995	3
567050	388935996	7756
567050	388935997	6
567050	388935998	631
567050	388935999	1
567050	388936000	11
567050	388936001	189
567050	388936002	129305
567050	388936003	50
567050	388936004	9481
567050	388936005	15
567050	388936006	187
567050	388936007	2901
567050	388936008	385
567050	388936009	23935
567050	388936010	22
567050	388936011	4861
567050	388936012	137
567050	388936013	12717
567050	388936014	12250
567050	388936015	15
567050	388936016	3
567050	388936017	12897
567050	388936018	682
567050	388936019	5
567050	388936020	16
567050	388936021	3834
567050	388936022	4250
567050	388936023	2
567050	388936024	75
567050	388936025	335
567050	388936026	3
567050	388936027	619
567050	388936028	34343
567050	388936029	236
567050	388936030	8419
567050	388936031	47
567050	388936032	7
567050	388936033	39471
567050	388936034	17
567050	388936035	18519
567050	388936036	93
567050	388936037	179
567050	388936038	1
567050	388936039	55
567050	388936040	17
567050	388936041	1585
567050	388936042	54894
567050	388936043	1
567050	388936044	54
567050	388936045	135
567050	388936046	24
567050	388936047	6385
567050	388936048	9
567050	388936049	14621
567050	388936050	14
567050	388936051	7
567050	388936052	3482
567050	388936053	619
567050	388936054	2
567050	388936055	52
567050	388936056	137
567050	388936057	12717
567050	388936058	120070
567050	388936059	3
567050	388936060	798
567050	388936061	682
567050	388936062	40
567050	388936063	3
567050	388936064	34319
567050	388936065	15
567050	388936066	51
567050	388936067	14
567050	388936068	99
567050	388936069	56
567050	388936070	12250
567050	388936071	45
567050	388936072	17230
567050	388936073	41032
567050	388936074	1
567050	388936075	14
567050	388936076	137
567050	388936077	34625
567050	388936078	99918
567050	388936079	3
567050	388936080	488
567050	388936081	636
567050	388936082	118
567050	388936083	13589
567050	388936084	110936
567050	388936085	1
567050	388936086	5
567050	388936087	3
567050	388936088	4795
567050	388936089	5196
567050	388936090	636
567050	388936091	3
567050	388936092	7014
567050	388936093	6
567050	388936094	631
567050	388936095	51
567050	388936096	37
567050	388936097	4171
567050	388936098	1
567050	388936099	335
567050	388936100	46
567050	388936101	7014
567050	388936102	30
567050	388936103	3
567050	388936104	2519
567050	388936105	543
567050	388936106	26
567050	388936107	14
567050	388936108	137
567050	388936109	34625
567050	388936110	50538
567050	388936111	1934320
567050	388936112	9
567050	388936113	65195
567050	388936114	3
567050	388936115	3256
567050	388936116	92
567050	388936117	99
567050	388936118	28249
567050	388936119	107799
567050	388936120	107799
567050	388936121	107799
567050	388936122	107799
567050	388936123	107799
567050	388936124	107799
567050	388936125	107799
567050	388936126	107799
567050	388936127	107799
567050	388936128	107799
567050	388936129	4309
567050	388936130	26
567050	388936131	14
567050	388936132	34843
567050	388936133	165
567050	388936134	5942
567050	388936135	7071
567050	388936136	20
567050	388936137	7
567050	388936138	2965
567050	388936139	3178
567050	388936140	20
567050	388936141	3
567050	388936142	12181
567050	388936143	26
567050	388936144	14
567050	388936145	99
567050	388936146	137
567050	388936147	24391
567050	388936148	5
567050	388936149	16345
567050	388936150	62139
567050	388936151	3
567050	388936152	455
567050	388936153	6
567050	388936154	2607
567050	388936155	1
567050	388936156	137
567050	388936157	17950
567050	388936158	45126
567050	388936159	118
567050	388936160	11321
567050	388936161	5
567050	388936162	13954
567050	388936163	1
567050	388936164	5
567050	388936165	636
567050	388936166	64
567050	388936167	1
567050	388936168	14
567050	388936169	99
567050	388936170	137
567050	388936171	213813
567050	388936172	5
567050	388936173	137
567050	388936174	9407
567050	388936175	87077
567050	388936176	3
567050	388936177	6968
567050	388936178	6
567050	388936179	2964
567050	388936180	73
567050	388936181	4
567050	388936182	674439
567050	388936183	3088
567050	388936184	16
567050	388936185	142
567050	388936186	5
567050	388936187	16
567050	388936188	142
567050	388936189	2456
567050	388936190	29
567050	388936191	24
567050	388936192	1
567050	388936193	4
567050	388936194	25
567050	388936195	54
567050	388936196	61
567050	388936197	24
567050	388936198	6385
567050	388936199	9
567050	388936200	32628
567050	388936201	14
567050	388936202	257
567050	388936203	7
567050	388936204	1762
567050	388936205	2757
567050	388936206	619
567050	388936207	1
567050	388936208	5
567050	388936209	7
567050	388936210	619
567050	388936211	1882734
567050	388936212	17037
567050	388936213	15
567050	388936214	3
567050	388936215	420
567050	388936216	11
567050	388936217	51
567050	388936218	54
567050	388936219	1859
567050	388936220	2
590750	389950056	3303358
590750	389950057	49052
590750	389950058	49069
590750	389950059	260848
590750	389950060	152281
590750	389950061	2
590750	389950062	51666
590750	389950063	1
590750	389950064	33562
590750	389950065	2
590750	389950066	170761
590750	389950067	103409
590750	389950068	1055
590750	389950069	336
590750	389950070	49052
590750	389950071	49069
590750	389950072	2
590750	389950073	1746
590750	389950074	7
590750	389950075	17257
590750	389950076	13297
590750	389950077	15
590750	389950078	3
590750	389950079	2437
590750	389950080	6
590750	389950081	3
590750	389950082	2615
590750	389950083	2175
590750	389950084	1
590750	389950085	5
590750	389950086	3
590750	389950087	10475
590750	389950088	5
590750	389950089	1775
590750	389950090	6
590750	389950091	41917
590750	389950092	1
590750	389950093	45
590750	389950094	3
590750	389950095	9134
590750	389950096	5
590750	389950097	15660
590750	389950098	6
590750	389950099	3
590750	389950100	484
590750	389950101	6
590750	389950102	9173
590750	389950103	1
590750	389950104	11
590750	389950105	3
590750	389950106	441
590750	389950107	108266
590750	389950108	1
590750	389950109	42
590750	389950110	343
590750	389950111	85
590750	389950112	4
590750	389950113	31
590750	389950114	3850
590750	389950115	51
590750	389950116	117031
590750	389950117	303
590750	389950118	17624
590750	389950119	9438
590750	389950120	5
590750	389950121	3
590750	389950122	2615
590750	389950123	2175
590750	389950124	7350
590750	389950125	108
590750	389950126	3
590750	389950127	7029
590750	389950128	6
590750	389950129	41003
590750	389950130	4082
590750	389950131	1
590750	389950132	5
590750	389950133	69
590750	389950134	1245665
590750	389950135	281
590750	389950136	94
590750	389950137	187
590750	389950138	4082
590750	389950139	1
590750	389950140	7183
590750	389950141	6835
590750	389950142	6842
590750	389950143	11
590750	389950144	3
590750	389950145	1869
590750	389950146	6
590750	389950147	3
590750	389950148	1936
590750	389950149	1826
590750	389950150	1
590750	389950151	5
590750	389950152	3
590750	389950153	10093
590750	389950154	157640
590750	389950155	22911
590750	389950156	1
590750	389950157	3
590750	389950158	583
590750	389950159	2441
590750	389950160	9
590750	389950161	1558
590750	389950162	7
590750	389950163	6196
590750	389950164	935
590750	389950165	15
590750	389950166	66
590750	389950167	11736
590750	389950168	2
590750	389950169	406
590750	389950170	406
590750	389950171	406
590750	389950172	31
590750	389950173	1541
590750	389950174	6
590750	389950175	35773
590750	389950176	20
590750	389950177	3
590750	389950178	3029
590750	389950179	1
590750	389950180	5
590750	389950181	3261
590750	389950182	20
590750	389950183	3
590750	389950184	1810
590750	389950185	1
590750	389950186	59
590750	389950187	8985
590750	389950188	1
590750	389950189	9646
590750	389950190	28359
590750	389950191	15
590750	389950192	69
590750	389950193	2480
590750	389950194	26
590750	389950195	38
590750	389950196	69
590750	389950197	1245665
590750	389950198	91
590750	389950199	24
590750	389950200	19146
590750	389950201	9
590750	389950202	9453
590750	389950203	912
590750	389950204	1
590750	389950205	51
590750	389950206	42
590750	389950207	44
590750	389950208	9232
590750	389950209	17
590750	389950210	876
590750	389950211	8900
590750	389950212	1
590750	389950213	25
590750	389950214	42
590750	389950215	198
590750	389950216	229
590750	389950217	30
590750	389950218	616
590750	389950219	11
590750	389950220	35849
590750	389950221	10814
590750	389950222	17
590750	389950223	187
590750	389950224	73
590750	389950225	70
590750	389950226	14962
590750	389950227	9
590750	389950228	16597
590750	389950229	8034
590750	389950230	108
590750	389950231	117
590750	389950232	1
590750	389950233	5
590750	389950234	9
590750	389950235	9260
590750	389950236	9460
590750	389950237	15834
590750	389950238	1
590750	389950239	15
590750	389950240	114
590750	389950241	9382
590750	389950242	2
590750	389950243	4
590750	389950244	160
590750	389950245	107799
590750	389950246	107799
590750	389950247	107799
590750	389950248	107799
590750	389950249	107799
590750	389950250	107799
590750	389950251	107799
590750	389950252	107799
590750	389950253	107799
590750	389950254	107799
590750	389950255	10
590750	389950256	3
590750	389950257	2623
590750	389950258	6
590750	389950259	3
590750	389950260	17257
590750	389950261	11787
590750	389950262	15
590750	389950263	1
590750	389950264	10
590750	389950265	28942
590750	389950266	78978
590750	389950267	49365
590750	389950268	15
590750	389950269	3
590750	389950270	3512
590750	389950271	6
590750	389950272	1033
590750	389950273	1497
590750	389950274	2
590750	389950275	116
590750	389950276	17513
590750	389950277	10
590750	389950278	379
590750	389950279	32
590750	389950280	46
590750	389950281	87
590750	389950282	2536284
590750	389950283	726
590750	389950284	46
590750	389950285	3512
590750	389950286	2
590750	389950287	178
590750	389950288	2595
590750	389950289	1
590750	389950290	11053
590750	389950291	1
590750	389950292	5
590750	389950293	12446
590750	389950294	58
590750	389950295	63
590750	389950296	5106
590750	389950297	11
590750	389950298	1996
590750	389950299	3
590750	389950300	1826
590750	389950301	6
590750	389950302	17624
590750	389950303	9438
590750	389950304	9
590750	389950305	2738
590750	389950306	17
590750	389950307	44490
590750	389950308	3
590750	389950309	3206
590750	389950310	32
590750	389950311	4691
590750	389950312	1
590750	389950313	187
590750	389950314	7358
590750	389950315	4574
590750	389950316	41
590750	389950317	177
590750	389950318	4073
590750	389950319	7886
590750	389950320	1075702
590750	389950321	51330
590750	389950322	11
590750	389950323	114
590750	389950324	9261
590750	389950325	92
590750	389950326	165
590750	389950327	7
590750	389950328	1816
590750	389950329	58
590750	389950330	1161
590750	389950331	30
590750	389950332	5157
590750	389950333	2
590750	389950334	31
590750	389950335	9981
590750	389950336	51
590750	389950337	96137
590750	389950338	500
590750	389950339	1
590750	389950340	47
590750	389950341	11
590750	389950342	3
590750	389950343	9173
590750	389950344	22424
590750	389950345	1
590750	389950346	108
590750	389950347	3
590750	389950348	4
590750	389950349	1869
590750	389950350	6
590750	389950351	3
590750	389950352	1936
590750	389950353	1826
590750	389950354	1
590750	389950355	4
590750	389950356	55
590750	389950357	1
590750	389950358	17
590750	389950359	1609
590750	389950360	689
590750	389950361	7208
590750	389950362	33
590750	389950363	3
590750	389950364	2822
590750	389950365	5
590750	389950366	864
590750	389950367	6
590750	389950368	114
590750	389950369	98628
590750	389950370	1
590750	389950371	41
590750	389950372	9882
590750	389950373	11358
590750	389950374	2
590750	389950375	1618
590750	389950376	51
590750	389950377	2210
590750	389950378	40
590750	389950379	7
590750	389950380	1542
590750	389950381	11
590750	389950382	3
590750	389950383	2
590750	389950384	4
590750	389950385	10093
590750	389950386	4
590750	389950387	6
590750	389950388	3
590750	389950389	1826
590750	389950390	6
590750	389950391	3
590750	389950392	2615
590750	389950393	2175
590750	389950394	2456
590750	389950395	7
590750	389950396	1517
590750	389950397	13245
590750	389950398	2
590750	389950399	1316
590750	389950400	2288
590750	389950401	609
590750	389950402	116
590750	389950403	31253
590750	389950404	36
590750	389950405	3228412
590750	389950406	32
590750	389950407	16
590750	389950408	2459
590750	389950409	1
590750	389950410	1017
590750	389950411	444
590750	389950412	2639950
590750	389950413	1
590750	389950414	15674
590750	389950415	36
590750	389950416	1371821
590750	389950417	1
590750	389950418	463
590750	389950419	7
590750	389950420	2485
590750	389950421	11
590750	389950422	51
590750	389950423	12
590750	389950424	73987
590750	389950425	3
590750	389950426	1936
590750	389950427	2409
590750	389950428	6
590750	389950429	244266
590750	389950430	13524
590750	389950431	3909
590750	389950432	3888
590750	389950433	6
590750	389950434	13382
590750	389950435	5189
590750	389950436	33
590750	389950437	3
590750	389950438	573
590750	389950439	5387
590750	389950440	2
590750	389950441	160
590750	389950442	7
590750	389950443	1140
590750	389950444	15
590750	389950445	116
590750	389950446	107799
590750	389950447	107799
590750	389950448	107799
590750	389950449	107799
590750	389950450	107799
590750	389950451	107799
590750	389950452	107799
590750	389950453	107799
590750	389950454	107799
590750	389950455	107799
590750	389950456	1
590750	389950457	4
590750	389950458	5
590750	389950459	63666
590750	389950460	14
590750	389950461	17
590750	389950462	46
590750	389950463	10284
590750	389950464	25942
590750	389950465	2
590750	389950466	790
590750	389950467	3
590750	389950468	2861429
590750	389950469	13480
590750	389950470	32116
590750	389950471	94
590750	389950472	4666
590750	389950473	108
590750	389950474	3
590750	389950475	4395
590750	389950476	2095
590750	389950477	98
590750	389950478	11
590750	389950479	2639950
590750	389950480	36
590750	389950481	2485
590750	389950482	1
590750	389950483	375
590750	389950484	3
590750	389950485	8244
590750	389950486	303
590750	389950487	3
590750	389950488	2437
590750	389950489	5
590750	389950490	16789
590750	389950491	28669
590750	389950492	89103
590750	389950493	20536
590750	389950494	6
590750	389950495	118
590750	389950496	3181
590750	389950497	1
590750	389950498	5
590750	389950499	72700
590750	389950500	15816
590750	389950501	5
590750	389950502	43070
590750	389950503	20
590750	389950504	2563
590750	389950505	5
590750	389950506	80755
590750	389950507	2
590750	389950508	160
590750	389950509	7
590750	389950510	338
590750	389950511	1
590750	389950512	13524
590750	389950513	41
590750	389950514	6522
590750	389950515	1
590750	389950516	490
590750	389950517	17
590750	389950518	1393
590750	389950519	6
590750	389950520	6807
590750	389950521	51
590750	389950522	69173
590750	389950523	3
590750	389950524	5033
590750	389950525	1
590750	389950526	40
590750	389950527	9246
590750	389950528	114
590750	389950529	3168
590750	389950530	26
590750	389950531	3
590750	389950532	2894
590750	389950533	1
590750	389950534	6
590750	389950535	123524
590750	389950536	113982
590750	389950537	26
590750	389950538	14313
590750	389950539	20
590750	389950540	423110
590750	389950541	6
590750	389950542	903
590750	389950543	12685
590750	389950544	18842
590750	389950545	26
590750	389950546	3
590750	389950547	3301
590750	389950548	6
590750	389950549	3
590750	389950550	632
590750	389950551	6
590750	389950552	146949
590750	389950553	2801
590750	389950554	108
590750	389950555	26
590750	389950556	3
590750	389950557	1676
590750	389950558	11
590750	389950559	4966
590750	389950560	6
590750	389950561	101079
590750	389950562	5
590750	389950563	1628645
590750	389950564	4
590750	389950565	1482
590750	389950566	11
590750	389950567	66
590750	389950568	4526
590750	389950569	1
590750	389950570	4106
590750	389950571	1
590750	389950572	5
590750	389950573	4214
590750	389950574	1
590750	389950575	41
590750	389950576	2366
590750	389950577	35718
590750	389950578	17
590750	389950579	114
590750	389950580	2002
590750	389950581	257
590750	389950582	7
590750	389950583	9377
590750	389950584	183
590750	389950585	4
590750	389950586	2872244
590750	389950587	1
590750	389950588	166
590750	389950589	314
590750	389950590	7768
590750	389950591	18
590750	389950592	4327
590750	389950593	7572
590750	389950594	1
590750	389950595	8741
590750	389950596	4172
590750	389950597	1715
590750	389950598	3
590750	389950599	2615
590750	389950600	2175
590750	389950601	1
590750	389950602	3
590750	389950603	10575
590750	389950604	10455
590750	389950605	5
590750	389950606	20005
590750	389950607	28832
590750	389950608	26
590750	389950609	2718063
590750	389950610	20
590750	389950611	8034
590750	389950612	388
590750	389950613	26926
590750	389950614	26
590750	389950615	3261
590750	389950616	239
590750	389950617	2997
590750	389950618	34278
590750	389950619	26
590750	389950620	166
590750	389950621	588
590750	389950622	3
590750	389950623	7090
590750	389950624	2790301
590750	389950625	6
590750	389950626	2707
590750	389950627	10245
590750	389950628	6338
590750	389950629	85
590750	389950630	5
590750	389950631	165
590750	389950632	50
590750	389950633	2398
590750	389950634	8768
590750	389950635	45
590750	389950636	1822
590750	389950637	9438
590750	389950638	47
590750	389950639	579
590750	389950640	15
590750	389950641	3
590750	389950642	2615
590750	389950643	2175
590750	389950644	38
590750	389950645	82
590750	389950646	6
590750	389950647	107799
590750	389950648	107799
590750	389950649	107799
590750	389950650	107799
590750	389950651	107799
590750	389950652	107799
590750	389950653	107799
590750	389950654	107799
590750	389950655	107799
590750	389950656	107799
590750	389950657	1
590750	389950658	4
590750	389950659	9
590750	389950660	18649
590750	389950661	20
590750	389950662	2147
590750	389950663	1
590750	389950664	9
590750	389950665	7550
590750	389950666	6
590750	389950667	16
590750	389950668	4954
590750	389950669	1302
590750	389950670	9261
590750	389950671	3762
590750	389950672	9
590750	389950673	5431
590750	389950674	212
590750	389950675	113
590750	389950676	2569
590750	389950677	42
590750	389950678	190
590750	389950679	7720
590750	389950680	9
590750	389950681	9517
590750	389950682	1
590750	389950683	55
590750	389950684	9
590750	389950685	10583
590750	389950686	1467
590750	389950687	74
590750	389950688	3
590750	389950689	15361
590750	389950690	1
590750	389950691	5
590750	389950692	108
590750	389950693	3
590750	389950694	2090
590750	389950695	1
590750	389950696	5
590750	389950697	1074871
590750	389950698	26935
590750	389950699	1
590750	389950700	4
590750	389950701	357438
590750	389950702	14
590750	389950703	991131
590750	389950704	3
590750	389950705	6108
590750	389950706	2
590750	389950707	4
590750	389950708	31
590750	389950709	2595
590750	389950710	6
590750	389950711	3
590750	389950712	903
590750	389950713	183
590750	389950714	1
590750	389950715	32
590750	389950716	64
590750	389950717	420
590750	389950718	16634
590750	389950719	13270
590750	389950720	1
590750	389950721	2182
590750	389950722	15750
590750	389950723	108
590750	389950724	3
590750	389950725	1417
590750	389950726	2
590750	389950727	31
590750	389950728	2051
590750	389950729	22386
590750	389950730	6
590750	389950731	377
590750	389950732	1131147
590750	389950733	3
590750	389950734	19811
590750	389950735	35633
590750	389950736	1
590750	389950737	33
590750	389950738	647
590750	389950739	5
590750	389950740	664
590750	389950741	1
590750	389950742	45
590750	389950743	903
590750	389950744	2975
590750	389950745	5
590750	389950746	12767
590750	389950747	1
590750	389950748	5473
590750	389950749	94
590750	389950750	114
590750	389950751	2689
590750	389950752	3
590750	389950753	3206
590750	389950754	32
590750	389950755	4691
590750	389950756	303
590750	389950757	3
590750	389950758	122
590750	389950759	5011
590750	389950760	1
590750	389950761	5
590750	389950762	22200
590750	389950763	74
590750	389950764	3
590750	389950765	3696
590750	389950766	21261
590750	389950767	6
590750	389950768	13057
590750	389950769	966
590750	389950770	3
590750	389950771	152
590750	389950772	4821
590750	389950773	6
590750	389950774	3
590750	389950775	3301
590750	389950776	1
590750	389950777	25
590750	389950778	3
590750	389950779	3168
590750	389950780	11132
590750	389950781	3
590750	389950782	8153
590750	389950783	2
590750	389950784	31
590750	389950785	36536
590750	389950786	6
590750	389950787	3
590750	389950788	1901
590750	389950789	6
590750	389950790	13524
590750	389950791	897
590750	389950792	7
590750	389950793	13382
590750	389950794	3168
590750	389950795	123
590750	389950796	379
590750	389950797	1
590750	389950798	1010
590750	389950799	34736
590750	389950800	17624
590750	389950801	9438
590750	389950802	5
590750	389950803	3
590750	389950804	2615
590750	389950805	2175
590750	389950806	1
590750	389950807	9
590750	389950808	30
590750	389950809	30073
590750	389950810	16118
590750	389950811	2
590750	389950812	1177688
590750	389950813	628
590750	389950814	46
590750	389950815	632
590750	389950816	3
590750	389950817	3686
590750	389950818	5
590750	389950819	1603322
590750	389950820	8526
590750	389950821	6
590750	389950822	1052662
590750	389950823	2615
590750	389950824	2175
590750	389950825	123
590750	389950826	72
590750	389950827	4
590750	389950828	118
590750	389950829	1380
590750	389950830	38125
590750	389950831	5
590750	389950832	24392
590750	389950833	45
590750	389950834	3
590750	389950835	19051
590750	389950836	14
590750	389950837	18
590750	389950838	3240
590750	389950839	40
590750	389950840	3
590750	389950841	1544
590750	389950842	6
590750	389950843	3
590750	389950844	11425
590750	389950845	2595
590750	389950846	6
590750	389950847	1086
590750	389950848	107799
590750	389950849	107799
590750	389950850	107799
590750	389950851	107799
590750	389950852	107799
590750	389950853	107799
590750	389950854	107799
590750	389950855	107799
590750	389950856	107799
590750	389950857	107799
590750	389950858	123
590750	389950859	72
590750	389950860	1
590750	389950861	17
590750	389950862	7
590750	389950863	68967
590750	389950864	3101
590750	389950865	1
590750	389950866	518
590750	389950867	3
590750	389950868	29509
590750	389950869	6
590750	389950870	1086
590750	389950871	36
590750	389950872	321
590750	389950873	66519
590750	389950874	15334
590750	389950875	2
590750	389950876	628
590750	389950877	14
590750	389950878	3
590750	389950879	403
590750	389950880	411
590750	389950881	18484
590750	389950882	17
590750	389950883	7
590750	389950884	4278
590750	389950885	11991
590750	389950886	6
590750	389950887	1542
590750	389950888	11
590750	389950889	118
590750	389950890	142
590750	389950891	524
590750	389950892	1
590750	389950893	2188
590750	389950894	1
590750	389950895	7058
590750	389950896	1
590750	389950897	5
590750	389950898	5092
590750	389950899	9
590750	389950900	4003
590750	389950901	34278
590750	389950902	1
590750	389950903	5
590750	389950904	15114
590750	389950905	37738
590750	389950906	15
590750	389950907	3
590750	389950908	1192
590750	389950909	6
590750	389950910	35783
590750	389950911	2
590750	389950912	160
590750	389950913	3
590750	389950914	1418
590750	389950915	6
590750	389950916	116
590750	389950917	34852
590750	389950918	1
590750	389950919	8802
590750	389950920	34065
590750	389950921	1
590750	389950922	33562
590750	389950923	85
590750	389950924	4
590750	389950925	2509
590750	389950926	54
590750	389950927	1262
590750	389950928	2
590750	389950929	108
590750	389950930	114
590750	389950931	240
590750	389950932	632
590750	389950933	17
590750	389950934	1086
590750	389950935	114
590750	389950936	3168
590750	389950937	10
590750	389950938	10245
590750	389950939	68334
590750	389950940	4069
590750	389950941	11353
590750	389950942	36565
590750	389950943	1
590750	389950944	5
590750	389950945	114
590750	389950946	7511
590750	389950947	3048
590750	389950948	4069
590750	389950949	3207575
590750	389950950	69215
590750	389950951	2
590750	389950952	75
590750	389950953	361
590750	389950954	54
590750	389950955	123
590750	389950956	156
590750	389950957	130
590750	389950958	14
590750	389950959	1
590750	389950960	148
590750	389950961	11353
590750	389950962	36565
590750	389950963	18
590750	389950964	137
590750	389950965	490
590750	389950966	25025
590750	389950967	291
590750	389950968	1033
590750	389950969	783
590750	389950970	36
590750	389950971	3862
590750	389950972	1
590750	389950973	5
590750	389950974	187
590750	389950975	2389765
590750	389950976	69215
590750	389950977	18
590750	389950978	137
590750	389950979	490
590750	389950980	28709
590750	389950981	66
590750	389950982	864
590750	389950983	11
590750	389950984	2134
590750	389950985	26770
590750	389950986	1
590750	389950987	5
590750	389950988	45
590750	389950989	27961
590750	389950990	66
590750	389950991	16917
590750	389950992	1
590750	389950993	148
590750	389950994	166
590750	389950995	4904
590750	389950996	4518
590750	389950997	1
590750	389950998	11
590750	389950999	118
590750	389951000	142
590750	389951001	5312
590750	389951002	1
590750	389951003	10
590750	389951004	4160
590750	389951005	9
590750	389951006	2443
590750	389951007	3
590750	389951008	17989
590750	389951009	6
590750	389951010	114
590750	389951011	4320
590750	389951012	8526
590750	389951013	2
590750	389951014	4
590750	389951015	5630
590750	389951016	46
590750	389951017	632
590750	389951018	1
590750	389951019	640
590750	389951020	1
590750	389951021	54
590750	389951022	68
590750	389951023	24
590750	389951024	2224
590750	389951025	375
590750	389951026	54
590750	389951027	41
590750	389951028	6352
590750	389951029	108
590750	389951030	14
590750	389951031	304
590750	389951032	114
590750	389951033	6874
590750	389951034	12231
590750	389951035	2
590750	389951036	127
590750	389951037	836
590750	389951038	9
590750	389951039	12806
590750	389951040	15
590750	389951041	2329
590750	389951042	45585
590750	389951043	699996
590750	389951044	1
590750	389951045	5
590750	389951046	9
590750	389951047	5853
590750	389951048	1625
590750	389951049	107799
590750	389951050	107799
590750	389951051	107799
590750	389951052	107799
590750	389951053	107799
590750	389951054	107799
590750	389951055	107799
590750	389951056	107799
590750	389951057	107799
590750	389951058	107799
590750	389951059	25
590750	389951060	14
590750	389951061	44
590750	389951062	30
590750	389951063	24503
590750	389951064	1
590750	389951065	375
590750	389951066	7
590750	389951067	269
590750	389951068	5
590750	389951069	76501
590750	389951070	906
590750	389951071	6
590750	389951072	14430
590750	389951073	44150
590750	389951074	1
590750	389951075	5
590750	389951076	4831
590750	389951077	6974
590750	389951078	6
590750	389951079	41623
590750	389951080	5
590750	389951081	59862
590750	389951082	34278
590750	389951083	1
590750	389951084	5866
590750	389951085	3901
590750	389951086	5803
590750	389951087	3907
590750	389951088	17624
590750	389951089	9438
590750	389951090	1
590750	389951091	5526
590750	389951092	1
590750	389951093	355966
590750	389951094	1
590750	389951095	25
590750	389951096	3
590750	389951097	2071252
590750	389951098	358355
590750	389951099	12216
590750	389951100	6
590750	389951101	1531
590750	389951102	4784
590750	389951103	10
590750	389951104	85
590750	389951105	4
590750	389951106	1121
590750	389951107	12
590750	389951108	2
590750	389951109	223
590750	389951110	145
590750	389951111	73
590750	389951112	99
590750	389951113	3
590750	389951114	524
590750	389951115	1
590750	389951116	67
590750	389951117	12
590750	389951118	223
590750	389951119	371
590750	389951120	73
590750	389951121	153055
590750	389951122	92555
590750	389951123	182589
590750	389951124	45
590750	389951125	3
590750	389951126	244
590750	389951127	682
590750	389951128	6
590750	389951129	14484
590750	389951130	1
590750	389951131	5
590750	389951132	1386
590750	389951133	9
590750	389951134	17691
590750	389951135	3
590750	389951136	321
590750	389951137	2113
590750	389951138	3850
590750	389951139	17
590750	389951140	7
590750	389951141	183
590750	389951142	385
590750	389951143	560
590750	389951144	4082
590750	389951145	59
590750	389951146	1
590750	389951147	4879
590750	389951148	4860
590750	389951149	4857
590750	389951150	1
590750	389951151	276
590750	389951152	13323
590750	389951153	17
590750	389951154	114
590750	389951155	142
590750	389951156	1
590750	389951157	3
590750	389951158	1826
590750	389951159	6
590750	389951160	3
590750	389951161	2615
590750	389951162	2175
590750	389951163	1
590750	389951164	40
590750	389951165	3
590750	389951166	16531
590750	389951167	6
590750	389951168	3
590750	389951169	632
590750	389951170	1
590750	389951171	5
590750	389951172	3
590750	389951173	12493
590750	389951174	6
590750	389951175	47909
590750	389951176	11
590750	389951177	70494
590750	389951178	1
590750	389951179	498
590750	389951180	263
590750	389951181	3
590750	389951182	1146
590750	389951183	204
590750	389951184	1
590750	389951185	99
590750	389951186	3142
590750	389951187	13595
590750	389951188	7
590750	389951189	2367
590750	389951190	5
590750	389951191	7283
590750	389951192	2591
590750	389951193	2
590750	389951194	706
590750	389951195	20781
590750	389951196	1117
590750	389951197	6
590750	389951198	46
590750	389951199	116493
590750	389951200	44
590750	389951201	15490
590750	389951202	14
590750	389951203	15
590750	389951204	3
590750	389951205	234
590750	389951206	257
590750	389951207	7
590750	389951208	4724
590750	389951209	6
590750	389951210	8087
590750	389951211	10093
590750	389951212	5
590750	389951213	14484
590750	389951214	2
590750	389951215	54009
590750	389951216	1
590750	389951217	1531
590750	389951218	9261
590750	389951219	5
590750	389951220	2415466
590750	389951221	7216
590750	389951222	1061
590750	389951223	2
590750	389951224	9775
590750	389951225	980
590750	389951226	3
590750	389951227	524
590750	389951228	55
590750	389951229	1869
590750	389951230	6
590750	389951231	3
590750	389951232	4106
590750	389951233	51
590750	389951234	3167623
590750	389951235	3
590750	389951236	4784
590750	389951237	6
590750	389951238	114
590750	389951239	1826
590750	389951240	2
590750	389951241	61333
590750	389951242	1061
590750	389951243	2
590750	389951244	31437
590750	389951245	257
590750	389951246	3
590750	389951247	1177
590750	389951248	4415
590750	389951249	6
590750	389951250	107799
590750	389951251	107799
590750	389951252	107799
590750	389951253	107799
590750	389951254	107799
590750	389951255	107799
590750	389951256	107799
590750	389951257	107799
590750	389951258	107799
590750	389951259	107799
590750	389951260	64
590750	389951261	114
590750	389951262	7561
590750	389951263	5
590750	389951264	21064
590750	389951265	17
590750	389951266	164
590750	389951267	44432
590750	389951268	59
590750	389951269	16714
590750	389951270	45
590750	389951271	3
590750	389951272	21110
590750	389951273	3301
590750	389951274	1
590750	389951275	406
590750	389951276	9
590750	389951277	535
590750	389951278	203
590750	389951279	2935
590750	389951280	65
590750	389951281	22
590750	389951282	520
590750	389951283	1
590750	389951284	5
590750	389951285	21448
590750	389951286	15
590750	389951287	203
590750	389951288	25
590750	389951289	22
590750	389951290	1102
590750	389951291	1
590750	389951292	4
590750	389951293	1203890
590750	389951294	25
590750	389951295	54
590750	389951296	61
590750	389951297	86
590750	389951298	454
590750	389951299	96
590750	389951300	50705
590750	389951301	82
590750	389951302	6
590750	389951303	3
590750	389951304	43992
590750	389951305	8248
590750	389951306	17
590750	389951307	51
590750	389951308	20536
590750	389951309	170
590750	389951310	590
590750	389951311	314054
590750	389951312	5
590750	389951313	26624
590750	389951314	2
590750	389951315	31
590750	389951316	1834
590750	389951317	22
590750	389951318	7
590750	389951319	8394
590750	389951320	182
590750	389951321	2
590750	389951322	31
590750	389951323	1418
590750	389951324	6
590750	389951325	903
590750	389951326	20536
590750	389951327	22
590750	389951328	24
590750	389951329	310
590750	389951330	9
590750	389951331	4036
590750	389951332	118
590750	389951333	740
590750	389951334	2
590750	389951335	31
590750	389951336	4106
590750	389951337	51
590750	389951338	35676
590750	389951339	114
590750	389951340	4904
590750	389951341	2002
590750	389951342	22
590750	389951343	521
590750	389951344	2
590750	389951345	438
590750	389951346	46
590750	389951347	4106
590750	389951348	3
590750	389951349	6974
590750	389951350	6
590750	389951351	64
590750	389951352	3
590750	389951353	6826
590750	389951354	6
590750	389951355	3
590750	389951356	9895
590750	389951357	131
590750	389951358	28923
590750	389951359	2
590750	389951360	312
590750	389951361	42
590750	389951362	71607
590750	389951363	118
590750	389951364	682
590750	389951365	42
590750	389951366	12157
590750	389951367	9
590750	389951368	30
590750	389951369	3
590750	389951370	17135
590750	389951371	55
590750	389951372	133667
590750	389951373	6
590750	389951374	903
590750	389951375	1972429
590750	389951376	55
590750	389951377	4784
590750	389951378	2
590750	389951379	438
590750	389951380	46
590750	389951381	757606
590750	389951382	2308
590750	389951383	499582
590750	389951384	3
590750	389951385	2975
590750	389951386	6
590750	389951387	3
590750	389951388	1826
590750	389951389	6
590750	389951390	3
590750	389951391	2615
590750	389951392	2175
590750	389951393	99
590750	389951394	103111
590750	389951395	26
590750	389951396	5
590750	389951397	45
590750	389951398	14
590750	389951399	118
590750	389951400	4784
590750	389951401	99
590750	389951402	56
590750	389951403	7147
590750	389951404	3647
590750	389951405	3
590750	389951406	1587
590750	389951407	9206
590750	389951408	5
590750	389951409	23221
590750	389951410	17
590750	389951411	17624
590750	389951412	9438
590750	389951413	1
590750	389951414	23349
590750	389951415	263
590750	389951416	7447
590750	389951417	1333
590750	389951418	1
590750	389951419	5
590750	389951420	2584
590750	389951421	137417
590750	389951422	108
590750	389951423	903
590750	389951424	3361
590750	389951425	2
590750	389951426	67
590750	389951427	273
590750	389951428	50
590750	389951429	68709
590750	389951430	38
590750	389951431	15526
590750	389951432	5444
590750	389951433	1
590750	389951434	135
590750	389951435	2863
590750	389951436	3
590750	389951437	1146
590750	389951438	13480
590750	389951439	6
590750	389951440	1086
590750	389951441	17
590750	389951442	15312
590750	389951443	15
590750	389951444	3
590750	389951445	1658
590750	389951446	14484
590750	389951447	54
590750	389951448	70
590750	389951449	19405
590750	389951450	1
590750	389951451	107799
590750	389951452	107799
590750	389951453	107799
590750	389951454	107799
590750	389951455	107799
590750	389951456	107799
590750	389951457	107799
590750	389951458	107799
590750	389951459	107799
590750	389951460	107799
590750	389951461	189
590750	389951462	890
590750	389951463	5
590750	389951464	42108
590750	389951465	16141
590750	389951466	108
590750	389951467	15622
590750	389951468	26
590750	389951469	273
590750	389951470	188
590750	389951471	43369
590750	389951472	1541
590750	389951473	373
590750	389951474	56
590750	389951475	9511
590750	389951476	1
590750	389951477	47
590750	389951478	423
590750	389951479	1
590750	389951480	15249
590750	389951481	1
590750	389951482	11
590750	389951483	480470
590750	389951484	1
590750	389951485	54
590750	389951486	135
590750	389951487	30
590750	389951488	4160
590750	389951489	1
590750	389951490	45
590750	389951491	3
590750	389951492	4082
590750	389951493	5
590750	389951494	1466
590750	389951495	6
590750	389951496	7
590750	389951497	185
590750	389951498	2694
590750	389951499	1
590750	389951500	9
590750	389951501	34268
590750	389951502	3
590750	389951503	4395
590750	389951504	6
590750	389951505	118
590750	389951506	2002
590750	389951507	1
590750	389951508	5
590750	389951509	21890
590750	389951510	3
590750	389951511	2894
590750	389951512	33
590750	389951513	51
590750	389951514	118
590750	389951515	4904
590750	389951516	4706
590750	389951517	6308
590750	389951518	220
590750	389951519	114
590750	389951520	1826
590750	389951521	159
590750	389951522	64
590750	389951523	25463
590750	389951524	80
590750	389951525	1
590750	389951526	170
590750	389951527	511
590750	389951528	1
590750	389951529	30
590750	389951530	653
590750	389951531	9
590750	389951532	15497
590750	389951533	578
590750	389951534	17
590750	389951535	3
590750	389951536	3227
590750	389951537	1
590750	389951538	25
590750	389951539	14
590750	389951540	87546
590750	389951541	86
590750	389951542	5383
590750	389951543	1541
590750	389951544	9
590750	389951545	19260
590750	389951546	3
590750	389951547	8784
590750	389951548	6
590750	389951549	632
590750	389951550	1
590750	389951551	5
590750	389951552	39825
590750	389951553	15
590750	389951554	3
590750	389951555	2345
590750	389951556	6
590750	389951557	345
590750	389951558	1
590750	389951559	143
590750	389951560	100
590750	389951561	912
590750	389951562	18
590750	389951563	4899
590750	389951564	11
590750	389951565	3
590750	389951566	1869
590750	389951567	6
590750	389951568	77
590750	389951569	2
590750	389951570	31
590750	389951571	2398
590750	389951572	81
590750	389951573	3397
590750	389951574	45
590750	389951575	3
590750	389951576	20326
590750	389951577	6
590750	389951578	17624
590750	389951579	9438
590750	389951580	5
590750	389951581	3
590750	389951582	2615
590750	389951583	2175
590750	389951584	22
590750	389951585	3928
590750	389951586	375263
590750	389951587	15
590750	389951588	46
590750	389951589	11
590750	389951590	51
590750	389951591	42
590750	389951592	289
590750	389951593	33
590750	389951594	3
590750	389951595	138
590750	389951596	25
590750	389951597	3
590750	389951598	4
590750	389951599	2437
590750	389951600	4
590750	389951601	17577
590750	389951602	74
590750	389951603	3
590750	389951604	4
590750	389951605	5392
590750	389951606	28669
590750	389951607	2
590750	389951608	4
590750	389951609	31
590750	389951610	612
590750	389951611	6
590750	389951612	79590
590750	389951613	303
590750	389951614	978
590750	389951615	5
590750	389951616	632
590750	389951617	22
590750	389951618	490
590750	389951619	22629
590750	389951620	2
590750	389951621	311
590750	389951622	950
590750	389951623	6492
590750	389951624	6
590750	389951625	14430
590750	389951626	193260
590750	389951627	1
590750	389951628	5
590750	389951629	14
590750	389951630	22
590750	389951631	21705
590750	389951632	72
590750	389951633	2
590750	389951634	311
590750	389951635	950
590750	389951636	82735
590750	389951637	11425
590750	389951638	1056
590750	389951639	1
590750	389951640	33
590750	389951641	7
590750	389951642	1412
590750	389951643	51
590750	389951644	7968
590750	389951645	260
590750	389951646	8583
590750	389951647	96
590750	389951648	1539
590750	389951649	26
590750	389951650	7
590750	389951651	950
590750	389951652	107799
590750	389951653	107799
590750	389951654	107799
590750	389951655	107799
590750	389951656	107799
590750	389951657	107799
590750	389951658	107799
590750	389951659	107799
590750	389951660	107799
590750	389951661	107799
590750	389951662	6
590750	389951663	844
590750	389951664	154
590750	389951665	1861307
590750	389951666	5
590750	389951667	3
590750	389951668	4596
590750	389951669	22
590750	389951670	261
590750	389951671	2
590750	389951672	391
590750	389951673	14
590750	389951674	3
590750	389951675	940
590750	389951676	6
590750	389951677	3
590750	389951678	1531
590750	389951679	24186
590750	389951680	9
590750	389951681	671
590750	389951682	5206
590750	389951683	165
590750	389951684	7
590750	389951685	858
590750	389951686	6
590750	389951687	209
590750	389951688	1861307
590750	389951689	9
590750	389951690	16901
590750	389951691	90
590750	389951692	4339
590750	389951693	68547
590750	389951694	15
590750	389951695	165
590750	389951696	50
590750	389951697	1596
590750	389951698	19
590750	389951699	31
590750	389951700	731
590750	389951701	42
590750	389951702	70
590750	389951703	2730
590750	389951704	9343
590750	389951705	1
590750	389951706	2333
590750	389951707	47
590750	389951708	14
590750	389951709	22
590750	389951710	1
590750	389951711	21574
590750	389951712	120
590750	389951713	14002
590750	389951714	598
590750	389951715	9
590750	389951716	213
590750	389951717	191
590750	389951718	2
590750	389951719	2981
590750	389951720	42
590750	389951721	12751
590750	389951722	4103
590750	389951723	11
590750	389951724	43
590750	389951725	396
590750	389951726	1
590750	389951727	14
590750	389951728	80
590750	389951729	30
590750	389951730	3
590750	389951731	362
590750	389951732	6
590750	389951733	2480
590750	389951734	20
590750	389951735	1139
590750	389951736	3
590750	389951737	1531
590750	389951738	4182
590750	389951739	1
590750	389951740	5
590750	389951741	3
590750	389951742	20674
590750	389951743	6
590750	389951744	1033
590750	389951745	3060277
590750	389951746	9
590750	389951747	615
590750	389951748	1
590750	389951749	92
590750	389951750	9390
590750	389951751	3
590750	389951752	1146
590750	389951753	29697
590750	389951754	1741
590750	389951755	73120
590750	389951756	64
590750	389951757	3
590750	389951758	8023
590750	389951759	6
590750	389951760	978
590750	389951761	1
590750	389951762	14
590750	389951763	22
590750	389951764	24
590750	389951765	2362
590750	389951766	9
590750	389951767	1373
590750	389951768	53
590750	389951769	45
590750	389951770	3
590750	389951771	2034698
590750	389951772	6
590750	389951773	7
590750	389951774	950
590750	389951775	1955251
590750	389951776	980
590750	389951777	6
590750	389951778	4106
590750	389951779	55
590750	389951780	10356
590750	389951781	2
590750	389951782	52
590750	389951783	1075702
590750	389951784	6675
590750	389951785	379
590750	389951786	626
590750	389951787	5964
590750	389951788	53
590750	389951789	94
590750	389951790	7787
590750	389951791	32
590750	389951792	165
590750	389951793	7
590750	389951794	3579
590750	389951795	47
590750	389951796	4628
590750	389951797	80
590750	389951798	15252
590750	389951799	1
590750	389951800	9
590750	389951801	200
590750	389951802	540
590750	389951803	3
590750	389951804	7029
590750	389951805	6
590750	389951806	66
590750	389951807	14051
590750	389951808	179
590750	389951809	2335
590750	389951810	1
590750	389951811	15249
590750	389951812	85
590750	389951813	1121
590750	389951814	3
590750	389951815	903
590750	389951816	1826
590750	389951817	1927
590750	389951818	8736
590750	389951819	118
590750	389951820	857
590750	389951821	26
590750	389951822	148
590750	389951823	40
590750	389951824	46
590750	389951825	857
590750	389951826	14
590750	389951827	91
590750	389951828	1358
590750	389951829	30
590750	389951830	156425
590750	389951831	436
590750	389951832	34264
590750	389951833	26
590750	389951834	25
590750	389951835	118
590750	389951836	4784
590750	389951837	253
590750	389951838	80520
590750	389951839	4608
590750	389951840	17
590750	389951841	64
590750	389951842	3
590750	389951843	4082
590750	389951844	6
590750	389951845	3
590750	389951846	411
590750	389951847	1
590750	389951848	72339
590750	389951849	578
590750	389951850	15
590750	389951851	169
590750	389951852	1371
590750	389951853	107799
590750	389951854	107799
590750	389951855	107799
590750	389951856	107799
590750	389951857	107799
590750	389951858	107799
590750	389951859	107799
590750	389951860	107799
590750	389951861	107799
590750	389951862	107799
590750	389951863	22
590750	389951864	1
590750	389951865	1221
590750	389951866	1
590750	389951867	14961
590750	389951868	45
590750	389951869	3
590750	389951870	1177
590750	389951871	3711
590750	389951872	6
590750	389951873	12446
590750	389951874	9652
590750	389951875	45
590750	389951876	64
590750	389951877	903
590750	389951878	4249
590750	389951879	1
590750	389951880	5
590750	389951881	80
590750	389951882	2177
590750	389951883	66
590750	389951884	16798
590750	389951885	5
590750	389951886	19800
590750	389951887	4180
590750	389951888	26
590750	389951889	5
590750	389951890	1
590750	389951891	770
590750	389951892	1
590750	389951893	25
590750	389951894	3
590750	389951895	773
590750	389951896	32
590750	389951897	3
590750	389951898	161
590750	389951899	6
590750	389951900	3
590750	389951901	3082
590750	389951902	4285
590750	389951903	1
590750	389951904	20925
590750	389951905	14
590750	389951906	198
590750	389951907	30
590750	389951908	1013
590750	389951909	15
590750	389951910	3
590750	389951911	7285
590750	389951912	5
590750	389951913	25455
590750	389951914	2002
590750	389951915	6
590750	389951916	568
590750	389951917	47380
590750	389951918	46275
590750	389951919	9
590750	389951920	7498
590750	389951921	5
590750	389951922	71664
590750	389951923	29
590750	389951924	1
590750	389951925	99
590750	389951926	613
590750	389951927	3190
590750	389951928	4644
590750	389951929	149
590750	389951930	3
590750	389951931	42509
590750	389951932	632
590750	389951933	54995
590750	389951934	54
590750	389951935	70
590750	389951936	194
590750	389951937	478
590750	389951938	26
590750	389951939	5
590750	389951940	22
590750	389951941	700
590750	389951942	1
590750	389951943	3
590750	389951944	38822
590750	389951945	1
590750	389951946	1905
590750	389951947	26336
590750	389951948	5
590750	389951949	649463
590750	389951950	101400
590750	389951951	11
590750	389951952	113
590750	389951953	6529
590750	389951954	29475
590750	389951955	32
590750	389951956	3
590750	389951957	1146
590750	389951958	138
590750	389951959	2
590750	389951960	649
590750	389951961	117
590750	389951962	5711
590750	389951963	20
590750	389951964	7
590750	389951965	204
590750	389951966	3
590750	389951967	857
590750	389951968	51
590750	389951969	3
590750	389951970	5383
590750	389951971	9492
590750	389951972	6
590750	389951973	15198
590750	389951974	81
590750	389951975	28767
590750	389951976	2
590750	389951977	160
590750	389951978	114
590750	389951979	1430
590750	389951980	92
590750	389951981	857
590750	389951982	99
590750	389951983	56
590750	389951984	8504
590750	389951985	23584
590750	389951986	2
590750	389951987	13565
590750	389951988	14
590750	389951989	80
590750	389951990	30
590750	389951991	59752
590750	389951992	30346
590750	389951993	1
590750	389951994	3
590750	389951995	864
590750	389951996	6
590750	389951997	3
590750	389951998	77
590750	389951999	1
590750	389952000	3
590750	389952001	36227
590750	389952002	6
590750	389952003	3
590750	389952004	87
590750	389952005	1
590750	389952006	5
590750	389952007	3
590750	389952008	1959667
590750	389952009	3711
590750	389952010	6
590750	389952011	3
590750	389952012	903
590750	389952013	183
590750	389952014	1486
590750	389952015	117
590750	389952016	86
590750	389952017	173
590750	389952018	9
590750	389952019	3965
590750	389952020	2
590750	389952021	75
590750	389952022	9
590750	389952023	5327
590750	389952024	32
590750	389952025	7
590750	389952026	4278
590750	389952027	11247
590750	389952028	6
590750	389952029	46
590750	389952030	857
590750	389952031	54
590750	389952032	131
590750	389952033	14291
590750	389952034	32
590750	389952035	3
590750	389952036	2075
590750	389952037	5
590750	389952038	1159
590750	389952039	64
590750	389952040	3
590750	389952041	806
590750	389952042	51
590750	389952043	70
590750	389952044	1
590750	389952045	441
590750	389952046	45
590750	389952047	441
590750	389952048	1
590750	389952049	7019
590750	389952050	498
590750	389952051	263
590750	389952052	14
590750	389952053	2
590750	389952054	107799
590750	389952055	107799
590750	389952056	107799
590750	389952057	107799
590750	389952058	107799
590750	389952059	107799
590750	389952060	107799
590750	389952061	107799
590750	389952062	107799
590750	389952063	107799
590750	389952064	1
590750	389952065	30
590750	389952066	1013
590750	389952067	9
590750	389952068	297
590750	389952069	7
590750	389952070	130631
590750	389952071	6
590750	389952072	3
590750	389952073	1117
590750	389952074	6
590750	389952075	3
590750	389952076	23221
590750	389952077	303
590750	389952078	3
590750	389952079	20326
590750	389952080	6
590750	389952081	17624
590750	389952082	9438
590750	389952083	5
590750	389952084	3
590750	389952085	2615
590750	389952086	2175
590750	389952087	1
590750	389952088	33
590750	389952089	3
590750	389952090	959
590750	389952091	6
590750	389952092	7447
590750	389952093	1333
590750	389952094	26
590750	389952095	5
590750	389952096	379
590750	389952097	6
590750	389952098	3
590750	389952099	2599
590750	389952100	5866
590750	389952101	3901
590750	389952102	5803
590750	389952103	3907
590750	389952104	3
590750	389952105	1550
590750	389952106	9
590750	389952107	20817
590750	389952108	903
590750	389952109	4249
590750	389952110	1
590750	389952111	601
590750	389952112	3
590750	389952113	25665
590750	389952114	6
590750	389952115	3
590750	389952116	1417
590750	389952117	1
590750	389952118	47
590750	389952119	3839
590750	389952120	6
590750	389952121	632
590750	389952122	239
590750	389952123	7
590750	389952124	524
590750	389952125	17
590750	389952126	51
590750	389952127	54
590750	389952128	41
590750	389952129	84
590750	389952130	1
590750	389952131	5
590750	389952132	172
590750	389952133	7876
590750	389952134	9
590750	389952135	30
590750	389952136	24
590750	389952137	143
590750	389952138	32
590750	389952139	3829
590750	389952140	978
590750	389952141	1
590750	389952142	38
590750	389952143	379
590750	389952144	108
590750	389952145	5689
590750	389952146	2569
590750	389952147	6
590750	389952148	2296
590750	389952149	2
590750	389952150	17624
590750	389952151	9438
590750	389952152	99
590750	389952153	14886
590750	389952154	25
590750	389952155	7
590750	389952156	2931
590750	389952157	15
590750	389952158	3
590750	389952159	82698
590750	389952160	1289
590750	389952161	1
590750	389952162	45
590750	389952163	1446
590750	389952164	6
590750	389952165	2128
590750	389952166	1
590750	389952167	155496
590750	389952168	15
590750	389952169	574
590750	389952170	137
590750	389952171	2288
590750	389952172	518
590750	389952173	3
590750	389952174	21357
590750	389952175	3216
590750	389952176	2
590750	389952177	160
590750	389952178	3
590750	389952179	12493
590750	389952180	17
590750	389952181	4939
590750	389952182	1
590750	389952183	11
590750	389952184	140224
590750	389952185	1
590750	389952186	21
590750	389952187	24197
590750	389952188	14
590750	389952189	1
590750	389952190	45
590750	389952191	3
590750	389952192	27534
590750	389952193	3890
590750	389952194	1
590750	389952195	15
590750	389952196	4939
590750	389952197	2
590750	389952198	474
590750	389952199	3
590750	389952200	1938
590750	389952201	5
590750	389952202	1175
590750	389952203	4045
590750	389952204	6
590750	389952205	3
590750	389952206	244
590750	389952207	12493
590750	389952208	1
590750	389952209	7
590750	389952210	568
590750	389952211	1446
590750	389952212	10
590750	389952213	6928
590750	389952214	15
590750	389952215	1936
590750	389952216	4385
590750	389952217	11
590750	389952218	3
590750	389952219	5549
590750	389952220	6
590750	389952221	411
590750	389952222	1
590750	389952223	1125
590750	389952224	967
590750	389952225	3
590750	389952226	5512
590750	389952227	6
590750	389952228	3
590750	389952229	6730
590750	389952230	6
590750	389952231	70235
590750	389952232	1
590750	389952233	1270
590750	389952234	3
590750	389952235	4
590750	389952236	132837
590750	389952237	4
590750	389952238	1332
590750	389952239	1446
590750	389952240	10
590750	389952241	24585
590750	389952242	5
590750	389952243	2095
590750	389952244	98
590750	389952245	11
590750	389952246	3
590750	389952247	4
590750	389952248	1119
590750	389952249	3890
590750	389952250	4
590750	389952251	47
590750	389952252	253
590750	389952253	952
590750	389952254	9
590750	389952255	107799
590750	389952256	107799
590750	389952257	107799
590750	389952258	107799
590750	389952259	107799
590750	389952260	107799
590750	389952261	107799
590750	389952262	107799
590750	389952263	107799
590750	389952264	107799
590750	389952265	3290
590750	389952266	19079
590750	389952267	19127
590750	389952268	3
590750	389952269	16801
590750	389952270	6
590750	389952271	43
590750	389952272	4901
590750	389952273	1
590750	389952274	17624
590750	389952275	9438
590750	389952276	382121
590750	389952277	5
590750	389952278	8433
590750	389952279	25
590750	389952280	28
590750	389952281	4385
590750	389952282	135
590750	389952283	105
590750	389952284	1084
590750	389952285	3
590750	389952286	5320
590750	389952287	137
590750	389952288	41093
590750	389952289	1
590750	389952290	518
590750	389952291	50
590750	389952292	4279
590750	389952293	55
590750	389952294	14869
590750	389952295	20
590750	389952296	8382
590750	389952297	1177688
590750	389952298	113
590750	389952299	164
590750	389952300	1545
590750	389952301	1
590750	389952302	55
590750	389952303	24653
590750	389952304	113
590750	389952305	164
590750	389952306	4689
590750	389952307	601
590750	389952308	46
590750	389952309	5549
590750	389952310	2
590750	389952311	13517
590750	389952312	263
590750	389952313	7
590750	389952314	947
590750	389952315	1910
590750	389952316	849
590750	389952317	2401
590750	389952318	6968
590750	389952319	41
590750	389952320	13741
590750	389952321	45
590750	389952322	3
590750	389952323	1936
590750	389952324	1826
590750	389952325	2
590750	389952326	2576
590750	389952327	3
590750	389952328	82698
590750	389952329	1289
590750	389952330	1
590750	389952331	47725
590750	389952332	263
590750	389952333	3
590750	389952334	12493
590750	389952335	6
590750	389952336	140224
590750	389952337	1
590750	389952338	21
590750	389952339	105
590750	389952340	18
590750	389952341	113
590750	389952342	2894
590750	389952343	1
590750	389952344	5
590750	389952345	3
590750	389952346	3686
590750	389952347	1188
590750	389952348	310
590750	389952349	45
590750	389952350	3
590750	389952351	5982
590750	389952352	11
590750	389952353	15193
590750	389952354	1
590750	389952355	11
590750	389952356	108457
590750	389952357	1
590750	389952358	9
590750	389952359	6002
590750	389952360	166
590750	389952361	3
590750	389952362	2448
590750	389952363	91987
590750	389952364	40
590750	389952365	5300
590750	389952366	37151
590750	389952367	5
590750	389952368	7584
590750	389952369	1
590750	389952370	10
590750	389952371	170
590750	389952372	590
590750	389952373	14296
590750	389952374	98
590750	389952375	5
590750	389952376	113896
590750	389952377	2
590750	389952378	146
590750	389952379	10
590750	389952380	229
590750	389952381	90
590750	389952382	7287
590750	389952383	11
590750	389952384	108457
590750	389952385	2
590750	389952386	67
590750	389952387	11
590750	389952388	46
590750	389952389	747
590750	389952390	12183
590750	389952391	1315
590750	389952392	298653
590750	389952393	133674
590750	389952394	1
590750	389952395	73
590750	389952396	24130
590750	389952397	3
590750	389952398	29697
590750	389952399	1
590750	389952400	58448
590750	389952401	108
590750	389952402	203
590750	389952403	2935
590750	389952404	3
590750	389952405	24889
590750	389952406	2622527
590750	389952407	3
590750	389952408	4
590750	389952409	132837
590750	389952410	1
590750	389952411	406
590750	389952412	76
590750	389952413	5
590750	389952414	588
590750	389952415	31614
590750	389952416	1
590750	389952417	11
590750	389952418	2569
590750	389952419	1
590750	389952420	148
590750	389952421	980
590750	389952422	17624
590750	389952423	9438
590750	389952424	55
590750	389952425	3
590750	389952426	82698
590750	389952427	1451
590750	389952428	18
590750	389952429	113
590750	389952430	6968
590750	389952431	746
590750	389952432	65
590750	389952433	153
590750	389952434	30
590750	389952435	48224
590750	389952436	45
590750	389952437	46
590750	389952438	24889
590750	389952439	2
590750	389952440	438
590750	389952441	3
590750	389952442	53756
590750	389952443	3567
590750	389952444	1
590750	389952445	5
590750	389952446	20
590750	389952447	3
590750	389952448	10429
590750	389952449	15639
590750	389952450	13677
590750	389952451	11
590750	389952452	3
590750	389952453	12493
590750	389952454	6
590750	389952455	140224
590750	389952456	107799
590750	389952457	107799
590750	389952458	107799
590750	389952459	107799
590750	389952460	107799
590750	389952461	107799
590750	389952462	107799
590750	389952463	107799
590750	389952464	107799
590750	389952465	107799
590750	389952466	3
590750	389952467	2615
590750	389952468	2175
590750	389952469	25
590750	389952470	17624
590750	389952471	9438
590750	389952472	18
590750	389952473	3
590750	389952474	1446
590750	389952475	9
590750	389952476	3271
590750	389952477	11
590750	389952478	3
590750	389952479	2128
590750	389952480	6
590750	389952481	3
590750	389952482	5549
590750	389952483	475
590750	389952484	540
590750	389952485	3
590750	389952486	4
590750	389952487	132837
590750	389952488	2
590750	389952489	4
590750	389952490	438
590750	389952491	113
590750	389952492	1585
590750	389952493	3567
590750	389952494	1
590750	389952495	55
590750	389952496	20
590750	389952497	113
590750	389952498	606
590750	389952499	940
590750	389952500	3
590750	389952501	64241
590750	389952502	6
590750	389952503	28
590750	389952504	41032
590750	389952505	99
590750	389952506	56
590750	389952507	7298
590750	389952508	5
590750	389952509	107712
590750	389952510	45
590750	389952511	117
590750	389952512	40
590750	389952513	3
590750	389952514	2075
590750	389952515	2
590750	389952516	2664569
590750	389952517	7572
590750	389952518	45
590750	389952519	3
590750	389952520	12493
590750	389952521	6
590750	389952522	94922
590750	389952523	1
590750	389952524	5
590750	389952525	229
590750	389952526	278
590750	389952527	4113
590750	389952528	45
590750	389952529	46
590750	389952530	6
590750	389952531	140224
590750	389952532	1
590750	389952533	3
590750	389952534	82698
590750	389952535	1289
590750	389952536	1
590750	389952537	46
590750	389952538	3708
590750	389952539	6
590750	389952540	411
590750	389952541	10
590750	389952542	1995272
590750	389952543	17
590750	389952544	3
590750	389952545	3472
590750	389952546	3423
590750	389952547	2
590750	389952548	75
590750	389952549	3
590750	389952550	82698
590750	389952551	1451
590750	389952552	18
590750	389952553	56
590750	389952554	3
590750	389952555	12693
590750	389952556	6
590750	389952557	17624
590750	389952558	9438
590750	389952559	11
590750	389952560	3
590750	389952561	632
590750	389952562	17
590750	389952563	4939
590750	389952564	2
590750	389952565	57
590750	389952566	1
590750	389952567	1221
590750	389952568	1
590750	389952569	184497
590750	389952570	17
590750	389952571	3
590750	389952572	1417
590750	389952573	25
590750	389952574	86
590750	389952575	1596
590750	389952576	6
590750	389952577	10991
590750	389952578	135
590750	389952579	30
590750	389952580	16849
590750	389952581	239
590750	389952582	53
590750	389952583	33
590750	389952584	46
590750	389952585	1669
590750	389952586	2
590750	389952587	167
590750	389952588	10
590750	389952589	3
590750	389952590	403
590750	389952591	3567
590750	389952592	6
590750	389952593	28
590750	389952594	4
590750	389952595	235371
590750	389952596	2
590750	389952597	4
590750	389952598	1624
590750	389952599	251
590750	389952600	14
590750	389952601	166
590750	389952602	1961
590750	389952603	25
590750	389952604	21
590750	389952605	10
590750	389952606	194
590750	389952607	32
590750	389952608	113
590750	389952609	3146
590750	389952610	4729
590750	389952611	9
590750	389952612	11702
590750	389952613	642
590750	389952614	16
590750	389952615	8324
590750	389952616	4793
590750	389952617	1747
590750	389952618	1192
590750	389952619	108
590750	389952620	46
590750	389952621	161
590750	389952622	1
590750	389952623	55
590750	389952624	642
590750	389952625	12
590750	389952626	5885
590750	389952627	232
590750	389952628	7542
590750	389952629	12693
590750	389952630	9
590750	389952631	30
590750	389952632	5753
590750	389952633	13339
590750	389952634	55
590750	389952635	10034
590750	389952636	20
590750	389952637	3
590750	389952638	3442
590750	389952639	42
590750	389952640	18
590750	389952641	15510
590750	389952642	16
590750	389952643	2496
590750	389952644	2
590750	389952645	4
590750	389952646	312
590750	389952647	17624
590750	389952648	9438
590750	389952649	53239
590750	389952650	9
590750	389952651	10209
590750	389952652	28
590750	389952653	13919
590750	389952654	291
590750	389952655	3
590750	389952656	82698
590750	389952657	107799
590750	389952658	107799
590750	389952659	107799
590750	389952660	107799
590750	389952661	107799
590750	389952662	107799
590750	389952663	107799
590750	389952664	107799
590750	389952665	107799
590750	389952666	107799
590750	389952667	24
590750	389952668	475
590750	389952669	17
590750	389952670	113
590750	389952671	2118
590750	389952672	6
590750	389952673	5703
590750	389952674	11
590750	389952675	3
590750	389952676	2615
590750	389952677	2175
590750	389952678	2
590750	389952679	31
590750	389952680	152
590750	389952681	1632
590750	389952682	33
590750	389952683	3
590750	389952684	959
590750	389952685	1
590750	389952686	11
590750	389952687	3
590750	389952688	7078
590750	389952689	6
590750	389952690	15198
590750	389952691	1
590750	389952692	32
590750	389952693	1364
590750	389952694	1
590750	389952695	10
590750	389952696	19213
590750	389952697	11
590750	389952698	7
590750	389952699	19301
590750	389952700	6
590750	389952701	3
590750	389952702	35775
590750	389952703	6699
590750	389952704	1
590750	389952705	41227
590750	389952706	1
590750	389952707	40
590750	389952708	1179
590750	389952709	1657
590750	389952710	10739
590750	389952711	1
590750	389952712	25086
590750	389952713	1
590750	389952714	1589
590750	389952715	3130
590750	389952716	6
590750	389952717	3
590750	389952718	903
590750	389952719	1826
590750	389952720	32
590750	389952721	55724
590750	389952722	1
590750	389952723	11
590750	389952724	51
590750	389952725	12
590750	389952726	44197
590750	389952727	92
590750	389952728	1
590750	389952729	11
590750	389952730	7
590750	389952731	915
590750	389952732	17
590750	389952733	1735
590750	389952734	21759
590750	389952735	32
590750	389952736	132837
590750	389952737	1
590750	389952738	3
590750	389952739	1417
590750	389952740	18
590750	389952741	6514
590750	389952742	29
590750	389952743	12
590750	389952744	18
590750	389952745	3906
590750	389952746	5
590750	389952747	1127
590750	389952748	10287
590750	389952749	15
590750	389952750	1086
590750	389952751	1
590750	389952752	51
590750	389952753	5885
590750	389952754	3
590750	389952755	1936
590750	389952756	1826
590750	389952757	9
590750	389952758	16416
590750	389952759	66
590750	389952760	3860
590750	389952761	15
590750	389952762	3
590750	389952763	82698
590750	389952764	7583
590750	389952765	2
590750	389952766	4
590750	389952767	201
590750	389952768	5
590750	389952769	9900
590750	389952770	1632
590750	389952771	7019
590750	389952772	15
590750	389952773	3
590750	389952774	23221
590750	389952775	1
590750	389952776	1177688
590750	389952777	51
590750	389952778	28370
590750	389952779	11
590750	389952780	3
590750	389952781	3579
590750	389952782	6
590750	389952783	3
590750	389952784	12493
590750	389952785	6
590750	389952786	27620
590750	389952787	1
590750	389952788	475
590750	389952789	540
590750	389952790	3
590750	389952791	4
590750	389952792	1896225
590750	389952793	55105
590750	389952794	2
590750	389952795	4
590750	389952796	474
590750	389952797	46
590750	389952798	12493
590750	389952799	6
590750	389952800	4581
590750	389952801	41338
590750	389952802	1
590750	389952803	27620
590750	389952804	1
590750	389952805	14
590750	389952806	10
590750	389952807	5643
590750	389952808	25
590750	389952809	7
590750	389952810	402
590750	389952811	6
590750	389952812	15363
590750	389952813	140859
590750	389952814	135
590750	389952815	30
590750	389952816	16849
590750	389952817	45
590750	389952818	17624
590750	389952819	9438
590750	389952820	5
590750	389952821	3
590750	389952822	2615
590750	389952823	2175
590750	389952824	291
590750	389952825	7
590750	389952826	10453
590750	389952827	192
590750	389952828	1
590750	389952829	15249
590750	389952830	1
590750	389952831	50
590750	389952832	1937458
590750	389952833	1895814
590750	389952834	1
590750	389952835	9
590750	389952836	17894
590750	389952837	3
590750	389952838	6195
590750	389952839	5
590750	389952840	6828
590750	389952841	2
590750	389952842	103
590750	389952843	95169
590750	389952844	103611
590750	389952845	1
590750	389952846	4
590750	389952847	148
590750	389952848	1358
590750	389952849	3
590750	389952850	1210
590750	389952851	436
590750	389952852	3
590750	389952853	1799
590750	389952854	6675
590750	389952855	194
590750	389952856	4934
590750	389952857	55
590750	389952858	107799
590750	389952859	107799
590750	389952860	107799
590750	389952861	107799
590750	389952862	107799
590750	389952863	107799
590750	389952864	107799
590750	389952865	107799
590750	389952866	107799
590750	389952867	107799
590750	389952868	1895814
590750	389952869	26
590750	389952870	21548
590750	389952871	92
590750	389952872	1358
590750	389952873	80
590750	389952874	194
590750	389952875	12066
590750	389952876	55
590750	389952877	21494
590750	389952878	113
590750	389952879	29278
590750	389952880	51633
590750	389952881	3
590750	389952882	244
590750	389952883	1
590750	389952884	55
590750	389952885	11
590750	389952886	3
590750	389952887	6046
590750	389952888	12137
590750	389952889	26
590750	389952890	55
590750	389952891	23829
590750	389952892	1
590750	389952893	55
590750	389952894	98375
590750	389952895	1
590750	389952896	55
590750	389952897	354274
590750	389952898	1
590750	389952899	55
590750	389952900	11519
590750	389952901	1
590750	389952902	55
590750	389952903	45293
590750	389952904	113
590750	389952905	13919
590750	389952906	291
590750	389952907	70198
590750	389952908	1
590750	389952909	58152
590750	389952910	74585
590750	389952911	1
590750	389952912	3
590750	389952913	82698
590750	389952914	3176
590750	389952915	1
590750	389952916	55
590750	389952917	113
590750	389952918	362
590750	389952919	6
590750	389952920	7447
590750	389952921	246043
590750	389952922	92555
590750	389952923	75
590750	389952924	1
590750	389952925	32
590750	389952926	3
590750	389952927	87
590750	389952928	6
590750	389952929	3
590750	389952930	3579
590750	389952931	6
590750	389952932	43
590750	389952933	10737
590750	389952934	1
590750	389952935	17624
590750	389952936	9438
590750	389952937	10
590750	389952938	354
590750	389952939	13943
590750	389952940	332
590750	389952941	3
590750	389952942	11310
590750	389952943	6
590750	389952944	1945154
590750	389952945	23
590750	389952946	109
590750	389952947	1
590750	389952948	5
590750	389952949	394
590750	389952950	10
590750	389952951	1443183
590750	389952952	19
590750	389952953	52
590750	389952954	10
590750	389952955	7
590750	389952956	7447
590750	389952957	903
590750	389952958	1743
590750	389952959	1
590750	389952960	6971
590750	389952961	15
590750	389952962	3
590750	389952963	3082
590750	389952964	6
590750	389952965	70235
590750	389952966	1
590750	389952967	5
590750	389952968	1125
590750	389952969	601
590750	389952970	1673
590750	389952971	844
590750	389952972	6
590750	389952973	28
590750	389952974	3695
590750	389952975	6
590750	389952976	394835
590750	389952977	2
590750	389952978	52
590750	389952979	10
590750	389952980	50
590750	389952981	1743
590750	389952982	6
590750	389952983	185
590750	389952984	2291
590750	389952985	5
590750	389952986	2682
590750	389952987	2
590750	389952988	2064
590750	389952989	47681
590750	389952990	41
590750	389952991	553
590750	389952992	1
590750	389952993	118
590750	389952994	857
590750	389952995	1905
590750	389952996	7592
590750	389952997	2
590750	389952998	31
590750	389952999	8251
590750	389953000	6
590750	389953001	3
590750	389953002	6730
590750	389953003	6
590750	389953004	70235
590750	389953005	1
590750	389953006	118
590750	389953007	6019
590750	389953008	55
590750	389953009	46643
590750	389953010	45
590750	389953011	2162
590750	389953012	638
590750	389953013	1
590750	389953014	15
590750	389953015	3
590750	389953016	12493
590750	389953017	6
590750	389953018	27620
590750	389953019	1
590750	389953020	10
590750	389953021	1927
590750	389953022	7
590750	389953023	321
590750	389953024	19455
590750	389953025	11349
590750	389953026	6
590750	389953027	3
590750	389953028	3853
590750	389953029	6
590750	389953030	46
590750	389953031	10737
590750	389953032	2
590750	389953033	160
590750	389953034	3
590750	389953035	2128
590750	389953036	6
590750	389953037	2162
590750	389953038	524
590750	389953039	1
590750	389953040	3
590750	389953041	12685
590750	389953042	6
590750	389953043	3
590750	389953044	539
590750	389953045	1
590750	389953046	45
590750	389953047	3
590750	389953048	92347
590750	389953049	1
590750	389953050	131
590750	389953051	2052
590750	389953052	32
590750	389953053	3
590750	389953054	2147
590750	389953055	6
590750	389953056	3
590750	389953057	13614
590750	389953058	2
590750	389953059	107799
590750	389953060	107799
590750	389953061	107799
590750	389953062	107799
590750	389953063	107799
590750	389953064	107799
590750	389953065	107799
590750	389953066	107799
590750	389953067	107799
590750	389953068	107799
590750	389953069	42
590750	389953070	30601
590750	389953071	2159418
590750	389953072	19
590750	389953073	551
590750	389953074	42
590750	389953075	17555
590750	389953076	1
590750	389953077	11
590750	389953078	133
590750	389953079	1192
590750	389953080	1
590750	389953081	17
590750	389953082	3
590750	389953083	2569
590750	389953084	5
590750	389953085	3853
590750	389953086	6
590750	389953087	3
590750	389953088	12493
590750	389953089	6
590750	389953090	27620
590750	389953091	19
590750	389953092	443
590750	389953093	3
590750	389953094	4707
590750	389953095	1
590750	389953096	42
590750	389953097	2586
590750	389953098	15
590750	389953099	254
590750	389953100	87936
590750	389953101	1139
590750	389953102	6
590750	389953103	118
590750	389953104	682
590750	389953105	5
590750	389953106	118
590750	389953107	537
590750	389953108	2
590750	389953109	31
590750	389953110	1743
590750	389953111	6
590750	389953112	2934451
590750	389953113	10
590750	389953114	8047
590750	389953115	11
590750	389953116	41171
590750	389953117	45
590750	389953118	1735
590750	389953119	21759
590750	389953120	1
590750	389953121	84
590750	389953122	28
590750	389953123	107770
590750	389953124	4954
590750	389953125	36
590750	389953126	13534
590750	389953127	32
590750	389953128	132837
590750	389953129	2
590750	389953130	17624
590750	389953131	9438
590750	389953132	836
590750	389953133	9
590750	389953134	8905
590750	389953135	14
590750	389953136	9359
590750	389953137	9020
590750	389953138	3
590750	389953139	441
590750	389953140	27620
590750	389953141	2
590750	389953142	57
590750	389953143	3465
590750	389953144	9
590750	389953145	115
590750	389953146	191
590750	389953147	15
590750	389953148	3
590750	389953149	1146
590750	389953150	87
590750	389953151	2
590750	389953152	160
590750	389953153	27620
590750	389953154	1
590750	389953155	5
590750	389953156	609
590750	389953157	3
590750	389953158	3579
590750	389953159	6
590750	389953160	3
590750	389953161	2433604
590750	389953162	12493
590750	389953163	1
590750	389953164	21
590750	389953165	23160
590750	389953166	7
590750	389953167	16875
590750	389953168	1826
590750	389953169	291
590750	389953170	14
590750	389953171	2
590750	389953172	3358
590750	389953173	1
590750	389953174	588
590750	389953175	1
590750	389953176	206
590750	389953177	219
590750	389953178	27754
590750	389953179	45
590750	389953180	7
590750	389953181	682
590750	389953182	6
590750	389953183	19455
590750	389953184	20722
590750	389953185	26
590750	389953186	206
590750	389953187	219
590750	389953188	6704
590750	389953189	9
590750	389953190	772
590750	389953191	25
590750	389953192	3
590750	389953193	940
590750	389953194	6
590750	389953195	28
590750	389953196	35783
590750	389953197	10
590750	389953198	9
590750	389953199	11261
590750	389953200	398
590750	389953201	1
590750	389953202	9390
590750	389953203	21
590750	389953204	2228
590750	389953205	4
590750	389953206	3005402
590750	389953207	2610009
590750	389953208	1
590750	389953209	4
590750	389953210	5
590750	389953211	198695
590750	389953212	45
590750	389953213	3
590750	389953214	1941
590750	389953215	55
590750	389953216	937
590750	389953217	6
590750	389953218	113
590750	389953219	11
590750	389953220	28
590750	389953221	27075
590750	389953222	6
590750	389953223	7026
590750	389953224	26
590750	389953225	206
590750	389953226	219
590750	389953227	7334
590750	389953228	108
590750	389953229	11690
590750	389953230	28
590750	389953231	142
590750	389953232	4250
590750	389953233	1
590750	389953234	5
590750	389953235	20970
590750	389953236	1
590750	389953237	32
590750	389953238	854
590750	389953239	16621
590750	389953240	1
590750	389953241	55
590750	389953242	45
590750	389953243	854
590750	389953244	61983
590750	389953245	1
590750	389953246	7
590750	389953247	1412
590750	389953248	40
590750	389953249	51
590750	389953250	21
590750	389953251	58
590750	389953252	6473
590750	389953253	3
590750	389953254	185
590750	389953255	5625
590750	389953256	6
590750	389953257	5477
590750	389953258	303
590750	389953259	3
590750	389953260	107799
590750	389953261	107799
590750	389953262	107799
590750	389953263	107799
590750	389953264	107799
590750	389953265	107799
590750	389953266	107799
590750	389953267	107799
590750	389953268	107799
590750	389953269	107799
590750	389953270	8905
590750	389953271	538
590750	389953272	164
590750	389953273	5781
590750	389953274	6
590750	389953275	3
590750	389953276	244
590750	389953277	1229
590750	389953278	1
590750	389953279	5
590750	389953280	46245
590750	389953281	53
590750	389953282	64
590750	389953283	74
590750	389953284	3
590750	389953285	1936
590750	389953286	7186
590750	389953287	6
590750	389953288	3
590750	389953289	4
590750	389953290	82563
590750	389953291	18315
590750	389953292	2
590750	389953293	4
590750	389953294	1861354
590750	389953295	78113
590750	389953296	45
590750	389953297	179
590750	389953298	14330
590750	389953299	6
590750	389953300	7
590750	389953301	940
590750	389953302	10450
590750	389953303	5966
590750	389953304	1
590750	389953305	11
590750	389953306	118
590750	389953307	1816
590750	389953308	1
590750	389953309	15
590750	389953310	3
590750	389953311	21997
590750	389953312	6
590750	389953313	7
590750	389953314	133
590750	389953315	4225
590750	389953316	303
590750	389953317	3
590750	389953318	122
590750	389953319	20326
590750	389953320	1
590750	389953321	3
590750	389953322	2615
590750	389953323	2175
590750	389953324	284
590750	389953325	611
590750	389953326	28288
590750	389953327	15
590750	389953328	28
590750	389953329	4954
590750	389953330	36
590750	389953331	1826
590750	389953332	2
590750	389953333	155405
590750	389953334	41
590750	389953335	15051
590750	389953336	16002
590750	389953337	1
590750	389953338	5
590750	389953339	7109
590750	389953340	66
590750	389953341	1659
590750	389953342	2085
590750	389953343	711
590750	389953344	5340
590750	389953345	20214
590750	389953346	2
590750	389953347	160
590750	389953348	46
590750	389953349	441
590750	389953350	1
590750	389953351	116
590750	389953352	25666
590750	389953353	22734
590750	389953354	7
590750	389953355	4
590750	389953356	3316
590750	389953357	1
590750	389953358	4
590750	389953359	4871
590750	389953360	3
590750	389953361	6201
590750	389953362	6
590750	389953363	3
590750	389953364	3206
590750	389953365	15
590750	389953366	51
590750	389953367	54
590750	389953368	70
590750	389953369	3214599
590750	389953370	1
590750	389953371	15
590750	389953372	3
590750	389953373	7778
590750	389953374	6
590750	389953375	59074
590750	389953376	2
590750	389953377	474
590750	389953378	46
590750	389953379	3316
590750	389953380	12
590750	389953381	48789
590750	389953382	28
590750	389953383	4954
590750	389953384	36
590750	389953385	9261
590750	389953386	1
590750	389953387	11
590750	389953388	120
590750	389953389	7489
590750	389953390	5
590750	389953391	38527
590750	389953392	2569
590750	389953393	1
590750	389953394	25
590750	389953395	3
590750	389953396	1826
590750	389953397	6
590750	389953398	3
590750	389953399	2615
590750	389953400	2175
590750	389953401	2495
590750	389953402	147249
590750	389953403	3
590750	389953404	3860
590750	389953405	6
590750	389953406	17624
590750	389953407	9438
590750	389953408	15
590750	389953409	113
590750	389953410	362
590750	389953411	362379
590750	389953412	55
590750	389953413	208423
590750	389953414	108
590750	389953415	3
590750	389953416	3361
590750	389953417	6
590750	389953418	7447
590750	389953419	1333
590750	389953420	2
590750	389953421	167
590750	389953422	2159418
590750	389953423	1
590750	389953424	5
590750	389953425	3
590750	389953426	82563
590750	389953427	18315
590750	389953428	1
590750	389953429	41
590750	389953430	7
590750	389953431	362
590750	389953432	5
590750	389953433	2724
590750	389953434	6
590750	389953435	7447
590750	389953436	1333
590750	389953437	2
590750	389953438	167
590750	389953439	7447
590750	389953440	1333
590750	389953441	18
590750	389953442	8768
590750	389953443	1
590750	389953444	40
590750	389953445	3
590750	389953446	4273
590750	389953447	6
590750	389953448	3
590750	389953449	17710
590750	389953450	5
590750	389953451	2513835
590750	389953452	143205
590750	389953453	9
590750	389953454	30
590750	389953455	11514
590750	389953456	159
590750	389953457	3
590750	389953458	92347
590750	389953459	1
590750	389953460	7
590750	389953461	107799
590750	389953462	107799
590750	389953463	107799
590750	389953464	107799
590750	389953465	107799
590750	389953466	107799
590750	389953467	107799
590750	389953468	107799
590750	389953469	107799
590750	389953470	107799
590750	389953471	2
590750	389953472	1121
590750	389953473	3
590750	389953474	4941
590750	389953475	1432
590750	389953476	6
590750	389953477	17624
590750	389953478	9438
590750	389953479	5
590750	389953480	3
590750	389953481	2615
590750	389953482	2175
590750	389953483	9
590750	389953484	2982
590750	389953485	544
590750	389953486	547
590750	389953487	40
590750	389953488	253
590750	389953489	1925
590750	389953490	11
590750	389953491	7
590750	389953492	857
590750	389953493	9
590750	389953494	12718
590750	389953495	11300
590750	389953496	2254
590750	389953497	1
590750	389953498	11
590750	389953499	978
590750	389953500	55
590750	389953501	11
590750	389953502	632
590750	389953503	1
590750	389953504	267
590750	389953505	113
590750	389953506	6
590750	389953507	3
590750	389953508	2218
590750	389953509	43676
590750	389953510	303
590750	389953511	3
590750	389953512	122
590750	389953513	21186
590750	389953514	1
590750	389953515	18
590750	389953516	56
590750	389953517	3
590750	389953518	49428
590750	389953519	598
590750	389953520	51
590750	389953521	41916
590750	389953522	3
590750	389953523	5007
590750	389953524	5
590750	389953525	579568
590750	389953526	10737
590750	389953527	2
590750	389953528	167
590750	389953529	20
590750	389953530	7
590750	389953531	133
590750	389953532	5
590750	389953533	3706
590750	389953534	3443
590750	389953535	1
590750	389953536	15249
590750	389953537	1
590750	389953538	3
590750	389953539	3194838
590750	389953540	6
590750	389953541	3
590750	389953542	2615
590750	389953543	2175
590750	389953544	40
590750	389953545	37151
590750	389953546	55
590750	389953547	46643
590750	389953548	6
590750	389953549	113
590750	389953550	566
590750	389953551	11
590750	389953552	7447
590750	389953553	1333
590750	389953554	1
590750	389953555	6389
590750	389953556	1
590750	389953557	6389
590750	389953558	1
590750	389953559	17624
590750	389953560	9438
590750	389953561	1927
590750	389953562	9574
590750	389953563	24
590750	389953564	143
590750	389953565	1061
590750	389953566	49454
590750	389953567	467
590750	389953568	866
590750	389953569	622
590750	389953570	1
590750	389953571	38
590750	389953572	379
590750	389953573	9
590750	389953574	8643
590750	389953575	40
590750	389953576	383
590750	389953577	5
590750	389953578	188
590750	389953579	2128
590750	389953580	21
590750	389953581	153
590750	389953582	63
590750	389953583	6607
590750	389953584	2191903
590750	389953585	2575
590750	389953586	28
590750	389953587	10429
590750	389953588	37151
590750	389953589	6
590750	389953590	3
590750	389953591	132837
590750	389953592	2
590750	389953593	4
590750	389953594	67
590750	389953595	229
590750	389953596	3
590750	389953597	2040873
590750	389953598	1826
590750	389953599	1
590750	389953600	62
590750	389953601	1549
590750	389953602	3
590750	389953603	1146
590750	389953604	204
590750	389953605	1
590750	389953606	70
590750	389953607	24
590750	389953608	11516
590750	389953609	14
590750	389953610	1526
590750	389953611	9
590750	389953612	200
590750	389953613	3
590750	389953614	152
590750	389953615	6398
590750	389953616	759
590750	389953617	3
590750	389953618	4004
590750	389953619	6
590750	389953620	66
590750	389953621	10646
590750	389953622	275
590750	389953623	3
590750	389953624	10737
590750	389953625	1
590750	389953626	78
590750	389953627	6
590750	389953628	27620
590750	389953629	2
590750	389953630	79
590750	389953631	103
590750	389953632	59
590750	389953633	172
590750	389953634	11
590750	389953635	3
590750	389953636	3637
590750	389953637	37151
590750	389953638	6
590750	389953639	723
590750	389953640	3
590750	389953641	403
590750	389953642	3176
590750	389953643	6
590750	389953644	7447
590750	389953645	1333
590750	389953646	1
590750	389953647	4945
590750	389953648	3
590750	389953649	1743
590750	389953650	6
590750	389953651	1945154
590750	389953652	1
590750	389953653	11
590750	389953654	3
590750	389953655	120
590750	389953656	244
590750	389953657	622
590750	389953658	25
590750	389953659	42
590750	389953660	41
590750	389953661	427
590750	389953662	107799
590750	389953663	107799
590750	389953664	107799
590750	389953665	107799
590750	389953666	107799
590750	389953667	107799
590750	389953668	107799
590750	389953669	107799
590750	389953670	107799
590750	389953671	107799
590750	389953672	373
590750	389953673	703
590750	389953674	1927
590750	389953675	19405
590750	389953676	578
590750	389953677	26
590750	389953678	5
590750	389953679	3
590750	389953680	455
590750	389953681	25
590750	389953682	42
590750	389953683	68
590750	389953684	24
590750	389953685	6383
590750	389953686	9
590750	389953687	39723
590750	389953688	15
590750	389953689	3
590750	389953690	2569
590750	389953691	5
590750	389953692	3853
590750	389953693	6
590750	389953694	3
590750	389953695	12493
590750	389953696	6
590750	389953697	27620
590750	389953698	1
590750	389953699	728
590750	389953700	2885
590750	389953701	5
590750	389953702	20099
590750	389953703	24585
590750	389953704	45
590750	389953705	302
590750	389953706	51
590750	389953707	44
590750	389953708	2443
590750	389953709	6
590750	389953710	86
590750	389953711	164
590750	389953712	984
590750	389953713	55
590750	389953714	1408
590750	389953715	7339
590750	389953716	96
590750	389953717	148
590750	389953718	17052
590750	389953719	108
590750	389953720	14
590750	389953721	45
590750	389953722	3
590750	389953723	1826
590750	389953724	6
590750	389953725	3
590750	389953726	2615
590750	389953727	2175
590750	389953728	1
590750	389953729	3
590750	389953730	1417
590750	389953731	41
590750	389953732	4160
590750	389953733	9
590750	389953734	535
590750	389953735	25
590750	389953736	14
590750	389953737	135
590750	389953738	980
590750	389953739	30
590750	389953740	8340
590750	389953741	15377
590750	389953742	45
590750	389953743	676
590750	389953744	2428
590750	389953745	1
590750	389953746	55
590750	389953747	368
590750	389953748	12157
590750	389953749	9
590750	389953750	30
590750	389953751	1829
590750	389953752	540
590750	389953753	7
590750	389953754	3576
590750	389953755	15
590750	389953756	3
590750	389953757	1936
590750	389953758	1826
590750	389953759	20
590750	389953760	6974
590750	389953761	5
590750	389953762	7952
590750	389953763	24
590750	389953764	143
590750	389953765	105
590750	389953766	1899474
590750	389953767	1174194
590750	389953768	89637
590750	389953769	45
590750	389953770	3
590750	389953771	1826
590750	389953772	6
590750	389953773	3
590750	389953774	2615
590750	389953775	2175
590750	389953776	26
590750	389953777	38
590750	389953778	1
590750	389953779	33
590750	389953780	3
590750	389953781	4707
590750	389953782	1
590750	389953783	11395
590750	389953784	9
590750	389953785	30
590750	389953786	20206
590750	389953787	5782
590750	389953788	239
590750	389953789	45
590750	389953790	53
590750	389953791	1
590750	389953792	5
590750	389953793	1675
590750	389953794	9
590750	389953795	63
590750	389953796	56
590750	389953797	191
590750	389953798	5782
590750	389953799	239
590750	389953800	45
590750	389953801	3
590750	389953802	12493
590750	389953803	6
590750	389953804	27620
590750	389953805	2
590750	389953806	1890
590750	389953807	2319
590750	389953808	15
590750	389953809	3
590750	389953810	634
590750	389953811	1
590750	389953812	3
590750	389953813	1826
590750	389953814	6
590750	389953815	17624
590750	389953816	9438
590750	389953817	10
590750	389953818	3043
590750	389953819	9
590750	389953820	4430
590750	389953821	11
590750	389953822	1164
590750	389953823	25
590750	389953824	42
590750	389953825	105
590750	389953826	10442
590750	389953827	9
590750	389953828	5021
590750	389953829	3
590750	389953830	12493
590750	389953831	26
590750	389953832	25
590750	389953833	14
590750	389953834	10
590750	389953835	11
590750	389953836	989
590750	389953837	47557
590750	389953838	849
590750	389953839	454
590750	389953840	96
590750	389953841	7
590750	389953842	14430
590750	389953843	3417
590750	389953844	5
590750	389953845	102914
590750	389953846	2
590750	389953847	462
590750	389953848	63
590750	389953849	1234
590750	389953850	43
590750	389953851	94
590750	389953852	177
590750	389953853	224
590750	389953854	302
590750	389953855	26
590750	389953856	9
590750	389953857	63
590750	389953858	1234
590750	389953859	14
590750	389953860	4783
590750	389953861	170
590750	389953862	589
590750	389953863	107799
590750	389953864	107799
590750	389953865	107799
590750	389953866	107799
590750	389953867	107799
590750	389953868	107799
590750	389953869	107799
590750	389953870	107799
590750	389953871	107799
590750	389953872	107799
590750	389953873	4954
590750	389953874	36
590750	389953875	9261
590750	389953876	2
590750	389953877	52
590750	389953878	44
590750	389953879	63
590750	389953880	588
590750	389953881	56
590750	389953882	7
590750	389953883	25055
590750	389953884	12946
590750	389953885	26
590750	389953886	38
590750	389953887	170
590750	389953888	511
590750	389953889	822
590750	389953890	96
590750	389953891	2291090
590750	389953892	1759
590750	389953893	1848
590750	389953894	2
590750	389953895	201
590750	389953896	10
590750	389953897	1
590750	389953898	640
590750	389953899	1
590750	389953900	7
590750	389953901	4256
590750	389953902	15
590750	389953903	7287
590750	389953904	5
590750	389953905	39479
590750	389953906	6
590750	389953907	1301
590750	389953908	26
590750	389953909	7
590750	389953910	3437
590750	389953911	4468
590750	389953912	6
590750	389953913	66
590750	389953914	5117
590750	389953915	6
590750	389953916	1139
590750	389953917	1
590750	389953918	159
590750	389953919	3
590750	389953920	2257
590750	389953921	9519
590750	389953922	34557
590750	389953923	1
590750	389953924	6
590750	389953925	51
590750	389953926	42
590750	389953927	41
590750	389953928	24
590750	389953929	2923
590750	389953930	2
590750	389953931	103
590750	389953932	432
590750	389953933	1
590750	389953934	1221
590750	389953935	1
590750	389953936	25
590750	389953937	3
590750	389953938	120
590750	389953939	2800
590750	389953940	14464
590750	389953941	6
590750	389953942	3
590750	389953943	12493
590750	389953944	6
590750	389953945	27620
590750	389953946	10
590750	389953947	25
590750	389953948	3
590750	389953949	2615
590750	389953950	2175
590750	389953951	135
590750	389953952	24
590750	389953953	86499
590750	389953954	1
590750	389953955	98375
590750	389953956	1
590750	389953957	35855
590750	389953958	1
590750	389953959	55
590750	389953960	17913
590750	389953961	1
590750	389953962	1620
590750	389953963	55
590750	389953964	21699
590750	389953965	1
590750	389953966	113
590750	389953967	362
590750	389953968	55
590750	389953969	2724
590750	389953970	6
590750	389953971	3
590750	389953972	9675
590750	389953973	55
590750	389953974	29570
590750	389953975	6
590750	389953976	7447
590750	389953977	1333
590750	389953978	26
590750	389953979	5
590750	389953980	379
590750	389953981	25
590750	389953982	1086
590750	389953983	18
590750	389953984	48129
590750	389953985	68933
590750	389953986	5
590750	389953987	5643
590750	389953988	9
590750	389953989	39723
590750	389953990	15
590750	389953991	3
590750	389953992	244
590750	389953993	3853
590750	389953994	2
590750	389953995	75
590750	389953996	1
590750	389953997	6
590750	389953998	2695283
590750	389953999	6985
590750	389954000	3
590750	389954001	8213
590750	389954002	6
590750	389954003	46
590750	389954004	4
590750	389954005	522
590750	389954006	330
590750	389954007	4
590750	389954008	554494
590750	389954009	906
590750	389954010	3
590750	389954011	2569
590750	389954012	6
590750	389954013	3
590750	389954014	12493
590750	389954015	58
590750	389954016	63
590750	389954017	86
590750	389954018	5836
590750	389954019	15
590750	389954020	7583
590750	389954021	16559
590750	389954022	5
590750	389954023	1833
590750	389954024	45
590750	389954025	17624
590750	389954026	9438
590750	389954027	23040
590750	389954028	263
590750	389954029	3
590750	389954030	3579
590750	389954031	6
590750	389954032	3
590750	389954033	12493
590750	389954034	6
590750	389954035	27620
590750	389954036	2
590750	389954037	1482
590750	389954038	1
590750	389954039	11
590750	389954040	3534
590750	389954041	1767327
590750	389954042	1
590750	389954043	10
590750	389954044	9
590750	389954045	180
590750	389954046	85
590750	389954047	4
590750	389954048	109
590750	389954049	54
590750	389954050	70
590750	389954051	54
590750	389954052	541
590750	389954053	9
590750	389954054	371
590750	389954055	26
590750	389954056	5
590750	389954057	54
590750	389954058	1120
590750	389954059	2514666
590750	389954060	114
590750	389954061	133
590750	389954062	989
590750	389954063	1537
590750	389954064	107799
590750	389954065	107799
590750	389954066	107799
590750	389954067	107799
590750	389954068	107799
590750	389954069	107799
590750	389954070	107799
590750	389954071	107799
590750	389954072	107799
590750	389954073	107799
590750	389954074	29
590750	389954075	40
590750	389954076	503
590750	389954077	113
590750	389954078	192
590750	389954079	20
590750	389954080	149
590750	389954081	2
590750	389954082	31
590750	389954083	2960
590750	389954084	15
590750	389954085	2996
590750	389954086	5
590750	389954087	8000
590750	389954088	22
590750	389954089	1181
590750	389954090	189
590750	389954091	3706
590750	389954092	9
590750	389954093	30
590750	389954094	579
590750	389954095	15
590750	389954096	16
590750	389954097	2254
590750	389954098	2
590750	389954099	127
590750	389954100	70
590750	389954101	3
590750	389954102	82563
590750	389954103	18315
590750	389954104	1
590750	389954105	76
590750	389954106	1221
590750	389954107	54
590750	389954108	541
590750	389954109	9
590750	389954110	39181
590750	389954111	5
590750	389954112	7142
590750	389954113	1625
590750	389954114	125
590750	389954115	2
590750	389954116	103
590750	389954117	59
590750	389954118	3
590750	389954119	8251
590750	389954120	6
590750	389954121	3
590750	389954122	163
590750	389954123	159
590750	389954124	51
590750	389954125	46
590750	389954126	2960
590750	389954127	131
590750	389954128	1300
590750	389954129	2
590750	389954130	2110
590750	389954131	223
590750	389954132	63
590750	389954133	14
590750	389954134	38
590750	389954135	1625
590750	389954136	1
590750	389954137	5
590750	389954138	2255
590750	389954139	14
590750	389954140	22
590750	389954141	1013
590750	389954142	9
590750	389954143	7142
590750	389954144	114
590750	389954145	9377
590750	389954146	8276
590750	389954147	45
590750	389954148	9609
590750	389954149	148
590750	389954150	163
590750	389954151	1
590750	389954152	54
590750	389954153	80
590750	389954154	4896
590750	389954155	14
590750	389954156	2
590750	389954157	11452
590750	389954158	1
590750	389954159	5
590750	389954160	20
590750	389954161	3
590750	389954162	940
590750	389954163	6
590750	389954164	15298
590750	389954165	13
590750	389954166	1
590750	389954167	54
590750	389954168	80
590750	389954169	30084
590750	389954170	5
590750	389954171	1796599
590750	389954172	17
590750	389954173	13
590750	389954174	2
590750	389954175	71
590750	389954176	59
590750	389954177	120
590750	389954178	176
590750	389954179	2
590750	389954180	149455
590750	389954181	344
590750	389954182	1
590750	389954183	424
590750	389954184	1
590750	389954185	11
590750	389954186	315
590750	389954187	1862
590750	389954188	6
590750	389954189	2960
590750	389954190	5
590750	389954191	12685
590750	389954192	2
590750	389954193	75
590750	389954194	13
590750	389954195	70
590750	389954196	3496
590750	389954197	6063
590750	389954198	3468
590750	389954199	1061
590750	389954200	1218
590750	389954201	229
590750	389954202	2
590750	389954203	31
590750	389954204	2218
590750	389954205	12703
590750	389954206	6
590750	389954207	1936
590750	389954208	75807
590750	389954209	26
590750	389954210	118
590750	389954211	15076
590750	389954212	3744
590750	389954213	6
590750	389954214	3
590750	389954215	1810
590750	389954216	1
590750	389954217	22
590750	389954218	2712
590750	389954219	11033
590750	389954220	13
590750	389954221	2
590750	389954222	3232
590750	389954223	54
590750	389954224	70
590750	389954225	20795
590750	389954226	13
590750	389954227	7
590750	389954228	230
590750	389954229	214
590750	389954230	17
590750	389954231	14501
590750	389954232	16747
590750	389954233	15
590750	389954234	69
590750	389954235	754
590750	389954236	26
590750	389954237	9871
590750	389954238	13
590750	389954239	1
590750	389954240	11
590750	389954241	455
590750	389954242	1
590750	389954243	159
590750	389954244	69
590750	389954245	1201
590750	389954246	1
590750	389954247	11315
590750	389954248	1
590750	389954249	170440
590750	389954250	1
590750	389954251	5
590750	389954252	644063
590750	389954253	6
590750	389954254	20536
590750	389954255	1
590750	389954256	54
590750	389954257	80
590750	389954258	2587
590750	389954259	355
590750	389954260	13
590750	389954261	3
590750	389954262	2489
590750	389954263	1936
590750	389954264	18566
590750	389954265	107799
590750	389954266	107799
590750	389954267	107799
590750	389954268	107799
590750	389954269	107799
590750	389954270	107799
590750	389954271	107799
590750	389954272	107799
590750	389954273	107799
590750	389954274	107799
590750	389954275	957
590750	389954276	9
590750	389954277	171
590750	389954278	3
590750	389954279	68361
590750	389954280	4089
590750	389954281	3
590750	389954282	689
590750	389954283	598
590750	389954284	1
590750	389954285	13
590750	389954286	198
590750	389954287	106431
590750	389954288	5661
590750	389954289	1
590750	389954290	5
590750	389954291	1218
590750	389954292	7
590750	389954293	1378412
590750	389954294	185
590750	389954295	1651
590750	389954296	51
590750	389954297	80
590750	389954298	30
590750	389954299	3244
590750	389954300	15
590750	389954301	13
590750	389954302	20
590750	389954303	3
590750	389954304	329
590750	389954305	479
590750	389954306	214
590750	389954307	6
590750	389954308	69
590750	389954309	4904
590750	389954310	2002
590750	389954311	2
590750	389954312	71
590750	389954313	635
590750	389954314	9
590750	389954315	30
590750	389954316	8341
590750	389954317	2266
590750	389954318	15
590750	389954319	117
590750	389954320	20
590750	389954321	3
590750	389954322	660
590750	389954323	54
590750	389954324	59
590750	389954325	530
590750	389954326	9
590750	389954327	24326
590750	389954328	13
590750	389954329	23
590750	389954330	4
590750	389954331	173097
590750	389954332	9775
590750	389954333	3
590750	389954334	12001
590750	389954335	6
590750	389954336	3
590750	389954337	5687
590750	389954338	1
590750	389954339	5
590750	389954340	53954
590750	389954341	4
590750	389954342	3321157
590750	389954343	23
590750	389954344	4
590750	389954345	280798
590750	389954346	13
590750	389954347	1
590750	389954348	1379
590750	389954349	1
590750	389954350	313
590750	389954351	4954
590750	389954352	36
590750	389954353	27017
590750	389954354	44088
590750	389954355	5
590750	389954356	26336
590750	389954357	183197
590750	389954358	1
590750	389954359	91
590750	389954360	317
590750	389954361	471547
590750	389954362	29
590750	389954363	1
590750	389954364	54
590750	389954365	59
590750	389954366	1174
590750	389954367	1425
590750	389954368	9
590750	389954369	30
590750	389954370	1827179
590750	389954371	540
590750	389954372	7
590750	389954373	2449
590750	389954374	6
590750	389954375	3
590750	389954376	4
590750	389954377	68011
590750	389954378	18841
590750	389954379	76
590750	389954380	23
590750	389954381	11
590750	389954382	3
590750	389954383	6322
590750	389954384	1531
590750	389954385	6906
590750	389954386	6
590750	389954387	108392
590750	389954388	2
590750	389954389	24418
590750	389954390	84
590750	389954391	54
590750	389954392	131
590750	389954393	30
590750	389954394	24882
590750	389954395	20
590750	389954396	597
590750	389954397	1
590750	389954398	148
590750	389954399	1
590750	389954400	11
590750	389954401	114
590750	389954402	3097
590750	389954403	1430
590750	389954404	1
590750	389954405	3
590750	389954406	1146
590750	389954407	20674
590750	389954408	6
590750	389954409	17624
590750	389954410	9438
590750	389954411	22
590750	389954412	1161
590750	389954413	7
590750	389954414	397
590750	389954415	11022
590750	389954416	9
590750	389954417	9037
590750	389954418	3
590750	389954419	14430
590750	389954420	2122950
590750	389954421	6
590750	389954422	980
590750	389954423	1179
590750	389954424	1657
590750	389954425	60308
590750	389954426	55
590750	389954427	1497
590750	389954428	25666
590750	389954429	2
590750	389954430	311
590750	389954431	7464
590750	389954432	32
590750	389954433	3
590750	389954434	5477
590750	389954435	6
590750	389954436	1315
590750	389954437	35675
590750	389954438	1
590750	389954439	124354
590750	389954440	11921
590750	389954441	14901
590750	389954442	1
590750	389954443	20214
590750	389954444	1
590750	389954445	5
590750	389954446	32
590750	389954447	116
590750	389954448	25666
590750	389954449	36
590750	389954450	1506
590750	389954451	1
590750	389954452	3596
590750	389954453	74758
590750	389954454	1
590750	389954455	6
590750	389954456	3
590750	389954457	244
590750	389954458	441
590750	389954459	1
590750	389954460	80
590750	389954461	12288
590750	389954462	727
590750	389954463	2421
590750	389954464	1
590750	389954465	54
590750	389954466	107799
590750	389954467	107799
590750	389954468	107799
590750	389954469	107799
590750	389954470	107799
590750	389954471	107799
590750	389954472	107799
590750	389954473	107799
590750	389954474	107799
590750	389954475	107799
590750	389954476	64
590750	389954477	3
590750	389954478	6968
590750	389954479	6632
590750	389954480	17617
590750	389954481	233048
590750	389954482	1
590750	389954483	5
590750	389954484	2648
590750	389954485	7
590750	389954486	6985
590750	389954487	1
590750	389954488	38
590750	389954489	8999
590750	389954490	5
590750	389954491	15751
590750	389954492	6045
590750	389954493	303
590750	389954494	19136
590750	389954495	8267
590750	389954496	11
590750	389954497	82698
590750	389954498	1
590750	389954499	5
590750	389954500	845
590750	389954501	3
590750	389954502	610813
590750	389954503	11
590750	389954504	2128
590750	389954505	1
590750	389954506	1315
590750	389954507	35675
590750	389954508	17
590750	389954509	7
590750	389954510	3205
590750	389954511	327
590750	389954512	6
590750	389954513	11112
590750	389954514	18290
590750	389954515	154
590750	389954516	3
590750	389954517	403
590750	389954518	959
590750	389954519	1
590750	389954520	5
590750	389954521	17
590750	389954522	7
590750	389954523	2017692
590750	389954524	51
590750	389954525	44
590750	389954526	30
590750	389954527	4416
590750	389954528	11
590750	389954529	7
590750	389954530	956
590750	389954531	197
590750	389954532	1
590750	389954533	38
590750	389954534	51
590750	389954535	1392
590750	389954536	7940
590750	389954537	344
590750	389954538	33
590750	389954539	7
590750	389954540	9339
590750	389954541	47924
590750	389954542	1
590750	389954543	2234
590750	389954544	28676
590750	389954545	25
590750	389954546	4
590750	389954547	3
590750	389954548	1826
590750	389954549	6
590750	389954550	3
590750	389954551	2615
590750	389954552	2175
590750	389954553	80
590750	389954554	24
590750	389954555	30
590750	389954556	3968
590750	389954557	273
590750	389954558	3
590750	389954559	1826
590750	389954560	6
590750	389954561	17624
590750	389954562	9438
590750	389954563	233454
590750	389954564	40
590750	389954565	3127
590750	389954566	74
590750	389954567	113
590750	389954568	192
590750	389954569	51
590750	389954570	153
590750	389954571	1961
590750	389954572	50
590750	389954573	2707
590750	389954574	55
590750	389954575	5312
590750	389954576	6
590750	389954577	118
590750	389954578	2975
590750	389954579	8741
590750	389954580	4172
590750	389954581	1715
590750	389954582	118
590750	389954583	1887500
590750	389954584	140859
590750	389954585	6
590750	389954586	3
590750	389954587	610813
590750	389954588	2
590750	389954589	4
590750	389954590	52
590750	389954591	22
590750	389954592	2551
590750	389954593	9
590750	389954594	30
590750	389954595	4160
590750	389954596	9
590750	389954597	16377
590750	389954598	16
590750	389954599	9091
590750	389954600	36
590750	389954601	6578
590750	389954602	26
590750	389954603	38
590750	389954604	1
590750	389954605	45
590750	389954606	64
590750	389954607	3
590750	389954608	2827
590750	389954609	170
590750	389954610	590
590750	389954611	1
590750	389954612	148
590750	389954613	22
590750	389954614	3
590750	389954615	747
590750	389954616	192
590750	389954617	51
590750	389954618	3
590750	389954619	1826
590750	389954620	5
590750	389954621	183
590750	389954622	6
590750	389954623	3
590750	389954624	2615
590750	389954625	2175
590750	389954626	59
590750	389954627	3968
590750	389954628	32
590750	389954629	2
590750	389954630	10215
590750	389954631	518
590750	389954632	86
590750	389954633	133
590750	389954634	598
590750	389954635	91
590750	389954636	30
590750	389954637	469
590750	389954638	288
590750	389954639	82
590750	389954640	77
590750	389954641	135
590750	389954642	17586
590750	389954643	7
590750	389954644	14925
590750	389954645	5567
590750	389954646	1
590750	389954647	55
590750	389954648	288
590750	389954649	217
590750	389954650	91
590750	389954651	24
590750	389954652	1203
590750	389954653	4
590750	389954654	7
590750	389954655	6326
590750	389954656	1013
590750	389954657	1784
590750	389954658	26
590750	389954659	4
590750	389954660	865
590750	389954661	776
590750	389954662	91
590750	389954663	30
590750	389954664	7084
590750	389954665	288
590750	389954666	313
590750	389954667	107799
590750	389954668	107799
590750	389954669	107799
590750	389954670	107799
590750	389954671	107799
590750	389954672	107799
590750	389954673	107799
590750	389954674	107799
590750	389954675	107799
590750	389954676	107799
590750	389954677	320
590750	389954678	1
590750	389954679	28
590750	389954680	3037
590750	389954681	1537
590750	389954682	6
590750	389954683	4
590750	389954684	927270
590750	389954685	2
590750	389954686	4
590750	389954687	2726
590750	389954688	6
590750	389954689	2958
590750	389954690	2421
590750	389954691	70
590750	389954692	6960
590750	389954693	25
590750	389954694	28
590750	389954695	320
590750	389954696	20
590750	389954697	29
590750	389954698	22
590750	389954699	6
590750	389954700	554
590750	389954701	3
590750	389954702	244
590750	389954703	402
590750	389954704	47
590750	389954705	3
590750	389954706	13291
590750	389954707	48
590750	389954708	11
590750	389954709	166949
590750	389954710	2179151
590750	389954711	49453
590750	389954712	13358
590750	389954713	1
590750	389954714	20
590750	389954715	46
590750	389954716	50786
590750	389954717	324
590750	389954718	26
590750	389954719	5
590750	389954720	92
590750	389954721	361
590750	389954722	1
590750	389954723	82
590750	389954724	6
590750	389954725	179
590750	389954726	301
590750	389954727	1
590750	389954728	16
590750	389954729	1452667
590750	389954730	179849
590750	389954731	6
590750	389954732	82698
590750	389954733	223
590750	389954734	25284
590750	389954735	180
590750	389954736	1
590750	389954737	4
590750	389954738	3573
590750	389954739	91044
590750	389954740	9080
590750	389954741	1
590750	389954742	65
590750	389954743	7
590750	389954744	185
590750	389954745	349
590750	389954746	499
590750	389954747	13
590750	389954748	70
590750	389954749	26
590750	389954750	4
590750	389954751	3
590750	389954752	935
590750	389954753	5174
590750	389954754	92597
590750	389954755	4
590750	389954756	1577
590750	389954757	577
590750	389954758	9
590750	389954759	1046
590750	389954760	13
590750	389954761	64
590750	389954762	855754
590750	389954763	1419
590750	389954764	23
590750	389954765	4
590750	389954766	2976
590750	389954767	46
590750	389954768	47
590750	389954769	14
590750	389954770	198
590750	389954771	1
590750	389954772	1315
590750	389954773	35675
590750	389954774	80
590750	389954775	30
590750	389954776	10034
590750	389954777	5
590750	389954778	1235
590750	389954779	152
590750	389954780	1
590750	389954781	355
590750	389954782	12
590750	389954783	80
590750	389954784	442
590750	389954785	3
590750	389954786	4898
590750	389954787	156
590750	389954788	130
590750	389954789	3
590750	389954790	1384
590750	389954791	2
590750	389954792	307
590750	389954793	12
590750	389954794	196696
590750	389954795	3
590750	389954796	2707
590750	389954797	1
590750	389954798	5
590750	389954799	1338
590750	389954800	117
590750	389954801	7
590750	389954802	120
590750	389954803	3526
590750	389954804	2342
590750	389954805	11
590750	389954806	118
590750	389954807	238
590750	389954808	2
590750	389954809	316
590750	389954810	3
590750	389954811	2342
590750	389954812	1
590750	389954813	3210
590750	389954814	1739
590750	389954815	64
590750	389954816	164
590750	389954817	22536
590750	389954818	1
590750	389954819	54
590750	389954820	3239
590750	389954821	54
590750	389954822	198
590750	389954823	30
590750	389954824	310
590750	389954825	9078
590750	389954826	6301
590750	389954827	2
590750	389954828	208
590750	389954829	9091
590750	389954830	329
590750	389954831	6897
590750	389954832	98
590750	389954833	7
590750	389954834	254
590750	389954835	4106
590750	389954836	1861323
590750	389954837	11
590750	389954838	3
590750	389954839	966
590750	389954840	6
590750	389954841	5011
590750	389954842	1
590750	389954843	15249
590750	389954844	1
590750	389954845	25
590750	389954846	361
590750	389954847	7
590750	389954848	362
590750	389954849	6
590750	389954850	50
590750	389954851	7026
590750	389954852	29156
590750	389954853	578
590750	389954854	74
590750	389954855	7
590750	389954856	4623
590750	389954857	28477
590750	389954858	1
590750	389954859	5
590750	389954860	118
590750	389954861	7035
590750	389954862	22
590750	389954863	6537
590750	389954864	45
590750	389954865	7036
590750	389954866	5011
590750	389954867	1
590750	389954868	107799
590750	389954869	107799
590750	389954870	107799
590750	389954871	107799
590750	389954872	107799
590750	389954873	107799
590750	389954874	107799
590750	389954875	107799
590750	389954876	107799
590750	389954877	107799
590750	389954878	11
590750	389954879	3
590750	389954880	7583
590750	389954881	6
590750	389954882	51
590750	389954883	3
590750	389954884	254
590750	389954885	28477
590750	389954886	22
590750	389954887	152177
590750	389954888	59
590750	389954889	24
590750	389954890	99832
590750	389954891	1
590750	389954892	5
590750	389954893	55536
590750	389954894	11
590750	389954895	3
590750	389954896	1417
590750	389954897	1
590750	389954898	55
590750	389954899	6218
590750	389954900	17487
590750	389954901	304
590750	389954902	6971
590750	389954903	15
590750	389954904	14
590750	389954905	45
590750	389954906	313
590750	389954907	4954
590750	389954908	36
590750	389954909	6022
590750	389954910	2
590750	389954911	474
590750	389954912	43
590750	389954913	470
590750	389954914	5923
590750	389954915	6
590750	389954916	10938
590750	389954917	14430
590750	389954918	966
590750	389954919	1
590750	389954920	3
590750	389954921	4821
590750	389954922	6
590750	389954923	3
590750	389954924	15322
590750	389954925	6
590750	389954926	3
590750	389954927	2615
590750	389954928	2175
590750	389954929	1
590750	389954930	45
590750	389954931	17624
590750	389954932	9438
590750	389954933	1
590750	389954934	251
590750	389954935	24
590750	389954936	9783
590750	389954937	113
590750	389954938	6
590750	389954939	3
590750	389954940	2618
590750	389954941	2894
590750	389954942	6
590750	389954943	17624
590750	389954944	9438
590750	389954945	15
590750	389954946	3
590750	389954947	7583
590750	389954948	6
590750	389954949	51
590750	389954950	42
590750	389954951	59
590750	389954952	10261
590750	389954953	2
590750	389954954	1780
590750	389954955	313
590750	389954956	4954
590750	389954957	36
590750	389954958	6022
590750	389954959	35606
590750	389954960	7
590750	389954961	87
590750	389954962	523
590750	389954963	14
590750	389954964	80
590750	389954965	30
590750	389954966	1013
590750	389954967	20
590750	389954968	14
590750	389954969	9
590750	389954970	17658
590750	389954971	379
590750	389954972	7
590750	389954973	235371
590750	389954974	291
590750	389954975	3
590750	389954976	2615
590750	389954977	2175
590750	389954978	1
590750	389954979	1663
590750	389954980	1672
590750	389954981	1674
590750	389954982	82698
590750	389954983	19
590750	389954984	1315
590750	389954985	35675
590750	389954986	379
590750	389954987	144889
590750	389954988	1
590750	389954989	17
590750	389954990	50
590750	389954991	43799
590750	389954992	9702
590750	389954993	1
590750	389954994	3
590750	389954995	8952
590750	389954996	2095
590750	389954997	98
590750	389954998	45
590750	389954999	9521
590750	389955000	17513
590750	389955001	94
590750	389955002	2817156
590750	389955003	4
590750	389955004	3
590750	389955005	903
590750	389955006	181291
590750	389955007	1
590750	389955008	45
590750	389955009	3
590750	389955010	798
590750	389955011	5
590750	389955012	6178
590750	389955013	1421
590750	389955014	51
590750	389955015	42
590750	389955016	70
590750	389955017	8768
590750	389955018	5
590750	389955019	14453
590750	389955020	1
590750	389955021	59
590750	389955022	10733
590750	389955023	24
590750	389955024	9
590750	389955025	30
590750	389955026	3007
590750	389955027	4385
590750	389955028	20
590750	389955029	2997
590750	389955030	60931
590750	389955031	45
590750	389955032	113
590750	389955033	7249
590750	389955034	2936
590750	389955035	2
590750	389955036	4
590750	389955037	208
590750	389955038	18776
590750	389955039	36
590750	389955040	9702
590750	389955041	22
590750	389955042	62911
590750	389955043	2
590750	389955044	116
590750	389955045	25666
590750	389955046	2055
590750	389955047	29
590750	389955048	4
590750	389955049	148
590750	389955050	8952
590750	389955051	99
590750	389955052	1969
590750	389955053	3
590750	389955054	5639
590750	389955055	5
590750	389955056	13891
590750	389955057	20561
590750	389955058	6
590750	389955059	9900
590750	389955060	37514
590750	389955061	1
590750	389955062	1173
590750	389955063	2251
590750	389955064	6
590750	389955065	7
590750	389955066	120
590750	389955067	465
590750	389955068	6201
590750	389955069	107799
590750	389955070	107799
590750	389955071	107799
590750	389955072	107799
590750	389955073	107799
590750	389955074	107799
590750	389955075	107799
590750	389955076	107799
590750	389955077	107799
590750	389955078	107799
590750	389955079	903
590750	389955080	2158
590750	389955081	36
590750	389955082	523034
590750	389955083	39445
590750	389955084	17
590750	389955085	16
590750	389955086	9091
590750	389955087	36
590750	389955088	14430
590750	389955089	11101
590750	389955090	1
590750	389955091	5
590750	389955092	54
590750	389955093	59
590750	389955094	4160
590750	389955095	9
590750	389955096	213
590750	389955097	1
590750	389955098	92
590750	389955099	888
590750	389955100	313
590750	389955101	4954
590750	389955102	36
590750	389955103	1826
590750	389955104	4
590750	389955105	91
590750	389955106	24
590750	389955107	81
590750	389955108	2443
590750	389955109	14
590750	389955110	1
590750	389955111	4
590750	389955112	1356
590750	389955113	3
590750	389955114	582
590750	389955115	22
590750	389955116	770
590750	389955117	5807
590750	389955118	15
590750	389955119	16
590750	389955120	9091
590750	389955121	36
590750	389955122	1858
590750	389955123	55
590750	389955124	3025
590750	389955125	1
590750	389955126	313
590750	389955127	4954
590750	389955128	36
590750	389955129	1826
590750	389955130	6675
590750	389955131	1
590750	389955132	4892
590750	389955133	5938
590750	389955134	1
590750	389955135	54627
590750	389955136	4
590750	389955137	148
590750	389955138	8952
590750	389955139	257
590750	389955140	50
590750	389955141	13057
590750	389955142	46533
590750	389955143	51
590750	389955144	635
590750	389955145	9
590750	389955146	35116
590750	389955147	3
590750	389955148	2975
590750	389955149	6
590750	389955150	7249
590750	389955151	25727
590750	389955152	2
590750	389955153	4
590750	389955154	248
590750	389955155	1
590750	389955156	35
590750	389955157	1599
590750	389955158	1
590750	389955159	127
590750	389955160	1
590750	389955161	3
590750	389955162	903
590750	389955163	1847
590750	389955164	1
590750	389955165	709
590750	389955166	148
590750	389955167	8952
590750	389955168	9
590750	389955169	30
590750	389955170	4
590750	389955171	521
590750	389955172	236
590750	389955173	439
590750	389955174	47
590750	389955175	2072
590750	389955176	27710
590750	389955177	2
590750	389955178	4
590750	389955179	127
590750	389955180	135
590750	389955181	1560
590750	389955182	8292
590750	389955183	3
590750	389955184	2802
590750	389955185	6
590750	389955186	278379
590750	389955187	14
590750	389955188	45
590750	389955189	3
590750	389955190	1610
590750	389955191	1
590750	389955192	55
590750	389955193	6
590750	389955194	80293
590750	389955195	5615
590750	389955196	15
590750	389955197	14
590750	389955198	17
590750	389955199	9572
590750	389955200	5
590750	389955201	368648
590750	389955202	26
590750	389955203	38
590750	389955204	14
590750	389955205	131
590750	389955206	63
590750	389955207	798
590750	389955208	906
590750	389955209	2
590750	389955210	127
590750	389955211	80
590750	389955212	9966
590750	389955213	1
590750	389955214	14
590750	389955215	15
590750	389955216	13
590750	389955217	11
590750	389955218	320
590750	389955219	1
590750	389955220	104
590750	389955221	13
590750	389955222	80
590750	389955223	370
590750	389955224	2
590750	389955225	75
590750	389955226	104
590750	389955227	13
590750	389955228	80
590750	389955229	776
590750	389955230	6
590750	389955231	435631
590750	389955232	22225
590750	389955233	1
590750	389955234	54
590750	389955235	131
590750	389955236	124
590750	389955237	114
590750	389955238	1430
590750	389955239	17
590750	389955240	114
590750	389955241	2363
590750	389955242	2
590750	389955243	52
590750	389955244	22
590750	389955245	7
590750	389955246	185
590750	389955247	521
590750	389955248	1
590750	389955249	25
590750	389955250	17513
590750	389955251	8952
590750	389955252	1
590750	389955253	198
590750	389955254	14
590750	389955255	3094
590750	389955256	313
590750	389955257	4954
590750	389955258	36
590750	389955259	1826
590750	389955260	2
590750	389955261	1001
590750	389955262	2997
590750	389955263	8814
590750	389955264	6308
590750	389955265	120
590750	389955266	360
590750	389955267	108
590750	389955268	114
590750	389955269	15622
590750	389955270	107799
590750	389955271	107799
590750	389955272	107799
590750	389955273	107799
590750	389955274	107799
590750	389955275	107799
590750	389955276	107799
590750	389955277	107799
590750	389955278	107799
590750	389955279	107799
590750	389955280	345
590750	389955281	99
590750	389955282	5415
590750	389955283	117
590750	389955284	15
590750	389955285	179
590750	389955286	903
590750	389955287	26051
590750	389955288	1
590750	389955289	47
590750	389955290	77
590750	389955291	5
590750	389955292	319
590750	389955293	59
590750	389955294	5415
590750	389955295	26
590750	389955296	5
590750	389955297	65
590750	389955298	345
590750	389955299	12657
590750	389955300	334
590750	389955301	1
590750	389955302	77
590750	389955303	131
590750	389955304	24
590750	389955305	581
590750	389955306	14457
590750	389955307	2
590750	389955308	146
590750	389955309	198
590750	389955310	30
590750	389955311	1200
590750	389955312	89
590750	389955313	76771
590750	389955314	6
590750	389955315	524
590750	389955316	11
590750	389955317	2245
590750	389955318	2
590750	389955319	146
590750	389955320	91
590750	389955321	30
590750	389955322	776
590750	389955323	17
590750	389955324	117
590750	389955325	2
590750	389955326	31
590750	389955327	2615
590750	389955328	2175
590750	389955329	59
590750	389955330	9605
590750	389955331	524
590750	389955332	6
590750	389955333	43
590750	389955334	8388
590750	389955335	234
590750	389955336	2
590750	389955337	127
590750	389955338	343
590750	389955339	43
590750	389955340	120
590750	389955341	1248
590750	389955342	1
590750	389955343	5
590750	389955344	17
590750	389955345	185
590750	389955346	48978
590750	389955347	26
590750	389955348	38
590750	389955349	54
590750	389955350	1203890
590750	389955351	541
590750	389955352	14
590750	389955353	2
590750	389955354	52
590750	389955355	22
590750	389955356	24
590750	389955357	7
590750	389955358	192
590750	389955359	9
590750	389955360	39697
590750	389955361	946
590750	389955362	55
590750	389955363	84223
590750	389955364	259
590750	389955365	2
590750	389955366	52
590750	389955367	22
590750	389955368	7
590750	389955369	7489
590750	389955370	151216
590750	389955371	455
590750	389955372	2
590750	389955373	127
590750	389955374	44
590750	389955375	30
590750	389955376	1762
590750	389955377	555
590750	389955378	273
590750	389955379	28
590750	389955380	4954
590750	389955381	36
590750	389955382	44088
590750	389955383	44
590750	389955384	2310
590750	389955385	14
590750	389955386	4783
590750	389955387	1
590750	389955388	5
590750	389955389	15
590750	389955390	3
590750	389955391	372
590750	389955392	6
590750	389955393	3
590750	389955394	932
590750	389955395	10010
590750	389955396	4
590750	389955397	7
590750	389955398	480
590750	389955399	36
590750	389955400	25378
590750	389955401	4
590750	389955402	26
590750	389955403	38
590750	389955404	1
590750	389955405	104
590750	389955406	42
590750	389955407	80
590750	389955408	24
590750	389955409	1
590750	389955410	12
590750	389955411	25
590750	389955412	22
590750	389955413	3
590750	389955414	5339
590750	389955415	10842
590750	389955416	6
590750	389955417	2157
590750	389955418	4
590750	389955419	80
590750	389955420	200
590750	389955421	203
590750	389955422	2935
590750	389955423	16
590750	389955424	1918
590750	389955425	1
590750	389955426	5
590750	389955427	3
590750	389955428	2019
590750	389955429	36872
590750	389955430	2
590750	389955431	4
590750	389955432	1624
590750	389955433	1522
590750	389955434	43
590750	389955435	1632
590750	389955436	30
590750	389955437	19368
590750	389955438	15
590750	389955439	1315
590750	389955440	35675
590750	389955441	1
590750	389955442	55
590750	389955443	313
590750	389955444	4954
590750	389955445	36
590750	389955446	1826
590750	389955447	1
590750	389955448	576
590750	389955449	12
590750	389955450	17094
590750	389955451	4113
590750	389955452	1
590750	389955453	5
590750	389955454	17
590750	389955455	16
590750	389955456	136
590750	389955457	108
590750	389955458	16
590750	389955459	5605
590750	389955460	1531
590750	389955461	211
590750	389955462	1
590750	389955463	25
590750	389955464	4
590750	389955465	313
590750	389955466	4954
590750	389955467	36
590750	389955468	1826
590750	389955469	99
590750	389955470	86
590750	389955471	107799
590750	389955472	107799
590750	389955473	107799
590750	389955474	107799
590750	389955475	107799
590750	389955476	107799
590750	389955477	107799
590750	389955478	107799
590750	389955479	107799
590750	389955480	107799
590750	389955481	7447
590750	389955482	1333
590750	389955483	2
590750	389955484	8827
590750	389955485	54
590750	389955486	13918
590750	389955487	9
590750	389955488	370
590750	389955489	14
590750	389955490	2
590750	389955491	1001
590750	389955492	2421
590750	389955493	59
590750	389955494	626
590750	389955495	20341
590750	389955496	2
590750	389955497	75
590750	389955498	288
590750	389955499	64
590750	389955500	43
590750	389955501	72224
590750	389955502	1
590750	389955503	84
590750	389955504	26
590750	389955505	288
590750	389955506	43
590750	389955507	161235
590750	389955508	6
590750	389955509	7909
590750	389955510	26
590750	389955511	43
590750	389955512	86261
590750	389955513	6
590750	389955514	108834
590750	389955515	26
590750	389955516	43
590750	389955517	11991
590750	389955518	6
590750	389955519	3
590750	389955520	1936
590750	389955521	6060
590750	389955522	11
590750	389955523	3
590750	389955524	249873
590750	389955525	26
590750	389955526	179
590750	389955527	254
590750	389955528	15334
590750	389955529	15
590750	389955530	7894
590750	389955531	1
590750	389955532	5
590750	389955533	64
590750	389955534	3
590750	389955535	81953
590750	389955536	53811
590750	389955537	1
590750	389955538	5
590750	389955539	3033134
590750	389955540	24492
590750	389955541	6
590750	389955542	3
590750	389955543	6856
590750	389955544	1
590750	389955545	5
590750	389955546	30976
590750	389955547	1
590750	389955548	5
590750	389955549	3231998
590750	389955550	5
590750	389955551	35172
590750	389955552	19
590750	389955553	109
590750	389955554	22
590750	389955555	14
590750	389955556	64
590750	389955557	1396
590750	389955558	19
590750	389955559	71
590750	389955560	70
590750	389955561	86
590750	389955562	13867
590750	389955563	6
590750	389955564	3614
590750	389955565	2
590750	389955566	3282
590750	389955567	54
590750	389955568	70
590750	389955569	2346876
590750	389955570	1333
590750	389955571	91
590750	389955572	24
590750	389955573	30
590750	389955574	6120
590750	389955575	2
590750	389955576	167
590750	389955577	22
590750	389955578	7
590750	389955579	26365
590750	389955580	6
590750	389955581	5887
590750	389955582	2
590750	389955583	31
590750	389955584	3037
590750	389955585	2208
590750	389955586	6
590750	389955587	10024
590750	389955588	1
590750	389955589	5
590750	389955590	27118
590750	389955591	8410
590750	389955592	20
590750	389955593	507
590750	389955594	1
590750	389955595	22
590750	389955596	24
590750	389955597	7
590750	389955598	53758
590750	389955599	23411
590750	389955600	2
590750	389955601	942
590750	389955602	626
590750	389955603	54
590750	389955604	243
590750	389955605	5096
590750	389955606	2
590750	389955607	789
590750	389955608	511
590750	389955609	1315
590750	389955610	35675
590750	389955611	305
590750	389955612	191
590750	389955613	2
590750	389955614	75
590750	389955615	116
590750	389955616	25666
590750	389955617	99
590750	389955618	616
590750	389955619	1
590750	389955620	14
590750	389955621	639
590750	389955622	1
590750	389955623	4
590750	389955624	97420
590750	389955625	4
590750	389955626	11
590750	389955627	16
590750	389955628	9091
590750	389955629	717
590750	389955630	2054097
590750	389955631	6
590750	389955632	3
590750	389955633	3206
590750	389955634	11
590750	389955635	116
590750	389955636	25666
590750	389955637	36
590750	389955638	3316
590750	389955639	6
590750	389955640	6699
590750	389955641	4956
590750	389955642	1
590750	389955643	1894385
590750	389955644	2
590750	389955645	18640
590750	389955646	16209
590750	389955647	26055
590750	389955648	1
590750	389955649	54
590750	389955650	6631
590750	389955651	85
590750	389955652	1642
590750	389955653	8001
590750	389955654	1010
590750	389955655	263
590750	389955656	13461
590750	389955657	1
590750	389955658	2335
590750	389955659	1
590750	389955660	2894
590750	389955661	1
590750	389955662	4395
590750	389955663	1
590750	389955664	4612
590750	389955665	1
590750	389955666	978
590750	389955667	1
590750	389955668	632
590750	389955669	1
590750	389955670	5
590750	389955671	165
590750	389955672	107799
590750	389955673	107799
590750	389955674	107799
590750	389955675	107799
590750	389955676	107799
590750	389955677	107799
590750	389955678	107799
590750	389955679	107799
590750	389955680	107799
590750	389955681	107799
590750	389955682	762
590750	389955683	77
590750	389955684	1
590750	389955685	43
590750	389955686	116
590750	389955687	25666
590750	389955688	1
590750	389955689	5
590750	389955690	466
590750	389955691	3710
590750	389955692	6
590750	389955693	16
590750	389955694	9091
590750	389955695	36
590750	389955696	10902
590750	389955697	3410
590750	389955698	2
590750	389955699	37
590750	389955700	13916
590750	389955701	108
590750	389955702	29162
590750	389955703	16
590750	389955704	9091
590750	389955705	36
590750	389955706	4
590750	389955707	2470833
590750	389955708	2
590750	389955709	4
590750	389955710	127
590750	389955711	243
590750	389955712	54
590750	389955713	281
590750	389955714	3
590750	389955715	5944
590750	389955716	516
590750	389955717	108
590750	389955718	16
590750	389955719	9091
590750	389955720	36
590750	389955721	105326
590750	389955722	140
590750	389955723	2
590750	389955724	848
590750	389955725	2677
590750	389955726	1
590750	389955727	2382
590750	389955728	10648
590750	389955729	1
590750	389955730	11903
590750	389955731	209
590750	389955732	17
590750	389955733	24
590750	389955734	7
590750	389955735	8545
590750	389955736	6
590750	389955737	19044
590750	389955738	55
590750	389955739	97789
590750	389955740	89
590750	389955741	53
590750	389955742	1
590750	389955743	59
590750	389955744	317
590750	389955745	30037
590750	389955746	2
590750	389955747	942
590750	389955748	82787
590750	389955749	9
590750	389955750	4778
590750	389955751	313
590750	389955752	4954
590750	389955753	36
590750	389955754	44088
590750	389955755	9
590750	389955756	1583
590750	389955757	15
590750	389955758	53
590750	389955759	2
590750	389955760	75
590750	389955761	116
590750	389955762	25666
590750	389955763	99
590750	389955764	86
590750	389955765	2258163
590750	389955766	3711
590750	389955767	85
590750	389955768	12
590750	389955769	80
590750	389955770	115
590750	389955771	14
590750	389955772	2
590750	389955773	37
590750	389955774	22
590750	389955775	137
590750	389955776	2677
590750	389955777	5
590750	389955778	26126
590750	389955779	3210
590750	389955780	8544
590750	389955781	9555
590750	389955782	25
590750	389955783	4
590750	389955784	3
590750	389955785	2894
590750	389955786	5
590750	389955787	2793
590750	389955788	6
590750	389955789	3
590750	389955790	2428
590750	389955791	131
590750	389955792	30
590750	389955793	41030
590750	389955794	45
590750	389955795	3
590750	389955796	152
590750	389955797	3890
590750	389955798	6
590750	389955799	3
590750	389955800	22899
590750	389955801	6
590750	389955802	4581
590750	389955803	41338
590750	389955804	1
590750	389955805	27620
590750	389955806	2
590750	389955807	4
590750	389955808	37
590750	389955809	22
590750	389955810	177
590750	389955811	76753
590750	389955812	3710
590750	389955813	6
590750	389955814	3
590750	389955815	1138
590750	389955816	6
590750	389955817	16
590750	389955818	1517
590750	389955819	31268
590750	389955820	1010
590750	389955821	263
590750	389955822	6719
590750	389955823	66
590750	389955824	705
590750	389955825	15
590750	389955826	46
590750	389955827	152
590750	389955828	3890
590750	389955829	1
590750	389955830	5
590750	389955831	13728
590750	389955832	53
590750	389955833	25
590750	389955834	14
590750	389955835	17094
590750	389955836	25
590750	389955837	1358
590750	389955838	17624
590750	389955839	9438
590750	389955840	436
590750	389955841	3
590750	389955842	2615
590750	389955843	2175
590750	389955844	80
590750	389955845	194
590750	389955846	8905
590750	389955847	1
590750	389955848	98375
590750	389955849	1
590750	389955850	354274
590750	389955851	1
590750	389955852	6389
590750	389955853	1
590750	389955854	6389
590750	389955855	1
590750	389955856	113
590750	389955857	362
590750	389955858	6
590750	389955859	3
590750	389955860	411
590750	389955861	11787
590750	389955862	15
590750	389955863	45
590750	389955864	3
590750	389955865	22899
590750	389955866	2
590750	389955867	233374
590750	389955868	2
590750	389955869	649
590750	389955870	117
590750	389955871	18726
590750	389955872	148
590750	389955873	107799
590750	389955874	107799
590750	389955875	107799
590750	389955876	107799
590750	389955877	107799
590750	389955878	107799
590750	389955879	107799
590750	389955880	107799
590750	389955881	107799
590750	389955882	107799
590750	389955883	9
590750	389955884	1084
590750	389955885	35
590750	389955886	1315
590750	389955887	195899
590750	389955888	36
590750	389955889	560012
590750	389955890	2979
590750	389955891	157496
590750	389955892	1
590750	389955893	4
590750	389955894	108
590750	389955895	51
590750	389955896	3
590750	389955897	959
590750	389955898	74
590750	389955899	51
590750	389955900	42
590750	389955901	70
590750	389955902	20343
590750	389955903	1
590750	389955904	6742
590750	389955905	105465
590750	389955906	2
590750	389955907	4
590750	389955908	233374
590750	389955909	23
590750	389955910	52
590750	389955911	22
590750	389955912	50
590750	389955913	1531
590750	389955914	338
590750	389955915	2
590750	389955916	268
590750	389955917	1
590750	389955918	133
590750	389955919	6258
590750	389955920	28800
590750	389955921	1647806
590750	389955922	1
590750	389955923	13431
590750	389955924	504
590750	389955925	24010
590750	389955926	7
590750	389955927	64601
590750	389955928	1
590750	389955929	5
590750	389955930	10
590750	389955931	891
590750	389955932	2020865
590750	389955933	3
590750	389955934	16783
590750	389955935	2729
590750	389955936	6
590750	389955937	1936
590750	389955938	75807
590750	389955939	15
590750	389955940	64
590750	389955941	87
590750	389955942	85
590750	389955943	4
590750	389955944	37
590750	389955945	7
590750	389955946	1056
590750	389955947	23
590750	389955948	12282
590750	389955949	29
590750	389955950	1
590750	389955951	14990
590750	389955952	23
590750	389955953	37
590750	389955954	4000
590750	389955955	108
590750	389955956	34656
590750	389955957	61816
590750	389955958	58898
590750	389955959	1
590750	389955960	5
590750	389955961	8742
590750	389955962	7144
590750	389955963	2
590750	389955964	231
590750	389955965	1056
590750	389955966	23
590750	389955967	179
590750	389955968	17069
590750	389955969	80
590750	389955970	171
590750	389955971	3
590750	389955972	338
590750	389955973	1056
590750	389955974	236
590750	389955975	17110
590750	389955976	47
590750	389955977	3
590750	389955978	338
590750	389955979	2025749
590750	389955980	26
590750	389955981	51
590750	389955982	10
590750	389955983	50
590750	389955984	2419
590750	389955985	133
590750	389955986	338
590750	389955987	355
590750	389955988	14
590750	389955989	10
590750	389955990	445546
590750	389955991	2
590750	389955992	4
590750	389955993	8827
590750	389955994	1
590750	389955995	450
590750	389955996	14
590750	389955997	10
590750	389955998	1
590750	389955999	38
590750	389956000	9
590750	389956001	30
590750	389956002	890
590750	389956003	6
590750	389956004	3
590750	389956005	244
590750	389956006	750
590750	389956007	17
590750	389956008	35
590750	389956009	131306
590750	389956010	478882
590750	389956011	5
590750	389956012	35675
590750	389956013	22
590750	389956014	1720
590750	389956015	15
590750	389956016	3
590750	389956017	12335
590750	389956018	6
590750	389956019	113
590750	389956020	338
590750	389956021	1
590750	389956022	5
590750	389956023	114
590750	389956024	363
590750	389956025	23829
590750	389956026	99
590750	389956027	24
590750	389956028	421
590750	389956029	741
590750	389956030	719
590750	389956031	53
590750	389956032	77467
590750	389956033	2
590750	389956034	52
590750	389956035	99
590750	389956036	2357
590750	389956037	77090
590750	389956038	15
590750	389956039	66
590750	389956040	2674781
590750	389956041	4187
590750	389956042	1
590750	389956043	5
590750	389956044	7
590750	389956045	12853
590750	389956046	2994132
590750	389956047	42
590750	389956048	1151
590750	389956049	1
590750	389956050	5
590750	389956051	373
590750	389956052	579
590750	389956053	1308
590750	389956054	118
590750	389956055	12335
590750	389956056	5
590750	389956057	118
590750	389956058	2292
590750	389956059	358
590750	389956060	14
590750	389956061	1
590750	389956062	99
590750	389956063	421
590750	389956064	154
590750	389956065	24
590750	389956066	166
590750	389956067	63599
590750	389956068	8914
590750	389956069	1
590750	389956070	38
590750	389956071	7
590750	389956072	1528
590750	389956073	71666
590750	389956074	107799
590750	389956075	107799
590750	389956076	107799
590750	389956077	107799
590750	389956078	107799
590750	389956079	107799
590750	389956080	107799
590750	389956081	107799
590750	389956082	107799
590750	389956083	107799
590750	389956084	942
590750	389956085	269
590750	389956086	4811
590750	389956087	69628
590750	389956088	80
590750	389956089	817
590750	389956090	4
590750	389956091	303246
590750	389956092	4
590750	389956093	22
590750	389956094	217
590750	389956095	582
590750	389956096	2
590750	389956097	4446
590750	389956098	116
590750	389956099	175670
590750	389956100	34852
590750	389956101	1
590750	389956102	7
590750	389956103	77
590750	389956104	96
590750	389956105	376
590750	389956106	230
590750	389956107	2968
590750	389956108	70
590750	389956109	7
590750	389956110	278
590750	389956111	5689
590750	389956112	1068
590750	389956113	6
590750	389956114	85
590750	389956115	1
590750	389956116	55
590750	389956117	689
590750	389956118	7491
590750	389956119	6
590750	389956120	3
590750	389956121	864
590750	389956122	6
590750	389956123	1531
590750	389956124	21713
590750	389956125	5
590750	389956126	44110
590750	389956127	1
590750	389956128	5
590750	389956129	3
590750	389956130	8079
590750	389956131	6
590750	389956132	1531
590750	389956133	4395
590750	389956134	1
590750	389956135	1138
590750	389956136	1
590750	389956137	5
590750	389956138	7952
590750	389956139	8741
590750	389956140	4172
590750	389956141	1715
590750	389956142	43
590750	389956143	2739692
590750	389956144	2
590750	389956145	269104
590750	389956146	639
590750	389956147	9
590750	389956148	30
590750	389956149	6
590750	389956150	114
590750	389956151	2029
590750	389956152	26
590750	389956153	461
590750	389956154	12
590750	389956155	305
590750	389956156	1
590750	389956157	11
590750	389956158	16
590750	389956159	238
590750	389956160	11
590750	389956161	3
590750	389956162	10475
590750	389956163	1
590750	389956164	8802
590750	389956165	34065
590750	389956166	1
590750	389956167	33562
590750	389956168	1
590750	389956169	6901
590750	389956170	6
590750	389956171	3
590750	389956172	21072
590750	389956173	1027587
590750	389956174	5
590750	389956175	263906
590750	389956176	6
590750	389956177	3
590750	389956178	1531
590750	389956179	4182
590750	389956180	85
590750	389956181	4
590750	389956182	742
590750	389956183	6
590750	389956184	3
590750	389956185	321
590750	389956186	3132
590750	389956187	6
590750	389956188	179
590750	389956189	1206
590750	389956190	59
590750	389956191	3
590750	389956192	26528
590750	389956193	1
590750	389956194	5
590750	389956195	275
590750	389956196	3
590750	389956197	2254
590750	389956198	6
590750	389956199	2216
590750	389956200	6
590750	389956201	3
590750	389956202	20674
590750	389956203	26
590750	389956204	5
590750	389956205	9775
590750	389956206	66
590750	389956207	142
590750	389956208	857
590750	389956209	189
590750	389956210	4774
590750	389956211	9
590750	389956212	297
590750	389956213	6108
590750	389956214	15
590750	389956215	7
590750	389956216	950
590750	389956217	534
590750	389956218	33
590750	389956219	3981
590750	389956220	5639
590750	389956221	24323
590750	389956222	49847
590750	389956223	15
590750	389956224	66
590750	389956225	5398
590750	389956226	2
590750	389956227	2509
590750	389956228	1
590750	389956229	1221
590750	389956230	1
590750	389956231	8
590750	389956232	2185
590750	389956233	94441
590750	389956234	10275
590750	389956235	6
590750	389956236	55590
590750	389956237	6695
590750	389956238	45
590750	389956239	1315
590750	389956240	70134
590750	389956241	1
590750	389956242	11
590750	389956243	3
590750	389956244	1775
590750	389956245	6
590750	389956246	125811
590750	389956247	1
590750	389956248	218
590750	389956249	12
590750	389956250	2068
590750	389956251	306
590750	389956252	17
590750	389956253	22865
590750	389956254	28267
590750	389956255	15
590750	389956256	3
590750	389956257	240
590750	389956258	537
590750	389956259	6
590750	389956260	16
590750	389956261	7339
590750	389956262	6
590750	389956263	3
590750	389956264	1862428
590750	389956265	12493
590750	389956266	1
590750	389956267	45
590750	389956268	51
590750	389956269	12
590750	389956270	35676
590750	389956271	25
590750	389956272	3
590750	389956273	4154
590750	389956274	5866
590750	389956275	107799
590750	389956276	107799
590750	389956277	107799
590750	389956278	107799
590750	389956279	107799
590750	389956280	107799
590750	389956281	107799
590750	389956282	107799
590750	389956283	107799
590750	389956284	107799
590750	389956285	113
590750	389956286	362
590750	389956287	6
590750	389956288	7447
590750	389956289	1333
590750	389956290	251
590750	389956291	24
590750	389956292	662
590750	389956293	65
590750	389956294	14
590750	389956295	305
590750	389956296	1
590750	389956297	38
590750	389956298	14
590750	389956299	1902
590750	389956300	25
590750	389956301	21
590750	389956302	80
590750	389956303	24
590750	389956304	246031
590750	389956305	113
590750	389956306	1886384
590750	389956307	6
590750	389956308	14
590750	389956309	96
590750	389956310	21
590750	389956311	8156
590750	389956312	32
590750	389956313	3
590750	389956314	3106
590750	389956315	6
590750	389956316	3
590750	389956317	12493
590750	389956318	1
590750	389956319	55
590750	389956320	11
590750	389956321	164
590750	389956322	302
590750	389956323	1
590750	389956324	25
590750	389956325	21
590750	389956326	80
590750	389956327	24
590750	389956328	9051
590750	389956329	49
590750	389956330	2962581
590750	389956331	8
590750	389956332	2185
590750	389956333	43
590750	389956334	5
590750	389956335	84
590750	389956336	2573
590750	389956337	15
590750	389956338	3
590750	389956339	2281
590750	389956340	85844
590750	389956341	1
590750	389956342	274604
590750	389956343	20
590750	389956344	118
590750	389956345	11916
590750	389956346	12539
590750	389956347	1
590750	389956348	239
590750	389956349	3
590750	389956350	2615
590750	389956351	2175
590750	389956352	1
590750	389956353	51
590750	389956354	99
590750	389956355	3434
590750	389956356	6038
590750	389956357	11
590750	389956358	16
590750	389956359	10513
590750	389956360	1
590750	389956361	3
590750	389956362	9362
590750	389956363	1919467
590750	389956364	1
590750	389956365	8
590750	389956366	157
590750	389956367	798
590750	389956368	9
590750	389956369	4430
590750	389956370	25
590750	389956371	3
590750	389956372	4420
590750	389956373	35157
590750	389956374	6
590750	389956375	3
590750	389956376	614
590750	389956377	433
590750	389956378	96
590750	389956379	200859
590750	389956380	3
590750	389956381	17874
590750	389956382	6
590750	389956383	3
590750	389956384	27229
590750	389956385	1
590750	389956386	5
590750	389956387	11
590750	389956388	35
590750	389956389	1430
590750	389956390	1751
590750	389956391	278
590750	389956392	1762
590750	389956393	16
590750	389956394	6619
590750	389956395	2
590750	389956396	4
590750	389956397	67
590750	389956398	2111
590750	389956399	533
590750	389956400	1
590750	389956401	6901
590750	389956402	6
590750	389956403	3
590750	389956404	21842
590750	389956405	7830
590750	389956406	6
590750	389956407	17624
590750	389956408	9438
590750	389956409	9
590750	389956410	12581
590750	389956411	3
590750	389956412	2292
590750	389956413	6
590750	389956414	3
590750	389956415	338
590750	389956416	2210461
590750	389956417	1
590750	389956418	24
590750	389956419	15
590750	389956420	3
590750	389956421	152
590750	389956422	1531
590750	389956423	31294
590750	389956424	32
590750	389956425	136
590750	389956426	1
590750	389956427	38
590750	389956428	15
590750	389956429	3
590750	389956430	4
590750	389956431	146863
590750	389956432	6
590750	389956433	7
590750	389956434	2113
590750	389956435	524
590750	389956436	4
590750	389956437	64866
590750	389956438	305
590750	389956439	85
590750	389956440	1177688
590750	389956441	749
590750	389956442	11498
590750	389956443	15
590750	389956444	3
590750	389956445	7081
590750	389956446	6578
590750	389956447	25
590750	389956448	3
590750	389956449	4477
590750	389956450	6
590750	389956451	3
590750	389956452	13480
590750	389956453	80
590750	389956454	30
590750	389956455	1724
590750	389956456	13357
590750	389956457	3
590750	389956458	11431
590750	389956459	17466
590750	389956460	156
590750	389956461	130
590750	389956462	3
590750	389956463	1896225
590750	389956464	12493
590750	389956465	2
590750	389956466	8
590750	389956467	281
590750	389956468	1
590750	389956469	588
590750	389956470	1
590750	389956471	121
590750	389956472	59
590750	389956473	36676
590750	389956474	25
590750	389956475	42
590750	389956476	107799
590750	389956477	107799
590750	389956478	107799
590750	389956479	107799
590750	389956480	107799
590750	389956481	107799
590750	389956482	107799
590750	389956483	107799
590750	389956484	107799
590750	389956485	107799
590750	389956486	6
590750	389956487	90
590750	389956488	2113
590750	389956489	11987
590750	389956490	2
590750	389956491	316
590750	389956492	351
590750	389956493	1
590750	389956494	339
590750	389956495	1
590750	389956496	8
590750	389956497	61
590750	389956498	24
590750	389956499	6642
590750	389956500	196
590750	389956501	165
590750	389956502	7
590750	389956503	5687
590750	389956504	91
590750	389956505	30
590750	389956506	5310
590750	389956507	2
590750	389956508	31
590750	389956509	582
590750	389956510	11
590750	389956511	13799
590750	389956512	22
590750	389956513	823
590750	389956514	7
590750	389956515	582
590750	389956516	20
590750	389956517	5836
590750	389956518	2
590750	389956519	52
590750	389956520	251
590750	389956521	24
590750	389956522	9395
590750	389956523	15
590750	389956524	51989
590750	389956525	2335
590750	389956526	1
590750	389956527	436
590750	389956528	15
590750	389956529	3
590750	389956530	984
590750	389956531	7339
590750	389956532	6
590750	389956533	3
590750	389956534	15585
590750	389956535	6
590750	389956536	3
590750	389956537	2428
590750	389956538	2
590750	389956539	52
590750	389956540	22
590750	389956541	7
590750	389956542	1528
590750	389956543	582
590750	389956544	47
590750	389956545	15
590750	389956546	3
590750	389956547	2292
590750	389956548	6
590750	389956549	7
590750	389956550	338
590750	389956551	1861305
590750	389956552	3
590750	389956553	338
590750	389956554	2364571
590750	389956555	76
590750	389956556	1861303
590750	389956557	9
590750	389956558	671
590750	389956559	3
590750	389956560	449
590750	389956561	601
590750	389956562	118
590750	389956563	51121
590750	389956564	8148
590750	389956565	2
590750	389956566	8
590750	389956567	135
590750	389956568	976
590750	389956569	367
590750	389956570	213
590750	389956571	6
590750	389956572	10369
590750	389956573	15
590750	389956574	73801
590750	389956575	3
590750	389956576	2292
590750	389956577	6
590750	389956578	3
590750	389956579	302
590750	389956580	13794
590750	389956581	1
590750	389956582	17482
590750	389956583	1
590750	389956584	5
590750	389956585	6178
590750	389956586	23388
590750	389956587	1
590750	389956588	11
590750	389956589	3
590750	389956590	12493
590750	389956591	6
590750	389956592	978
590750	389956593	17
590750	389956594	17624
590750	389956595	9438
590750	389956596	1
590750	389956597	51
590750	389956598	11551
590750	389956599	114
590750	389956600	7035
590750	389956601	1
590750	389956602	518
590750	389956603	3
590750	389956604	302
590750	389956605	1
590750	389956606	1977215
590750	389956607	5
590750	389956608	11519
590750	389956609	5
590750	389956610	52147
590750	389956611	13919
590750	389956612	11
590750	389956613	3
590750	389956614	1862428
590750	389956615	12493
590750	389956616	2
590750	389956617	31
590750	389956618	1550
590750	389956619	3438
590750	389956620	44
590750	389956621	30
590750	389956622	107
590750	389956623	236
590750	389956624	5370
590750	389956625	5
590750	389956626	5383
590750	389956627	257
590750	389956628	3
590750	389956629	1417
590750	389956630	2
590750	389956631	926
590750	389956632	126056
590750	389956633	1
590750	389956634	642
590750	389956635	14377
590750	389956636	3
590750	389956637	1531
590750	389956638	1418
590750	389956639	55
590750	389956640	24
590750	389956641	1
590750	389956642	91
590750	389956643	226
590750	389956644	117
590750	389956645	822
590750	389956646	96
590750	389956647	54
590750	389956648	81
590750	389956649	139
590750	389956650	65
590750	389956651	7
590750	389956652	12493
590750	389956653	1902
590750	389956654	262
590750	389956655	14
590750	389956656	305
590750	389956657	25
590750	389956658	1358
590750	389956659	638
590750	389956660	223
590750	389956661	1977215
590750	389956662	55
590750	389956663	2
590750	389956664	9844
590750	389956665	113
590750	389956666	13919
590750	389956667	11
590750	389956668	7447
590750	389956669	1333
590750	389956670	2575
590750	389956671	11
590750	389956672	3
590750	389956673	950
590750	389956674	585
590750	389956675	18506
590750	389956676	20
590750	389956677	107799
590750	389956678	107799
590750	389956679	107799
590750	389956680	107799
590750	389956681	107799
590750	389956682	107799
590750	389956683	107799
590750	389956684	107799
590750	389956685	107799
590750	389956686	107799
590750	389956687	252280
590750	389956688	209351
590750	389956689	19009
590750	389956690	3
590750	389956691	12493
590750	389956692	22
590750	389956693	28503
590750	389956694	1
590750	389956695	5
590750	389956696	54
590750	389956697	30960
590750	389956698	9
590750	389956699	132
590750	389956700	65
590750	389956701	252280
590750	389956702	4747
590750	389956703	210
590750	389956704	44962
590750	389956705	15
590750	389956706	3
590750	389956707	1329949
590750	389956708	1068
590750	389956709	55
590750	389956710	133
590750	389956711	5177
590750	389956712	6
590750	389956713	325
590750	389956714	55
590750	389956715	3951
590750	389956716	2
590750	389956717	4
590750	389956718	178
590750	389956719	1086
590750	389956720	91
590750	389956721	994
590750	389956722	2128
590750	389956723	210
590750	389956724	252280
590750	389956725	21
590750	389956726	198
590750	389956727	171
590750	389956728	72
590750	389956729	28
590750	389956730	585
590750	389956731	2
590750	389956732	178
590750	389956733	21
590750	389956734	91
590750	389956735	24
590750	389956736	1
590750	389956737	3025
590750	389956738	22
590750	389956739	310
590750	389956740	72
590750	389956741	2
590750	389956742	31
590750	389956743	5836
590750	389956744	6
590750	389956745	165
590750	389956746	7
590750	389956747	582
590750	389956748	44
590750	389956749	30
590750	389956750	38
590750	389956751	7
590750	389956752	37815
590750	389956753	6542
590750	389956754	6
590750	389956755	114
590750	389956756	857
590750	389956757	5
590750	389956758	114
590750	389956759	1077
590750	389956760	2
590750	389956761	4
590750	389956762	246
590750	389956763	1
590750	389956764	588
590750	389956765	14
590750	389956766	198
590750	389956767	235
590750	389956768	15
590750	389956769	46
590750	389956770	26
590750	389956771	54
590750	389956772	198
590750	389956773	63
590750	389956774	9
590750	389956775	110125
590750	389956776	3
590750	389956777	2292
590750	389956778	6
590750	389956779	4
590750	389956780	798
590750	389956781	1
590750	389956782	17482
590750	389956783	1
590750	389956784	5
590750	389956785	6178
590750	389956786	23388
590750	389956787	1
590750	389956788	4
590750	389956789	104
590750	389956790	1315
590750	389956791	35675
590750	389956792	36
590750	389956793	30012
590750	389956794	108
590750	389956795	3
590750	389956796	966
590750	389956797	30
590750	389956798	5123
590750	389956799	1
590750	389956800	5
590750	389956801	12287
590750	389956802	3
590750	389956803	7035
590750	389956804	6
590750	389956805	7
590750	389956806	1826
590750	389956807	251
590750	389956808	24
590750	389956809	1306
590750	389956810	17
590750	389956811	14
590750	389956812	7
590750	389956813	4821
590750	389956814	6
590750	389956815	3
590750	389956816	9921
590750	389956817	6
590750	389956818	118
590750	389956819	7583
590750	389956820	2
590750	389956821	2996
590750	389956822	1
590750	389956823	3148
590750	389956824	3602
590750	389956825	1
590750	389956826	44
590750	389956827	30
590750	389956828	7
590750	389956829	3706
590750	389956830	19558
590750	389956831	15
590750	389956832	3
590750	389956833	3423
590750	389956834	6
590750	389956835	17624
590750	389956836	9438
590750	389956837	2
590750	389956838	313
590750	389956839	4954
590750	389956840	36
590750	389956841	1826
590750	389956842	3488
590750	389956843	4810
590750	389956844	4812
590750	389956845	49872
590750	389956846	3
590750	389956847	19558
590750	389956848	6
590750	389956849	2996
590750	389956850	45
590750	389956851	3
590750	389956852	2615
590750	389956853	2175
590750	389956854	1
590750	389956855	100
590750	389956856	3
590750	389956857	978
590750	389956858	6
590750	389956859	34193
590750	389956860	10
590750	389956861	9767
590750	389956862	11
590750	389956863	94922
590750	389956864	2
590750	389956865	443
590750	389956866	2861
590750	389956867	3247707
590750	389956868	2067
590750	389956869	6
590750	389956870	13057
590750	389956871	123800
590750	389956872	1
590750	389956873	313
590750	389956874	4954
590750	389956875	36
590750	389956876	1826
590750	389956877	91
590750	389956878	107799
590750	389956879	107799
590750	389956880	107799
590750	389956881	107799
590750	389956882	107799
590750	389956883	107799
590750	389956884	107799
590750	389956885	107799
590750	389956886	107799
590750	389956887	107799
590750	389956888	75
590750	389956889	15
590750	389956890	3
590750	389956891	950
590750	389956892	566
590750	389956893	32
590750	389956894	4691
590750	389956895	1
590750	389956896	20
590750	389956897	43
590750	389956898	91866
590750	389956899	89
590750	389956900	3
590750	389956901	2292
590750	389956902	6
590750	389956903	7
590750	389956904	2108992
590750	389956905	1
590750	389956906	51
590750	389956907	99
590750	389956908	38
590750	389956909	82
590750	389956910	10534
590750	389956911	1
590750	389956912	198
590750	389956913	8855
590750	389956914	1
590750	389956915	38
590750	389956916	91
590750	389956917	1358
590750	389956918	36867
590750	389956919	436
590750	389956920	31701
590750	389956921	3
590750	389956922	6022
590750	389956923	6
590750	389956924	3
590750	389956925	2615
590750	389956926	2175
590750	389956927	40
590750	389956928	3
590750	389956929	4041
590750	389956930	6
590750	389956931	1869
590750	389956932	2
590750	389956933	160
590750	389956934	3
590750	389956935	302
590750	389956936	6
590750	389956937	116
590750	389956938	3116969
590750	389956939	3
590750	389956940	1418
590750	389956941	6
590750	389956942	3
590750	389956943	22899
590750	389956944	6
590750	389956945	2485626
590750	389956946	4
590750	389956947	10865
590750	389956948	25
590750	389956949	17624
590750	389956950	9438
590750	389956951	1
590750	389956952	223
590750	389956953	8643
590750	389956954	40
590750	389956955	232
590750	389956956	18308
590750	389956957	8267
590750	389956958	11
590750	389956959	7447
590750	389956960	1333
590750	389956961	1
590750	389956962	4945
590750	389956963	3
590750	389956964	82698
590750	389956965	11536
590750	389956966	4
590750	389956967	19
590750	389956968	31
590750	389956969	1936
590750	389956970	1826
590750	389956971	305
590750	389956972	14
590750	389956973	251
590750	389956974	24
590750	389956975	2
590750	389956976	13565
590750	389956977	14
590750	389956978	44011
590750	389956979	17
590750	389956980	776
590750	389956981	6
590750	389956982	66
590750	389956983	18308
590750	389956984	8267
590750	389956985	2
590750	389956986	13565
590750	389956987	14
590750	389956988	22
590750	389956989	1181
590750	389956990	15238
590750	389956991	11
590750	389956992	118
590750	389956993	4214
590750	389956994	5
590750	389956995	1164
590750	389956996	2
590750	389956997	13565
590750	389956998	14
590750	389956999	1120
590750	389957000	99074
590750	389957001	254
590750	389957002	52566
590750	389957003	2
590750	389957004	438
590750	389957005	43
590750	389957006	1
590750	389957007	116
590750	389957008	25666
590750	389957009	26020
590750	389957010	85
590750	389957011	4
590750	389957012	8588
590750	389957013	43
590750	389957014	30
590750	389957015	3
590750	389957016	585
590750	389957017	1
590750	389957018	84
590750	389957019	14
590750	389957020	1378412
590750	389957021	29303
590750	389957022	15
590750	389957023	7
590750	389957024	4821
590750	389957025	6
590750	389957026	66
590750	389957027	2894
590750	389957028	5866
590750	389957029	3901
590750	389957030	5803
590750	389957031	3907
590750	389957032	3
590750	389957033	903
590750	389957034	6022
590750	389957035	1
590750	389957036	15
590750	389957037	64
590750	389957038	3
590750	389957039	8267
590750	389957040	51
590750	389957041	42
590750	389957042	388
590750	389957043	2431
590750	389957044	1
590750	389957045	9390
590750	389957046	3
590750	389957047	2615
590750	389957048	2175
590750	389957049	70
590750	389957050	3989
590750	389957051	500
590750	389957052	45
590750	389957053	3
590750	389957054	120
590750	389957055	244
590750	389957056	3846
590750	389957057	105
590750	389957058	1
590750	389957059	275
590750	389957060	113
590750	389957061	1393
590750	389957062	1
590750	389957063	9
590750	389957064	13832
590750	389957065	3
590750	389957066	2128
590750	389957067	6
590750	389957068	7
590750	389957069	690
590750	389957070	6
590750	389957071	7583
590750	389957072	11
590750	389957073	7447
590750	389957074	1333
590750	389957075	2
590750	389957076	31
590750	389957077	177469
590750	389957078	6
590750	389957079	107799
590750	389957080	107799
590750	389957081	107799
590750	389957082	107799
590750	389957083	107799
590750	389957084	107799
590750	389957085	107799
590750	389957086	107799
590750	389957087	107799
590750	389957088	107799
590750	389957089	17624
590750	389957090	9438
590750	389957091	198
590750	389957092	3271
590750	389957093	9
590750	389957094	994
590750	389957095	723
590750	389957096	3
590750	389957097	2257
590750	389957098	5692
590750	389957099	3176
590750	389957100	6
590750	389957101	7447
590750	389957102	1333
590750	389957103	1
590750	389957104	3
590750	389957105	2615
590750	389957106	2175
590750	389957107	70
590750	389957108	7572
590750	389957109	3
590750	389957110	1545
590750	389957111	20
590750	389957112	64
590750	389957113	16473
590750	389957114	87
590750	389957115	9
590750	389957116	13832
590750	389957117	113
590750	389957118	7583
590750	389957119	1
590750	389957120	55
590750	389957121	9
590750	389957122	2177
590750	389957123	74
590750	389957124	3
590750	389957125	903
590750	389957126	6720
590750	389957127	113
590750	389957128	6
590750	389957129	3
590750	389957130	2175
590750	389957131	11
590750	389957132	46
590750	389957133	2724
590750	389957134	6
590750	389957135	66
590750	389957136	142
590750	389957137	8672
590750	389957138	2
590750	389957139	4
590750	389957140	201
590750	389957141	52395
590750	389957142	27408
590750	389957143	10
590750	389957144	3
590750	389957145	185
590750	389957146	6237
590750	389957147	15
590750	389957148	3
590750	389957149	12493
590750	389957150	11
590750	389957151	3
590750	389957152	2615
590750	389957153	2175
590750	389957154	32
590750	389957155	3
590750	389957156	87
590750	389957157	6
590750	389957158	118
590750	389957159	3579
590750	389957160	1
590750	389957161	5
590750	389957162	10
590750	389957163	16345
590750	389957164	11563
590750	389957165	45
590750	389957166	90
590750	389957167	6
590750	389957168	3
590750	389957169	583
590750	389957170	155
590750	389957171	11
590750	389957172	3
590750	389957173	411
590750	389957174	2
590750	389957175	1344
590750	389957176	14
590750	389957177	56
590750	389957178	6069
590750	389957179	25
590750	389957180	9390
590750	389957181	14
590750	389957182	182131
590750	389957183	3
590750	389957184	2615
590750	389957185	2175
590750	389957186	40
590750	389957187	20970
590750	389957188	7583
590750	389957189	1
590750	389957190	275
590750	389957191	113
590750	389957192	618
590750	389957193	1393
590750	389957194	1
590750	389957195	11
590750	389957196	7
590750	389957197	2724
590750	389957198	6
590750	389957199	1333
590750	389957200	159
590750	389957201	51
590750	389957202	66
590750	389957203	43676
590750	389957204	15
590750	389957205	2996
590750	389957206	5
590750	389957207	15659
590750	389957208	131
590750	389957209	1300
590750	389957210	1
590750	389957211	3
590750	389957212	22899
590750	389957213	1
590750	389957214	32
590750	389957215	3
590750	389957216	244
590750	389957217	87
590750	389957218	1
590750	389957219	12639
590750	389957220	17624
590750	389957221	9438
590750	389957222	9
590750	389957223	1734
590750	389957224	11
590750	389957225	3
590750	389957226	37151
590750	389957227	6
590750	389957228	64
590750	389957229	28
590750	389957230	18308
590750	389957231	8267
590750	389957232	11
590750	389957233	46
590750	389957234	3915
590750	389957235	1
590750	389957236	116
590750	389957237	25666
590750	389957238	23680
590750	389957239	3
590750	389957240	4383
590750	389957241	3543
590750	389957242	25
590750	389957243	121
590750	389957244	44
590750	389957245	24
590750	389957246	63
590750	389957247	56
590750	389957248	7
590750	389957249	950
590750	389957250	8430
590750	389957251	11
590750	389957252	3
590750	389957253	903
590750	389957254	10475
590750	389957255	354
590750	389957256	9522
590750	389957257	332
590750	389957258	118
590750	389957259	98036
590750	389957260	2
590750	389957261	160
590750	389957262	188
590750	389957263	4072
590750	389957264	14
590750	389957265	10
590750	389957266	390
590750	389957267	20
590750	389957268	5494
590750	389957269	25
590750	389957270	3
590750	389957271	22899
590750	389957272	97128
590750	389957273	17624
590750	389957274	9438
590750	389957275	9
590750	389957276	8643
590750	389957277	40
590750	389957278	179
590750	389957279	8267
590750	389957280	107799
590750	389957281	107799
590750	389957282	107799
590750	389957283	107799
590750	389957284	107799
590750	389957285	107799
590750	389957286	107799
590750	389957287	107799
590750	389957288	107799
590750	389957289	107799
590750	389957290	11
590750	389957291	7447
590750	389957292	1333
590750	389957293	2
590750	389957294	1582
590750	389957295	10
590750	389957296	3
590750	389957297	1177
590750	389957298	3711
590750	389957299	6
590750	389957300	3
590750	389957301	1826
590750	389957302	5
590750	389957303	183
590750	389957304	6
590750	389957305	3
590750	389957306	2615
590750	389957307	2175
590750	389957308	2
590750	389957309	178
590750	389957310	113
590750	389957311	20004
590750	389957312	99
590750	389957313	390
590750	389957314	238
590750	389957315	11
590750	389957316	46
590750	389957317	3711
590750	389957318	26
590750	389957319	104
590750	389957320	54
590750	389957321	729
590750	389957322	804
590750	389957323	704
590750	389957324	467
590750	389957325	1169
590750	389957326	2305
590750	389957327	7
590750	389957328	1993
590750	389957329	1
590750	389957330	14
590750	389957331	22
590750	389957332	252
590750	389957333	3
590750	389957334	6022
590750	389957335	6
590750	389957336	17624
590750	389957337	9438
590750	389957338	1
590750	389957339	24
590750	389957340	4585
590750	389957341	17
590750	389957342	13654
590750	389957343	1
590750	389957344	70
590750	389957345	39510
590750	389957346	32
590750	389957347	11300
590750	389957348	524
590750	389957349	1
590750	389957350	13919
590750	389957351	1
590750	389957352	5
590750	389957353	2084598
590750	389957354	2
590750	389957355	19706
590750	389957356	518
590750	389957357	3
590750	389957358	338
590750	389957359	54366
590750	389957360	108
590750	389957361	3
590750	389957362	553
590750	389957363	3410
590750	389957364	6
590750	389957365	3
590750	389957366	1936
590750	389957367	20674
590750	389957368	1
590750	389957369	54
590750	389957370	59
590750	389957371	2558
590750	389957372	15
590750	389957373	118
590750	389957374	11490
590750	389957375	26
590750	389957376	5
590750	389957377	9
590750	389957378	5232
590750	389957379	15
590750	389957380	53
590750	389957381	379
590750	389957382	92
590750	389957383	15
590750	389957384	903
590750	389957385	919
590750	389957386	92
590750	389957387	338
590750	389957388	2819120
590750	389957389	1
590750	389957390	23830
590750	389957391	17
590750	389957392	66
590750	389957393	1068
590750	389957394	6
590750	389957395	10938
590750	389957396	53631
590750	389957397	3611
590750	389957398	1
590750	389957399	4747
590750	389957400	4
590750	389957401	9
590750	389957402	63
590750	389957403	5
590750	389957404	9
590750	389957405	994
590750	389957406	4
590750	389957407	15
590750	389957408	66
590750	389957409	142
590750	389957410	1589
590750	389957411	5
590750	389957412	11300
590750	389957413	1044
590750	389957414	1
590750	389957415	79782
590750	389957416	1
590750	389957417	5
590750	389957418	361847
590750	389957419	1861307
590750	389957420	5
590750	389957421	15
590750	389957422	3
590750	389957423	26903
590750	389957424	6
590750	389957425	64
590750	389957426	398
590750	389957427	2
590750	389957428	67
590750	389957429	1
590750	389957430	11
590750	389957431	3534
590750	389957432	302
590750	389957433	1
590750	389957434	3
590750	389957435	903
590750	389957436	1826
590750	389957437	5
590750	389957438	903
590750	389957439	183
590750	389957440	80
590750	389957441	3903
590750	389957442	86
590750	389957443	165
590750	389957444	4
590750	389957445	37151
590750	389957446	4
590750	389957447	45
590750	389957448	113
590750	389957449	7249
590750	389957450	524
590750	389957451	2
590750	389957452	201
590750	389957453	582
590750	389957454	131
590750	389957455	30
590750	389957456	11301
590750	389957457	6080
590750	389957458	1
590750	389957459	5
590750	389957460	4783
590750	389957461	196326
590750	389957462	3
590750	389957463	183
590750	389957464	5
590750	389957465	11
590750	389957466	3
590750	389957467	183
590750	389957468	48
590750	389957469	1126478
590750	389957470	11
590750	389957471	3
590750	389957472	25370
590750	389957473	6
590750	389957474	20536
590750	389957475	2
590750	389957476	52
590750	389957477	22
590750	389957478	903
590750	389957479	347
590750	389957480	36
590750	389957481	107799
590750	389957482	107799
590750	389957483	107799
590750	389957484	107799
590750	389957485	107799
590750	389957486	107799
590750	389957487	107799
590750	389957488	107799
590750	389957489	107799
590750	389957490	107799
590750	389957491	86
590750	389957492	18233
590750	389957493	17125
590750	389957494	476
590750	389957495	4
590750	389957496	18086
590750	389957497	11
590750	389957498	3
590750	389957499	1003
590750	389957500	4
590750	389957501	6
590750	389957502	53
590750	389957503	2
590750	389957504	31
590750	389957505	329
590750	389957506	4309
590750	389957507	6
590750	389957508	560012
590750	389957509	3107
590750	389957510	80
590750	389957511	1135
590750	389957512	64
590750	389957513	179
590750	389957514	26051
590750	389957515	20
590750	389957516	178085
590750	389957517	2
590750	389957518	127
590750	389957519	91
590750	389957520	24
590750	389957521	63
590750	389957522	10938
590750	389957523	19911
590750	389957524	5
590750	389957525	4
590750	389957526	110792
590750	389957527	2471199
590750	389957528	4
590750	389957529	12568
590750	389957530	1622
590750	389957531	878575
590750	389957532	33
590750	389957533	114
590750	389957534	4904
590750	389957535	20319
590750	389957536	2
590750	389957537	127
590750	389957538	7724
590750	389957539	9
590750	389957540	30
590750	389957541	33
590750	389957542	2569
590750	389957543	6
590750	389957544	978
590750	389957545	5
590750	389957546	35231
590750	389957547	17
590750	389957548	64
590750	389957549	155
590750	389957550	26
590750	389957551	38
590750	389957552	3
590750	389957553	2296
590750	389957554	6
590750	389957555	3
590750	389957556	2035
590750	389957557	7249
590750	389957558	2694
590750	389957559	1
590750	389957560	104
590750	389957561	14
590750	389957562	30
590750	389957563	143
590750	389957564	9
590750	389957565	30
590750	389957566	3379
590750	389957567	45
590750	389957568	7
590750	389957569	4256
590750	389957570	6
590750	389957571	3
590750	389957572	4106
590750	389957573	6
590750	389957574	114
590750	389957575	142
590750	389957576	4904
590750	389957577	4454
590750	389957578	1
590750	389957579	45
590750	389957580	7
590750	389957581	10573
590750	389957582	108
590750	389957583	1744
590750	389957584	388
590750	389957585	55536
590750	389957586	11
590750	389957587	117
590750	389957588	1
590750	389957589	55
590750	389957590	166
590750	389957591	45
590750	389957592	7
590750	389957593	2459
590750	389957594	2428344
590750	389957595	22
590750	389957596	189
590750	389957597	2523
590750	389957598	20
590750	389957599	114
590750	389957600	3814
590750	389957601	2
590750	389957602	5244
590750	389957603	15
590750	389957604	3
590750	389957605	2351
590750	389957606	1418
590750	389957607	6
590750	389957608	116
590750	389957609	34852
590750	389957610	54
590750	389957611	198
590750	389957612	180
590750	389957613	321
590750	389957614	4297
590750	389957615	1
590750	389957616	9582
590750	389957617	85
590750	389957618	4
590750	389957619	201
590750	389957620	747
590750	389957621	858
590750	389957622	6
590750	389957623	209
590750	389957624	1
590750	389957625	640
590750	389957626	1
590750	389957627	23024
590750	389957628	14
590750	389957629	38
590750	389957630	3
590750	389957631	278
590750	389957632	1526
590750	389957633	9
590750	389957634	5985
590750	389957635	17
590750	389957636	1658
590750	389957637	705
590750	389957638	3
590750	389957639	906
590750	389957640	5
590750	389957641	2975
590750	389957642	6
590750	389957643	164
590750	389957644	5011
590750	389957645	1
590750	389957646	3
590750	389957647	15834
590750	389957648	42
590750	389957649	27446
590750	389957650	1
590750	389957651	5
590750	389957652	3
590750	389957653	4628
590750	389957654	51
590750	389957655	66
590750	389957656	7706
590750	389957657	4089
590750	389957658	9
590750	389957659	170041
590750	389957660	2
590750	389957661	119691
590750	389957662	47
590750	389957663	43
590750	389957664	908
590750	389957665	22
590750	389957666	1
590750	389957667	14
590750	389957668	22
590750	389957669	1161
590750	389957670	194
590750	389957671	62556
590750	389957672	1
590750	389957673	38
590750	389957674	3
590750	389957675	1494
590750	389957676	1039
590750	389957677	519
590750	389957678	730
590750	389957679	1
590750	389957680	5
590750	389957681	490
590750	389957682	107799
590750	389957683	107799
590750	389957684	107799
590750	389957685	107799
590750	389957686	107799
590750	389957687	107799
590750	389957688	107799
590750	389957689	107799
590750	389957690	107799
590750	389957691	107799
590750	389957692	22
590750	389957693	50
590750	389957694	3724
590750	389957695	1592
590750	389957696	1
590750	389957697	339
590750	389957698	26
590750	389957699	1161
590750	389957700	18899
590750	389957701	1178
590750	389957702	61535
590750	389957703	2
590750	389957704	462
590750	389957705	10286
590750	389957706	3
590750	389957707	249
590750	389957708	6
590750	389957709	114
590750	389957710	411
590750	389957711	11
590750	389957712	28
590750	389957713	13799
590750	389957714	17
590750	389957715	7
590750	389957716	2584
590750	389957717	11987
590750	389957718	22
590750	389957719	24
590750	389957720	9
590750	389957721	8808
590750	389957722	632
590750	389957723	26
590750	389957724	14
590750	389957725	22
590750	389957726	9
590750	389957727	8808
590750	389957728	148
590750	389957729	14770
590750	389957730	30232
590750	389957731	135
590750	389957732	24
590750	389957733	30
590750	389957734	310
590750	389957735	1
590750	389957736	38
590750	389957737	92
590750	389957738	104
590750	389957739	632
590750	389957740	22
590750	389957741	2558
590750	389957742	108
590750	389957743	117
590750	389957744	54
590750	389957745	135
590750	389957746	30
590750	389957747	832
590750	389957748	9
590750	389957749	688
590750	389957750	118
590750	389957751	11692
590750	389957752	2
590750	389957753	2064
590750	389957754	439
590750	389957755	5220
590750	389957756	22
590750	389957757	9
590750	389957758	19260
590750	389957759	632
590750	389957760	1
590750	389957761	24
590750	389957762	9
590750	389957763	7205
590750	389957764	14
590750	389957765	2
590750	389957766	462
590750	389957767	19260
590750	389957768	14
590750	389957769	45
590750	389957770	2003
590750	389957771	25
590750	389957772	54
590750	389957773	59
590750	389957774	1377
590750	389957775	6
590750	389957776	114
590750	389957777	857
590750	389957778	1
590750	389957779	5
590750	389957780	59
590750	389957781	24
590750	389957782	9
590750	389957783	30
590750	389957784	2319
590750	389957785	40
590750	389957786	14
590750	389957787	45
590750	389957788	15711
590750	389957789	55
590750	389957790	6805
590750	389957791	2
590750	389957792	237
590750	389957793	325
590750	389957794	40
590750	389957795	10111
590750	389957796	1
590750	389957797	78
590750	389957798	116
590750	389957799	6562
590750	389957800	1
590750	389957801	79
590750	389957802	728
590750	389957803	5212
590750	389957804	7
590750	389957805	11654
590750	389957806	47
590750	389957807	54
590750	389957808	70
590750	389957809	382
590750	389957810	117
590750	389957811	1
590750	389957812	11
590750	389957813	16
590750	389957814	3093
590750	389957815	3
590750	389957816	164
590750	389957817	138
590750	389957818	1
590750	389957819	483
590750	389957820	74
590750	389957821	43
590750	389957822	4718
590750	389957823	2
590750	389957824	37
590750	389957825	16670
590750	389957826	3
590750	389957827	62726
590750	389957828	457
590750	389957829	6
590750	389957830	35
590750	389957831	81953
590750	389957832	4432
590750	389957833	759
590750	389957834	1086
590750	389957835	1
590750	389957836	78
590750	389957837	43
590750	389957838	22
590750	389957839	16
590750	389957840	338
590750	389957841	1
590750	389957842	24
590750	389957843	1123
590750	389957844	1
590750	389957845	79
590750	389957846	76926
590750	389957847	3
590750	389957848	1592
590750	389957849	108
590750	389957850	203
590750	389957851	1371
590750	389957852	96
590750	389957853	3
590750	389957854	1970
590750	389957855	17
590750	389957856	51
590750	389957857	8
590750	389957858	23484
590750	389957859	28
590750	389957860	15834
590750	389957861	1
590750	389957862	5
590750	389957863	3
590750	389957864	3426
590750	389957865	1432
590750	389957866	8
590750	389957867	7560
590750	389957868	1
590750	389957869	47
590750	389957870	8
590750	389957871	157
590750	389957872	11107
590750	389957873	25
590750	389957874	35
590750	389957875	411
590750	389957876	22
590750	389957877	520
590750	389957878	1
590750	389957879	25
590750	389957880	21
590750	389957881	80
590750	389957882	5211
590750	389957883	107799
590750	389957884	107799
590750	389957885	107799
590750	389957886	107799
590750	389957887	107799
590750	389957888	107799
590750	389957889	107799
590750	389957890	107799
590750	389957891	107799
590750	389957892	107799
590750	389957893	7046
590750	389957894	221
590750	389957895	9
590750	389957896	213
590750	389957897	25
590750	389957898	43
590750	389957899	906
590750	389957900	6
590750	389957901	4072
590750	389957902	102
590750	389957903	44
590750	389957904	30
590750	389957905	3007
590750	389957906	45
590750	389957907	1086
590750	389957908	257
590750	389957909	7
590750	389957910	3805
590750	389957911	9
590750	389957912	2446
590750	389957913	3
590750	389957914	286956
590750	389957915	5943
590750	389957916	17
590750	389957917	3
590750	389957918	1610
590750	389957919	2
590750	389957920	307
590750	389957921	30
590750	389957922	14
590750	389957923	1
590750	389957924	339
590750	389957925	1
590750	389957926	104
590750	389957927	21
590750	389957928	99
590750	389957929	3
590750	389957930	15711
590750	389957931	9
590750	389957932	8464
590750	389957933	3
590750	389957934	36384
590750	389957935	102
590750	389957936	304
590750	389957937	202792
590750	389957938	108
590750	389957939	28
590750	389957940	2894
590750	389957941	5
590750	389957942	10356
590750	389957943	1
590750	389957944	518
590750	389957945	7
590750	389957946	10780
590750	389957947	1
590750	389957948	9
590750	389957949	10286
590750	389957950	7
590750	389957951	4598
590750	389957952	51
590750	389957953	3
590750	389957954	7046
590750	389957955	6789
590750	389957956	108
590750	389957957	46
590750	389957958	1484
590750	389957959	2
590750	389957960	178
590750	389957961	3
590750	389957962	21713
590750	389957963	5
590750	389957964	183
590750	389957965	6
590750	389957966	1086
590750	389957967	1
590750	389957968	11
590750	389957969	46
590750	389957970	682
590750	389957971	6
590750	389957972	12515
590750	389957973	137
590750	389957974	490
590750	389957975	18039
590750	389957976	11
590750	389957977	28
590750	389957978	1117
590750	389957979	1
590750	389957980	38605
590750	389957981	3
590750	389957982	798
590750	389957983	4072
590750	389957984	6
590750	389957985	114
590750	389957986	1077
590750	389957987	17
590750	389957988	3
590750	389957989	3805
590750	389957990	1
590750	389957991	9
590750	389957992	12806
590750	389957993	40
590750	389957994	3
590750	389957995	146863
590750	389957996	6
590750	389957997	598
590750	389957998	15
590750	389957999	46
590750	389958000	6
590750	389958001	1272
590750	389958002	1
590750	389958003	567
590750	389958004	53
590750	389958005	1218
590750	389958006	9
590750	389958007	14739
590750	389958008	66
590750	389958009	10690
590750	389958010	11
590750	389958011	3
590750	389958012	580
590750	389958013	6
590750	389958014	1489
590750	389958015	2
590750	389958016	8
590750	389958017	9457
590750	389958018	65
590750	389958019	8
590750	389958020	5946
590750	389958021	39
590750	389958022	1861303
590750	389958023	3
590750	389958024	183
590750	389958025	6
590750	389958026	43
590750	389958027	411
590750	389958028	21641
590750	389958029	86
590750	389958030	632
590750	389958031	17
590750	389958032	1086
590750	389958033	2
590750	389958034	1223
590750	389958035	77
590750	389958036	610
590750	389958037	3
590750	389958038	26519
590750	389958039	51
590750	389958040	165
590750	389958041	7
590750	389958042	33891
590750	389958043	44
590750	389958044	671
590750	389958045	17
590750	389958046	14
590750	389958047	26
590750	389958048	5
590750	389958049	795
590750	389958050	1
590750	389958051	32
590750	389958052	35
590750	389958053	87
590750	389958054	6
590750	389958055	150
590750	389958056	1
590750	389958057	5
590750	389958058	17
590750	389958059	3
590750	389958060	1489
590750	389958061	8
590750	389958062	70
590750	389958063	478
590750	389958064	1
590750	389958065	8
590750	389958066	157
590750	389958067	382
590750	389958068	3
590750	389958069	240
590750	389958070	9
590750	389958071	333
590750	389958072	17
590750	389958073	1858
590750	389958074	108
590750	389958075	165
590750	389958076	7
590750	389958077	3173
590750	389958078	2
590750	389958079	75
590750	389958080	54
590750	389958081	59
590750	389958082	24
590750	389958083	9
590750	389958084	107799
590750	389958085	107799
590750	389958086	107799
590750	389958087	107799
590750	389958088	107799
590750	389958089	107799
590750	389958090	107799
590750	389958091	107799
590750	389958092	107799
590750	389958093	107799
590750	389958094	11
590750	389958095	3
590750	389958096	1504
590750	389958097	1
590750	389958098	3204
590750	389958099	2584
590750	389958100	52639
590750	389958101	135
590750	389958102	111
590750	389958103	11
590750	389958104	3
590750	389958105	4800
590750	389958106	6
590750	389958107	66
590750	389958108	2975
590750	389958109	7
590750	389958110	57006
590750	389958111	3805
590750	389958112	9
590750	389958113	9644
590750	389958114	94
590750	389958115	25521
590750	389958116	2
590750	389958117	8
590750	389958118	5974
590750	389958119	170
590750	389958120	511
590750	389958121	17
590750	389958122	82
590750	389958123	3711
590750	389958124	3434
590750	389958125	13741
590750	389958126	45
590750	389958127	1315
590750	389958128	2247601
590750	389958129	1
590750	389958130	148
590750	389958131	65
590750	389958132	7
590750	389958133	1826
590750	389958134	99
590750	389958135	9
590750	389958136	2738
590750	389958137	22
590750	389958138	3
590750	389958139	1869
590750	389958140	6
590750	389958141	118
590750	389958142	1077
590750	389958143	2
590750	389958144	5
590750	389958145	65
590750	389958146	22
590750	389958147	30852
590750	389958148	3
590750	389958149	1466
590750	389958150	5
590750	389958151	2188
590750	389958152	6
590750	389958153	3
590750	389958154	411
590750	389958155	2
590750	389958156	129
590750	389958157	167
590750	389958158	1
590750	389958159	8
590750	389958160	3239
590750	389958161	1
590750	389958162	80
590750	389958163	194
590750	389958164	30
590750	389958165	114
590750	389958166	3301
590750	389958167	6
590750	389958168	1398
590750	389958169	1
590750	389958170	5
590750	389958171	273
590750	389958172	14
590750	389958173	4027
590750	389958174	15
590750	389958175	978
590750	389958176	1
590750	389958177	137
590750	389958178	554
590750	389958179	3
590750	389958180	1371
590750	389958181	26
590750	389958182	38
590750	389958183	104
590750	389958184	15
590750	389958185	632
590750	389958186	1
590750	389958187	54
590750	389958188	135
590750	389958189	688
590750	389958190	14
590750	389958191	47
590750	389958192	54
590750	389958193	198
590750	389958194	2
590750	389958195	127
590750	389958196	1072
590750	389958197	86
590750	389958198	3365
590750	389958199	1
590750	389958200	980
590750	389958201	7097
590750	389958202	55
590750	389958203	3434
590750	389958204	11
590750	389958205	1531
590750	389958206	1117
590750	389958207	1
590750	389958208	6
590750	389958209	43
590750	389958210	1658
590750	389958211	705
590750	389958212	15
590750	389958213	3
590750	389958214	1138
590750	389958215	6
590750	389958216	217
590750	389958217	2694
590750	389958218	1
590750	389958219	5
590750	389958220	6
590750	389958221	43
590750	389958222	166783
590750	389958223	940
590750	389958224	9
590750	389958225	2665
590750	389958226	900
590750	389958227	29381
590750	389958228	45
590750	389958229	9600
590750	389958230	3
590750	389958231	4072
590750	389958232	6
590750	389958233	4904
590750	389958234	11431
590750	389958235	2
590750	389958236	248
590750	389958237	1
590750	389958238	339
590750	389958239	1
590750	389958240	3
590750	389958241	183
590750	389958242	5
590750	389958243	3
590750	389958244	4182
590750	389958245	6
590750	389958246	1086
590750	389958247	1861354
590750	389958248	62021
590750	389958249	59
590750	389958250	2600
590750	389958251	3132
590750	389958252	11
590750	389958253	66
590750	389958254	37893
590750	389958255	6
590750	389958256	114
590750	389958257	411
590750	389958258	5
590750	389958259	28
590750	389958260	857
590750	389958261	2
590750	389958262	8
590750	389958263	157
590750	389958264	24
590750	389958265	294
590750	389958266	9
590750	389958267	16866
590750	389958268	3
590750	389958269	2569
590750	389958270	6
590750	389958271	12539
590750	389958272	137
590750	389958273	27580
590750	389958274	11909
590750	389958275	2
590750	389958276	103
590750	389958277	3612
590750	389958278	196
590750	389958279	8226
590750	389958280	2776
590750	389958281	2409
590750	389958282	26
590750	389958283	20
590750	389958284	11
590750	389958285	107799
590750	389958286	107799
590750	389958287	107799
590750	389958288	107799
590750	389958289	107799
590750	389958290	107799
590750	389958291	107799
590750	389958292	107799
590750	389958293	107799
590750	389958294	107799
590750	389958295	6
590750	389958296	3009
590750	389958297	4904
590750	389958298	13037
590750	389958299	1
590750	389958300	54
590750	389958301	70
590750	389958302	2845942
590750	389958303	776
590750	389958304	1081
590750	389958305	6311
590750	389958306	96
590750	389958307	179
590750	389958308	2
590750	389958309	4
590750	389958310	341
590750	389958311	82
590750	389958312	455
590750	389958313	54
590750	389958314	59
590750	389958315	1939
590750	389958316	7948
590750	389958317	1
590750	389958318	5
590750	389958319	3784
590750	389958320	2951
590750	389958321	1
590750	389958322	3
590750	389958323	12528
590750	389958324	3834
590750	389958325	3870
590750	389958326	6
590750	389958327	116
590750	389958328	51232
590750	389958329	2627469
590750	389958330	291
590750	389958331	16
590750	389958332	1936
590750	389958333	16917
590750	389958334	2
590750	389958335	208
590750	389958336	403
590750	389958337	906
590750	389958338	99
590750	389958339	56
590750	389958340	6509
590750	389958341	1
590750	389958342	5606
590750	389958343	1
590750	389958344	24214
590750	389958345	1
590750	389958346	5
590750	389958347	1408
590750	389958348	26
590750	389958349	9390
590750	389958350	46
590750	389958351	6
590750	389958352	313
590750	389958353	4954
590750	389958354	36
590750	389958355	44088
590750	389958356	99
590750	389958357	9262
590750	389958358	8572
590750	389958359	923
590750	389958360	3
590750	389958361	2457
590750	389958362	4574
590750	389958363	26
590750	389958364	5
590750	389958365	54
590750	389958366	59
590750	389958367	32
590750	389958368	7
590750	389958369	1683
590750	389958370	9
590750	389958371	3308
590750	389958372	51
590750	389958373	22
590750	389958374	3
590750	389958375	278
590750	389958376	7983
590750	389958377	1
590750	389958378	66
590750	389958379	43005
590750	389958380	55
590750	389958381	66
590750	389958382	99728
590750	389958383	2
590750	389958384	1624
590750	389958385	61
590750	389958386	54
590750	389958387	1851
590750	389958388	92
590750	389958389	11
590750	389958390	3
590750	389958391	215
590750	389958392	6
590750	389958393	116
590750	389958394	14078
590750	389958395	3
590750	389958396	4082
590750	389958397	6
590750	389958398	3
590750	389958399	2615
590750	389958400	2175
590750	389958401	80
590750	389958402	30
590750	389958403	11025
590750	389958404	15
590750	389958405	113
590750	389958406	1585
590750	389958407	16621
590750	389958408	26
590750	389958409	55
590750	389958410	25
590750	389958411	313
590750	389958412	4954
590750	389958413	36
590750	389958414	44088
590750	389958415	80
590750	389958416	299
590750	389958417	11
590750	389958418	29
590750	389958419	7
590750	389958420	1424
590750	389958421	2810
590750	389958422	13487
590750	389958423	96
590750	389958424	16
590750	389958425	23008
590750	389958426	2
590750	389958427	31
590750	389958428	403
590750	389958429	906
590750	389958430	6
590750	389958431	43
590750	389958432	4072
590750	389958433	1
590750	389958434	1308
590750	389958435	11
590750	389958436	1086
590750	389958437	5
590750	389958438	1333
590750	389958439	20876
590750	389958440	120
590750	389958441	1927
590750	389958442	9
590750	389958443	772
590750	389958444	122
590750	389958445	209
590750	389958446	85
590750	389958447	152
590750	389958448	1
590750	389958449	25
590750	389958450	1086
590750	389958451	1902
590750	389958452	9
590750	389958453	2628531
590750	389958454	26
590750	389958455	5
590750	389958456	104
590750	389958457	1562
590750	389958458	80
590750	389958459	24
590750	389958460	4890
590750	389958461	28
590750	389958462	6019
590750	389958463	1
590750	389958464	21
590750	389958465	80
590750	389958466	134
590750	389958467	7431
590750	389958468	263
590750	389958469	22205
590750	389958470	65
590750	389958471	153
590750	389958472	80
590750	389958473	115
590750	389958474	599
590750	389958475	14
590750	389958476	26
590750	389958477	5
590750	389958478	2289
590750	389958479	1
590750	389958480	25
590750	389958481	3
590750	389958482	1826
590750	389958483	5
590750	389958484	183
590750	389958485	6
590750	389958486	107799
590750	389958487	107799
590750	389958488	107799
590750	389958489	107799
590750	389958490	107799
590750	389958491	107799
590750	389958492	107799
590750	389958493	107799
590750	389958494	107799
590750	389958495	107799
590750	389958496	26
590750	389958497	5
590750	389958498	104
590750	389958499	1562
590750	389958500	80
590750	389958501	24
590750	389958502	5853
590750	389958503	49
590750	389958504	9
590750	389958505	7132
590750	389958506	1
590750	389958507	42
590750	389958508	80
590750	389958509	134
590750	389958510	7431
590750	389958511	263
590750	389958512	22205
590750	389958513	65
590750	389958514	153
590750	389958515	91
590750	389958516	115
590750	389958517	11
590750	389958518	3
590750	389958519	9720
590750	389958520	2
590750	389958521	127
590750	389958522	18
590750	389958523	4414
590750	389958524	9
590750	389958525	2738
590750	389958526	3
590750	389958527	33026
590750	389958528	582
590750	389958529	6
590750	389958530	1936
590750	389958531	1628613
590750	389958532	11
590750	389958533	3
590750	389958534	2615
590750	389958535	2175
590750	389958536	1
590750	389958537	38
590750	389958538	114
590750	389958539	1134
590750	389958540	35319
590750	389958541	117
590750	389958542	25
590750	389958543	3
590750	389958544	959
590750	389958545	131
590750	389958546	30
590750	389958547	2095
590750	389958548	259
590750	389958549	2
590750	389958550	160
590750	389958551	3579
590750	389958552	6
590750	389958553	3
590750	389958554	7447
590750	389958555	903
590750	389958556	582
590750	389958557	1
590750	389958558	54
590750	389958559	70
590750	389958560	1120
590750	389958561	9
590750	389958562	180
590750	389958563	1
590750	389958564	25
590750	389958565	3
590750	389958566	1826
590750	389958567	6
590750	389958568	3
590750	389958569	2615
590750	389958570	2175
590750	389958571	5
590750	389958572	3
590750	389958573	183
590750	389958574	6
590750	389958575	3
590750	389958576	2615
590750	389958577	2175
590750	389958578	59
590750	389958579	6
590750	389958580	82
590750	389958581	12710
590750	389958582	11
590750	389958583	46
590750	389958584	449
590750	389958585	26
590750	389958586	5
590750	389958587	5849
590750	389958588	1
590750	389958589	518
590750	389958590	7
590750	389958591	9377
590750	389958592	183
590750	389958593	54
590750	389958594	107499
590750	389958595	632
590750	389958596	1
590750	389958597	518
590750	389958598	7
590750	389958599	183
590750	389958600	169119
590750	389958601	6
590750	389958602	66
590750	389958603	1466
590750	389958604	1
590750	389958605	5
590750	389958606	1182
590750	389958607	15
590750	389958608	3
590750	389958609	1761
590750	389958610	6916
590750	389958611	6
590750	389958612	3
590750	389958613	582
590750	389958614	1
590750	389958615	54
590750	389958616	59
590750	389958617	1049
590750	389958618	1
590750	389958619	104
590750	389958620	345
590750	389958621	80
590750	389958622	14
590750	389958623	1
590750	389958624	108
590750	389958625	43
590750	389958626	4691
590750	389958627	4
590750	389958628	9
590750	389958629	1679
590750	389958630	799
590750	389958631	114
590750	389958632	76802
590750	389958633	91
590750	389958634	729
590750	389958635	804
590750	389958636	44859
590750	389958637	2
590750	389958638	4
590750	389958639	127
590750	389958640	80
590750	389958641	2443
590750	389958642	38
590750	389958643	82
590750	389958644	612
590750	389958645	6
590750	389958646	3443
590750	389958647	1
590750	389958648	15249
590750	389958649	1
590750	389958650	4
590750	389958651	3
590750	389958652	1869
590750	389958653	6
590750	389958654	114
590750	389958655	1077
590750	389958656	1
590750	389958657	5
590750	389958658	65
590750	389958659	22
590750	389958660	30852
590750	389958661	3
590750	389958662	1466
590750	389958663	5
590750	389958664	2188
590750	389958665	6
590750	389958666	3
590750	389958667	411
590750	389958668	2
590750	389958669	4
590750	389958687	107799
590750	389958688	107799
590750	389958689	107799
